"","number_of_peptides_A_3","number_of_peptides_B_3","number_of_peptides_A_2","number_of_peptides_B_1","number_of_peptides_A_1","number_of_peptides_B_2"
"1",19,17,13,10,12,14
"2",5,5,4,4,4,3
"3",33,40,27,33,21,31
"4",2,2,2,7,2,2
"6",11,9,6,5,4,5
"7",3,6,5,4,5,5
"8",10,9,5,4,6,9
"9",2,7,3,7,4,3
"12",34,41,21,30,25,30
"14",7,10,7,10,10,11
"16",3,2,4,1,3,4
"17",19,21,21,22,24,21
"18",45,52,36,41,39,43
"22",14,13,10,8,12,10
"23",4,4,1,2,1,3
"25",61,67,59,64,55,58
"26",5,3,3,3,2,3
"27",18,2,2,2,2,2
"28",25,26,27,24,20,25
"29",5,10,8,6,6,9
"30",3,1,3,3,2,1
"31",20,16,17,14,15,17
"32",94,57,90,59,83,63
"33",1,11,3,7,2,8
"34",16,15,17,11,16,20
"35",53,54,49,50,51,50
"36",3,3,1,4,3,1
"37",6,5,3,5,4,3
"38",3,4,3,4,3,3
"39",67,71,53,43,57,67
"40",21,4,16,18,1,16
"41",36,27,28,30,20,30
"42",50,53,39,46,41,48
"43",27,31,25,29,24,29
"44",43,43,34,37,35,42
"45",18,18,15,21,17,16
"46",8,5,7,4,7,4
"47",22,29,25,31,31,31
"48",5,7,4,9,6,5
"49",17,17,17,17,14,17
"50",4,3,2,4,2,2
"51",22,19,22,10,18,14
"52",5,4,4,3,4,4
"53",16,15,15,13,11,15
"54",10,12,6,5,6,11
"55",1,3,1,2,1,1
"56",408,438,374,406,366,404
"57",96,100,91,93,90,102
"59",258,268,229,249,231,251
"61",130,143,110,127,116,127
"62",6,6,6,8,6,7
"64",20,17,19,19,15,18
"65",75,67,66,68,60,63
"66",6,6,6,8,5,2
"67",2,4,2,7,2,3
"68",14,14,8,14,14,8
"69",5,4,4,4,4,7
"70",35,39,38,35,29,33
"71",304,331,275,316,281,296
"72",4,5,4,4,2,2
"73",23,32,29,27,25,25
"76",4,1,3,2,3,3
"77",5,5,6,6,5,4
"78",14,13,13,11,12,14
"79",21,19,15,20,16,17
"81",20,24,18,19,15,21
"82",4,3,15,3,3,3
"83",9,14,7,7,7,8
"84",29,33,27,29,26,27
"85",9,8,8,8,5,10
"86",5,5,1,3,0,3
"87",4,6,10,6,4,8
"88",110,120,99,127,111,116
"89",16,19,16,18,18,18
"90",4,3,2,3,2,2
"91",1,1,2,2,2,2
"92",1,2,1,1,1,2
"93",16,14,12,14,17,13
"94",9,9,10,10,9,11
"95",49,50,42,48,14,47
"96",25,22,18,18,13,23
"97",11,15,14,12,13,15
"98",7,7,4,6,5,4
"99",3,3,2,2,2,3
"100",6,9,8,10,8,10
"101",6,5,3,6,6,5
"102",3,6,5,5,2,4
"103",3,5,5,4,5,5
"104",7,12,7,7,8,6
"106",6,5,7,6,4,5
"107",33,40,35,35,31,35
"108",19,20,13,15,18,15
"109",5,6,4,5,7,9
"110",5,3,2,6,5,4
"111",0,1,1,3,2,1
"112",26,27,25,27,22,25
"113",12,7,6,8,7,6
"114",1,4,0,1,1,1
"115",63,69,56,60,63,60
"116",19,23,16,20,18,16
"117",7,10,3,7,3,3
"119",36,42,32,34,30,37
"120",1,4,1,2,2,1
"122",13,14,13,7,13,16
"123",27,26,21,26,17,21
"124",18,22,14,17,17,23
"125",5,6,8,8,5,5
"128",5,2,2,5,5,5
"129",8,13,11,9,9,12
"130",5,6,2,5,3,5
"131",2,3,1,1,1,3
"132",1,17,14,10,1,13
"133",15,15,14,11,18,14
"135",9,15,13,11,14,15
"136",9,12,7,10,6,12
"137",42,57,39,53,54,52
"138",3,2,4,3,3,2
"140",17,17,11,15,9,20
"141",3,4,5,4,2,4
"142",9,7,9,8,9,11
"143",1,1,1,14,14,11
"144",3,3,2,3,3,2
"145",23,19,26,15,24,15
"146",8,6,8,5,9,6
"147",23,22,17,17,17,18
"148",5,5,8,10,8,5
"149",9,9,5,10,9,10
"150",7,12,9,11,11,9
"152",14,16,10,11,9,10
"153",1,2,1,1,0,1
"154",9,10,4,11,7,12
"156",10,13,8,10,11,10
"157",7,5,8,8,7,6
"158",22,19,21,20,21,18
"159",8,11,8,5,4,8
"160",3,4,4,5,3,2
"161",5,5,5,6,5,7
"162",21,24,23,21,24,21
"163",9,9,8,9,10,6
"164",6,9,6,9,4,6
"165",6,9,8,9,5,7
"166",18,15,20,22,19,20
"167",5,5,6,5,6,7
"168",7,8,10,5,6,6
"169",2,3,3,3,3,3
"172",2,2,3,5,2,1
"173",11,12,10,11,12,11
"174",15,17,10,15,11,19
"175",8,8,9,7,11,7
"176",1,2,5,7,5,3
"178",9,7,10,11,7,6
"179",3,7,2,3,1,2
"180",26,25,23,23,25,25
"181",65,79,54,60,49,67
"184",6,11,8,17,14,15
"185",15,16,14,19,21,19
"186",32,34,28,29,25,31
"188",1,7,4,5,6,5
"190",7,8,6,6,7,5
"192",7,7,8,7,4,10
"193",6,7,7,7,6,5
"194",1,1,2,2,2,3
"195",8,7,5,5,4,8
"196",5,10,6,4,6,6
"197",2,2,3,2,0,2
"199",1,1,1,3,1,1
"200",5,4,4,8,7,7
"201",2,3,1,2,3,2
"202",12,21,20,15,14,12
"206",7,8,6,6,7,5
"207",1,1,1,1,1,1
"209",4,4,4,5,4,3
"210",2,3,2,4,3,5
"211",16,13,15,10,15,13
"212",3,4,3,3,4,3
"213",1,1,1,1,1,1
"214",7,6,7,5,4,5
"215",11,19,18,17,17,16
"217",13,18,16,23,17,18
"218",12,15,14,14,13,14
"219",14,10,5,7,6,9
"220",7,8,4,5,6,3
"221",4,2,1,2,3,1
"222",6,7,5,5,9,9
"223",6,3,5,4,3,2
"225",3,5,4,5,5,5
"226",9,11,10,9,11,10
"227",7,4,4,5,4,7
"228",3,3,3,3,5,1
"229",3,4,3,2,2,2
"230",2,3,2,2,1,2
"231",5,3,4,1,3,2
"232",35,32,25,36,28,32
"233",8,10,6,10,6,8
"234",6,6,4,7,2,4
"235",6,8,6,10,7,7
"237",1,3,2,2,2,2
"238",13,15,12,14,12,14
"239",18,26,23,21,19,20
"240",1,2,2,4,4,2
"242",2,1,3,2,1,3
"243",22,25,24,23,22,28
"244",7,5,8,4,11,9
"245",10,15,10,7,5,9
"246",19,21,24,22,13,21
"247",3,11,4,6,5,5
"248",3,4,4,5,3,4
"249",8,8,5,5,7,9
"250",55,53,45,51,42,38
"251",11,12,6,9,9,12
"252",15,15,13,12,10,16
"253",10,13,11,13,10,12
"254",6,6,5,3,3,4
"255",12,16,12,14,14,12
"257",2,2,2,2,1,1
"258",6,7,9,8,7,6
"259",13,14,15,9,9,9
"260",2,4,3,1,2,3
"262",6,8,5,6,3,5
"263",6,9,8,8,8,6
"264",19,15,17,19,13,14
"265",4,3,2,3,2,3
"266",17,16,15,17,16,22
"267",5,6,3,7,5,6
"269",13,12,14,16,12,13
"270",3,6,4,6,3,4
"271",6,6,3,4,4,4
"272",3,5,3,2,1,1
"275",3,3,4,5,2,3
"276",1,1,1,1,1,2
"277",8,8,7,11,10,9
"278",19,23,22,27,21,22
"279",109,104,90,100,100,104
"282",7,11,5,6,4,6
"283",9,10,10,9,10,11
"284",11,13,13,12,13,14
"285",5,9,8,6,7,7
"286",33,37,32,31,27,34
"287",4,5,2,3,4,2
"288",9,13,9,9,9,7
"289",4,3,3,3,1,2
"290",6,4,3,7,8,6
"291",10,9,6,6,7,8
"293",6,3,5,5,6,4
"294",14,11,11,9,11,12
"295",24,22,21,22,20,28
"296",24,24,23,28,26,24
"297",5,2,5,2,3,3
"299",4,4,2,2,3,3
"301",16,13,12,10,13,14
"302",5,4,1,2,2,2
"303",6,8,8,7,6,8
"304",2,3,2,2,3,2
"305",7,5,7,5,2,7
"306",25,30,22,27,27,27
"307",21,20,14,15,15,17
"308",9,14,6,9,7,8
"309",18,22,11,10,10,12
"310",23,22,16,14,16,19
"311",21,27,23,20,23,16
"314",10,5,9,8,8,8
"315",4,5,9,5,4,4
"316",53,55,57,64,54,59
"319",3,3,2,3,4,2
"320",9,10,7,8,5,12
"322",36,49,46,41,35,47
"323",2,2,1,2,2,2
"324",21,21,21,23,19,20
"325",9,9,4,11,7,8
"326",9,11,3,14,7,4
"327",3,2,6,7,8,7
"328",17,15,12,10,12,16
"329",8,8,6,3,6,9
"330",7,7,9,7,7,7
"331",8,8,12,11,11,12
"332",28,28,25,21,22,22
"333",3,1,3,3,1,1
"335",125,137,120,140,112,130
"336",1,2,3,6,1,1
"338",4,5,3,3,3,3
"340",21,23,22,24,17,19
"341",41,38,39,38,30,32
"342",5,4,5,5,5,9
"344",17,15,12,18,15,15
"345",12,11,12,11,13,15
"346",3,3,3,5,4,6
"347",3,2,2,3,4,2
"348",4,7,2,6,4,3
"351",8,5,6,8,5,8
"352",31,34,30,31,31,37
"353",6,14,6,13,10,9
"354",15,13,11,4,13,8
"356",11,10,11,7,8,11
"357",1,1,0,1,1,1
"359",13,6,10,10,10,9
"360",10,10,9,13,12,11
"361",26,33,34,28,21,26
"362",1,1,1,1,1,1
"363",3,4,1,3,3,4
"365",3,2,2,1,1,3
"366",7,7,4,18,8,18
"367",4,3,6,4,4,5
"369",4,4,6,5,7,4
"370",2,3,2,3,2,1
"371",9,13,11,9,9,8
"372",10,11,9,11,12,10
"374",9,7,8,5,4,5
"375",8,10,5,6,6,8
"376",13,18,13,15,18,16
"378",20,16,16,16,13,16
"379",8,9,6,9,6,6
"380",65,63,70,63,56,68
"381",2,4,3,2,3,4
"382",4,4,3,4,4,7
"383",4,6,5,4,6,7
"384",18,21,12,19,17,16
"386",2,2,2,2,2,2
"387",5,7,2,7,5,4
"388",22,22,20,19,21,23
"390",7,6,5,4,4,5
"391",7,6,4,2,4,6
"392",11,12,7,9,14,10
"393",14,12,12,12,11,15
"396",5,5,3,3,5,5
"397",13,10,8,7,10,12
"398",6,8,5,8,3,9
"399",5,4,3,5,3,6
"400",4,2,2,4,3,3
"401",3,3,5,4,2,4
"402",6,11,4,10,14,11
"403",10,10,6,9,3,8
"404",10,14,10,11,10,11
"405",50,51,41,44,40,49
"406",30,39,32,41,26,36
"407",4,8,4,5,7,9
"409",1,1,1,1,1,1
"410",1,4,2,2,2,1
"411",5,8,3,3,5,4
"412",5,5,3,4,3,4
"413",6,5,7,7,4,7
"414",1,1,2,1,2,1
"415",96,99,77,87,82,88
"416",8,9,7,6,5,8
"417",10,9,11,6,7,11
"418",5,6,3,6,5,5
"420",28,31,24,22,21,31
"421",17,13,17,15,12,13
"423",12,15,3,11,3,11
"424",2,2,3,3,2,7
"425",6,5,4,8,7,7
"427",17,19,16,18,17,11
"428",18,15,18,18,14,16
"429",11,11,8,8,7,8
"431",18,16,14,17,15,20
"432",6,7,6,6,3,4
"433",9,10,10,8,7,7
"434",3,4,6,3,2,5
"435",7,8,3,9,6,9
"436",2,3,4,6,3,4
"437",13,12,10,6,11,10
"438",17,19,17,13,16,18
"439",2,3,3,4,4,3
"440",19,15,17,11,13,14
"441",15,17,8,11,12,13
"442",12,12,8,11,11,13
"443",8,9,7,6,8,8
"444",5,3,6,7,9,7
"445",19,22,21,20,19,15
"446",20,15,12,13,14,16
"449",25,23,23,20,21,23
"450",37,41,30,33,30,30
"451",7,13,4,9,9,8
"452",10,12,11,15,13,12
"453",3,4,1,2,1,4
"455",4,8,8,4,4,10
"456",2,2,3,1,1,1
"457",8,7,8,7,6,9
"461",23,23,28,17,20,21
"462",7,5,7,8,2,4
"463",9,8,8,9,8,7
"464",2,4,2,4,3,3
"466",6,8,5,3,4,6
"467",26,30,28,27,23,21
"468",3,1,4,5,4,2
"469",16,11,15,15,10,13
"470",8,9,7,8,8,9
"472",3,7,6,5,3,7
"474",2,5,8,6,3,4
"475",4,1,2,4,1,2
"476",17,17,17,19,19,19
"479",4,2,2,3,4,5
"480",22,18,17,24,19,21
"481",6,9,8,13,10,13
"482",1,2,3,4,2,3
"483",9,11,9,10,8,11
"484",13,15,10,14,11,10
"486",2,1,1,1,1,1
"487",1,1,1,2,1,1
"488",5,4,4,2,4,3
"490",8,11,10,10,8,7
"491",26,25,24,21,15,20
"494",3,5,7,7,5,6
"495",27,27,30,25,30,33
"496",1,3,3,2,3,1
"498",15,14,16,10,14,15
"501",19,18,10,17,15,20
"502",7,9,10,11,7,4
"503",2,8,7,6,6,6
"504",1,1,1,2,2,1
"505",5,6,5,5,8,4
"506",14,10,9,11,6,8
"507",7,5,4,3,3,5
"509",2,2,3,3,4,2
"510",2,5,3,3,2,3
"512",18,22,17,17,16,15
"515",4,3,3,1,2,6
"516",4,5,6,5,3,5
"517",2,2,1,1,1,2
"518",6,7,10,5,7,8
"519",10,9,10,9,9,12
"520",11,12,11,14,15,13
"522",24,28,22,32,26,30
"523",12,15,12,15,14,14
"524",8,9,8,11,9,9
"525",38,31,26,35,26,33
"526",10,12,10,11,7,10
"527",9,7,8,9,10,8
"528",9,6,6,5,7,7
"529",7,12,9,5,9,10
"530",3,7,4,5,5,5
"531",3,4,1,0,2,2
"533",17,21,18,21,15,21
"535",8,10,7,9,7,13
"536",3,4,4,3,2,3
"537",7,8,4,2,2,5
"539",3,8,4,4,1,6
"540",8,1,3,2,4,4
"542",6,7,5,8,6,6
"544",14,11,3,5,8,10
"545",15,22,14,16,12,14
"546",1,1,5,1,2,2
"547",2,2,2,1,3,2
"548",92,87,74,87,80,84
"549",6,18,6,18,10,21
"550",2,4,4,2,3,3
"551",212,181,226,167,185,163
"552",249,202,247,189,213,181
"553",47,93,117,87,41,87
"554",22,25,17,24,16,24
"556",7,6,6,8,7,7
"557",5,7,4,6,4,6
"558",20,23,18,21,16,21
"559",5,4,5,6,4,5
"563",16,21,22,20,21,20
"564",29,18,28,19,27,20
"568",30,34,35,28,36,38
"569",13,14,10,11,10,12
"570",12,6,11,8,8,5
"571",9,9,8,9,7,9
"572",3,18,3,11,2,12
"573",4,4,3,4,4,2
"574",185,133,192,124,182,127
"575",89,106,96,92,85,100
"576",187,144,175,131,183,122
"577",6,6,4,4,4,5
"581",6,5,4,4,4,2
"583",24,20,30,25,31,25
"584",27,21,28,21,28,23
"585",30,27,27,25,23,24
"587",15,9,13,10,10,10
"588",12,7,13,2,10,4
"590",155,97,145,90,132,97
"591",228,147,208,124,193,140
"593",31,20,27,17,21,14
"594",4,3,5,2,3,2
"595",32,24,38,23,35,26
"597",67,42,58,39,61,43
"600",19,12,26,11,20,11
"602",1,9,0,8,1,7
"605",1,3,2,4,3,3
"607",5,6,4,4,5,3
"608",11,8,10,7,9,7
"609",64,68,55,66,55,65
"610",48,34,38,41,24,40
"611",40,45,36,41,35,38
"612",9,8,9,6,8,6
"613",2,6,1,4,2,7
"614",4,9,5,5,2,7
"615",16,9,16,14,13,10
"616",13,8,8,9,8,6
"617",16,11,16,10,12,13
"618",5,7,5,8,4,9
"619",65,70,62,61,64,72
"620",52,63,61,50,45,50
"621",6,4,8,2,10,2
"622",1,1,2,1,1,2
"625",60,54,50,52,53,56
"626",5,83,8,4,5,4
"628",18,45,20,46,22,46
"630",140,112,141,103,132,104
"635",13,7,11,5,14,5
"636",20,22,24,24,23,26
"637",22,10,17,8,21,7
"638",21,6,15,4,15,6
"639",143,151,125,131,118,144
"640",7,4,8,1,5,2
"642",13,16,12,9,13,14
"643",44,47,41,45,40,45
"644",32,27,32,27,38,26
"645",2,1,3,1,3,1
"647",25,26,26,27,23,29
"648",18,18,15,15,12,17
"649",245,253,219,253,226,238
"650",148,194,167,173,131,177
"651",6,5,3,5,4,7
"653",1,1,6,7,1,7
"654",10,7,10,6,13,8
"655",14,16,7,13,7,15
"656",4,2,4,4,3,4
"657",19,23,19,22,20,20
"658",25,21,26,17,27,18
"659",27,19,25,19,26,24
"661",93,69,87,54,82,60
"662",79,61,61,48,66,51
"663",19,21,15,18,18,18
"665",23,17,23,16,23,18
"666",8,9,8,9,6,9
"667",3,2,3,5,2,1
"668",5,10,2,3,3,4
"669",40,47,32,37,34,42
"670",5,2,3,3,4,4
"671",2,2,1,1,1,1
"672",31,27,29,26,30,28
"673",69,42,66,44,64,45
"676",13,10,15,11,7,13
"677",3,5,6,4,5,3
"678",26,27,25,26,20,24
"679",3,5,2,3,2,2
"680",29,32,28,34,28,29
"681",27,20,36,21,28,17
"682",2,2,3,3,3,3
"683",7,5,7,6,7,6
"684",3,3,3,3,4,3
"687",4,9,4,3,3,5
"688",26,35,25,20,25,25
"689",37,45,40,45,36,41
"690",3,4,3,4,2,5
"691",12,5,14,6,7,5
"692",63,67,65,66,62,67
"694",26,20,26,19,27,24
"695",31,19,31,22,27,22
"696",25,2,2,1,16,1
"697",11,6,9,11,11,5
"698",2,3,14,7,15,12
"699",19,11,17,12,18,12
"700",2,10,3,9,2,6
"701",18,17,21,14,21,14
"702",15,12,13,12,17,14
"703",11,9,12,9,13,8
"704",31,21,32,32,36,30
"705",16,9,14,1,2,2
"706",20,20,9,18,21,17
"707",32,31,32,29,32,35
"708",17,22,15,16,16,17
"709",7,5,6,6,8,6
"710",6,5,5,5,6,2
"711",11,10,12,11,15,7
"712",42,31,39,19,35,22
"713",4,2,7,1,4,1
"714",13,15,11,19,12,20
"715",33,29,28,21,31,25
"716",226,166,172,127,182,132
"718",11,5,9,9,11,6
"719",10,9,9,5,10,6
"721",13,13,11,15,13,14
"722",28,27,24,28,28,28
"723",90,89,71,87,72,84
"725",22,30,22,26,32,29
"728",9,8,9,9,9,10
"729",270,314,246,287,261,272
"730",40,20,32,22,30,23
"731",55,65,60,58,50,52
"733",80,83,73,70,77,77
"734",13,15,13,12,9,15
"735",6,3,6,3,6,5
"738",7,7,11,7,7,6
"739",1,4,3,3,4,3
"744",5,5,3,4,4,4
"747",70,42,64,38,61,38
"748",17,11,28,15,26,11
"749",6,3,9,3,8,2
"750",55,52,51,55,48,57
"751",18,10,14,10,14,12
"752",34,37,36,39,33,40
"753",35,25,32,27,38,22
"754",32,22,27,19,31,26
"755",14,9,9,4,11,8
"756",28,27,26,13,25,26
"757",12,8,10,6,13,5
"758",13,12,14,11,15,8
"759",70,48,76,53,71,51
"760",10,6,11,3,8,6
"761",16,10,25,13,17,8
"762",14,9,11,13,9,9
"763",9,2,7,4,6,1
"764",17,12,16,15,14,10
"765",5,2,6,3,6,4
"766",6,2,6,5,5,4
"769",8,3,12,9,11,5
"770",24,18,18,17,25,18
"771",15,13,13,7,12,8
"772",23,15,16,11,21,14
"773",3,5,3,4,4,3
"774",10,9,6,10,8,3
"775",7,3,10,5,9,2
"776",42,49,42,52,40,50
"777",26,29,30,30,29,29
"778",2,12,2,5,1,10
"779",14,9,10,10,10,9
"780",8,12,8,12,12,11
"781",7,4,4,8,7,9
"783",5,2,3,2,4,1
"784",64,66,59,74,61,67
"785",10,10,8,9,11,10
"786",35,22,36,23,31,18
"788",87,95,84,90,86,91
"790",238,296,218,235,228,240
"791",51,50,46,55,46,57
"792",8,6,8,9,8,7
"795",39,48,39,42,32,41
"796",11,5,8,2,4,4
"800",10,10,10,7,9,8
"801",17,15,18,14,11,16
"802",5,21,8,23,5,21
"803",8,5,4,3,6,3
"804",282,346,264,284,267,278
"805",4,2,2,4,5,4
"806",51,48,45,43,41,50
"808",18,24,18,20,17,20
"809",6,1,4,3,7,3
"810",4,1,5,2,6,2
"811",11,9,14,11,11,12
"812",14,13,12,9,6,12
"813",28,13,23,12,25,11
"814",14,10,9,7,10,13
"815",16,15,15,12,14,16
"816",3,3,3,2,2,4
"817",19,20,15,15,17,25
"818",1,4,2,2,2,6
"820",57,65,55,62,45,62
"822",27,24,18,21,17,24
"823",5,10,4,5,6,7
"824",13,10,12,10,8,12
"826",26,30,24,32,25,28
"827",1,1,0,0,1,1
"830",17,13,10,13,12,12
"831",10,5,11,6,7,8
"832",38,36,28,49,41,35
"833",2,3,2,4,2,2
"834",6,7,5,3,3,3
"836",66,64,62,62,52,55
"837",9,5,7,4,7,3
"838",9,8,8,6,6,7
"840",3,16,6,18,6,19
"841",13,18,16,12,18,16
"842",5,15,4,15,2,15
"843",5,5,6,4,3,6
"844",32,34,31,34,33,42
"845",51,25,54,31,57,29
"846",4,1,2,0,3,0
"847",3,1,3,3,4,1
"848",8,9,9,8,6,11
"849",3,6,5,3,3,3
"850",2,1,5,6,3,5
"852",5,5,5,6,6,5
"854",19,23,15,21,21,29
"855",10,7,14,7,14,6
"856",121,132,115,116,114,122
"857",15,16,18,13,15,15
"859",1,1,2,2,2,2
"860",16,12,14,9,12,6
"861",5,2,7,2,5,4
"863",56,63,52,57,48,63
"864",4,8,3,7,5,6
"865",23,13,20,14,24,14
"866",16,16,15,18,13,16
"867",56,57,56,59,52,58
"869",2,6,1,5,1,9
"870",4,11,1,9,3,11
"872",23,44,18,34,19,42
"873",8,25,7,20,9,22
"874",4,9,4,7,6,9
"877",13,34,12,30,15,31
"878",7,13,4,13,5,14
"879",8,16,8,16,7,15
"882",9,26,8,27,7,24
"887",6,10,5,13,5,11
"891",5,9,5,10,6,10
"893",4,20,3,18,4,17
"898",2,4,1,6,3,6
"899",9,11,8,14,4,15
"900",1,4,1,1,1,5
"901",5,10,4,13,4,11
"903",4,9,5,9,4,8
"907",3,7,1,10,3,7
"909",4,3,2,2,2,2
"912",3,11,6,14,5,17
"913",5,6,4,6,2,7
"914",6,11,4,10,4,13
"915",2,6,1,5,1,4
"916",3,3,1,3,2,2
"918",2,10,6,7,3,5
"921",3,12,5,9,5,13
"922",7,17,7,14,10,15
"923",3,12,5,12,2,10
"924",30,95,33,88,36,89
"926",6,10,5,10,5,8
"928",7,18,6,20,5,22
"933",2,6,2,5,2,5
"935",1,6,2,6,1,4
"942",2,22,1,22,1,19
"945",1,5,2,5,1,5
"946",5,15,6,10,3,14
"951",12,56,45,54,15,54
"952",2,8,1,5,1,6
"954",3,17,4,15,8,20
"958",2,4,1,5,1,5
"962",5,17,3,14,1,17
"964",7,23,5,21,7,26
"967",3,13,5,7,5,10
"969",0,1,0,2,0,2
"970",4,10,2,10,4,5
"975",1,1,1,1,1,1
"978",1,9,2,5,1,7
"983",8,23,7,23,3,16
"988",4,8,4,6,2,5
"989",5,11,6,11,5,11
"993",6,17,6,15,7,16
"998",1,17,3,23,5,20
"999",6,24,6,17,6,18
"1008",4,9,2,9,2,7
"1010",6,11,4,11,5,8
"1017",7,19,4,21,6,15
"1023",1,2,1,2,1,1
"1025",8,17,8,15,9,15
"1026",0,0,0,0,0,2
"1030",9,27,11,23,10,25
"1032",4,10,4,10,4,9
"1034",5,16,5,8,3,10
"1042",10,26,16,37,7,29
"1043",1,2,1,2,1,2
"1044",1,3,1,3,1,3
"1048",2,13,3,13,3,13
"1049",1,8,1,8,2,7
"1051",4,13,3,13,5,12
"1058",3,9,2,6,3,6
"1060",2,5,2,3,2,4
"1061",8,20,4,17,7,19
"1066",6,16,5,11,2,12
"1069",1,4,1,6,1,6
"1070",30,36,30,32,32,37
"1071",3,3,4,4,4,2
"1073",1,7,1,4,11,5
"1074",12,9,14,8,14,5
"1075",10,8,9,6,10,8
"1076",8,6,8,7,10,7
"1077",19,15,19,13,17,16
"1078",13,8,15,9,10,8
"1079",1,6,1,7,9,8
"1080",3,4,3,3,4,4
"1083",31,64,23,55,21,64
"1085",81,86,59,69,67,76
"1086",50,43,62,38,55,33
"1087",9,7,6,6,7,5
"1088",24,15,23,17,26,15
"1089",8,5,7,5,7,6
"1090",3,1,1,1,2,2
"1091",6,5,8,6,6,5
"1092",11,10,9,9,11,10
"1093",1,2,1,2,1,2
"1094",38,23,36,24,29,24
"1095",19,14,21,14,23,18
"1096",7,9,12,8,10,9
"1097",22,16,26,16,20,16
"1098",16,11,15,6,15,7
"1099",13,10,19,7,15,9
"1100",17,13,15,12,16,13
"1101",19,18,19,15,16,13
"1102",18,14,20,17,22,17
"1103",12,11,17,9,12,9
"1104",25,19,27,16,24,24
"1105",14,12,19,12,15,10
"1106",8,6,4,3,6,5
"1107",1,2,3,1,3,1
"1108",3,2,3,2,3,2
"1109",134,130,123,126,132,125
"1110",25,30,21,21,18,16
"1111",4,3,4,3,2,4
"1113",7,5,10,6,12,7
"1114",32,26,30,21,30,24
"1115",13,17,7,9,7,9
"1116",4,2,1,3,3,2
"1117",3,4,3,3,4,5
"1118",2,1,2,1,3,1
"1119",14,14,10,12,13,9
"1120",161,122,138,112,142,104
"1121",146,120,132,101,132,104
"1122",16,12,14,15,14,13
"1123",3,5,5,5,2,4
"1124",4,3,3,1,5,1
"1125",4,3,5,2,3,1
"1126",7,9,7,5,5,6
"1127",6,5,5,5,8,6
"1128",31,2,1,23,29,23
"1129",1,5,4,4,3,3
"1130",21,21,22,19,20,18
"1131",95,111,99,99,88,100
"1133",5,1,3,3,3,2
"1134",11,2,13,8,14,5
"1135",52,55,41,45,44,51
"1136",9,4,12,3,15,6
"1137",2,9,18,12,16,10
"1138",213,217,196,206,193,199
"1139",25,3,5,1,2,16
"1140",7,5,5,5,7,5
"1141",21,17,15,17,20,23
"1142",10,11,11,9,8,10
"1143",9,12,11,10,10,13
"1144",2,5,3,1,4,3
"1145",0,6,1,3,3,3
"1146",2,1,5,2,1,2
"1147",8,4,7,11,8,9
"1148",18,16,14,18,17,17
"1149",2,3,5,2,3,3
"1150",11,11,13,10,9,13
"1152",13,11,12,13,8,11
"1153",7,7,10,5,4,11
"1154",25,17,22,15,22,10
"1155",45,47,37,43,36,41
"1156",7,6,8,5,5,5
"1157",5,5,5,3,64,2
"1158",3,2,3,2,4,2
"1159",5,5,3,7,4,6
"1160",27,26,29,27,30,27
"1162",32,33,31,34,28,32
"1163",9,5,6,7,8,6
"1164",14,20,13,12,11,16
"1166",15,16,15,15,15,10
"1168",49,46,49,43,43,44
"1169",37,38,34,39,33,37
"1170",18,17,11,12,14,16
"1171",19,20,17,14,12,17
"1172",24,22,20,19,18,22
"1173",46,44,35,38,42,47
"1174",67,68,58,66,53,69
"1175",74,78,61,70,53,73
"1177",8,8,12,4,8,7
"1179",1,0,3,1,0,2
"1180",1,1,1,2,1,1
"1181",12,7,8,6,12,7
"1182",12,3,8,5,8,4
"1183",9,5,10,5,10,9
"1184",60,36,58,43,67,42
"1187",59,60,48,57,56,56
"1188",13,13,14,17,13,16
"1190",8,4,11,5,8,3
"1191",1,2,1,1,2,1
"1192",42,52,41,46,35,43
"1193",2,1,2,1,2,3
"1194",44,50,40,44,36,39
"1197",9,12,7,12,8,12
"1198",24,9,20,5,16,12
"1199",5,2,3,3,3,4
"1200",6,5,4,6,4,5
"1201",18,21,22,27,19,27
"1202",4,2,5,4,6,2
"1203",4,2,5,1,4,2
"1204",167,189,153,154,141,172
"1205",19,13,15,10,18,13
"1206",30,36,30,40,31,29
"1207",5,5,4,4,4,3
"1208",15,19,13,15,12,16
"1209",45,51,46,50,42,52
"1210",7,12,13,14,10,7
"1211",18,19,14,18,17,19
"1213",4,6,11,7,7,6
"1214",7,8,3,5,3,2
"1215",3,4,1,5,3,2
"1216",3,6,3,6,2,7
"1217",10,8,10,8,11,7
"1218",6,4,7,3,6,3
"1219",7,6,9,5,8,7
"1220",47,35,44,35,46,38
"1222",1,3,2,3,2,2
"1223",5,4,6,3,8,3
"1224",17,22,18,24,15,20
"1225",8,8,4,6,7,5
"1226",9,12,7,6,6,8
"1229",101,71,100,67,87,72
"1230",11,12,9,11,13,12
"1231",82,91,79,77,75,77
"1232",50,55,41,49,55,49
"1234",23,26,20,30,17,27
"1235",9,14,12,9,10,10
"1236",16,15,16,15,15,13
"1238",6,3,6,2,5,4
"1239",42,30,42,29,40,25
"1240",2,3,2,2,6,4
"1241",8,10,7,9,10,9
"1242",3,4,2,3,3,2
"1243",60,63,52,54,49,57
"1244",49,52,43,42,37,37
"1246",10,8,9,3,6,5
"1247",4,2,6,1,9,1
"1249",10,11,9,10,10,9
"1250",31,20,29,25,25,23
"1251",5,8,6,7,5,4
"1252",69,90,78,57,69,48
"1253",4,5,5,5,4,5
"1254",30,37,27,27,22,29
"1255",26,18,19,15,19,19
"1257",6,4,6,3,11,3
"1259",14,10,20,13,13,10
"1260",24,25,21,24,20,25
"1262",9,8,7,11,8,8
"1264",7,5,10,7,7,7
"1265",5,1,3,1,4,1
"1266",31,30,30,33,39,31
"1267",7,5,6,4,7,6
"1269",20,14,21,12,20,15
"1270",13,8,8,7,15,7
"1271",3,11,2,10,2,10
"1273",11,5,12,6,12,6
"1274",5,1,4,3,3,4
"1275",30,20,29,14,25,17
"1276",2,1,2,1,2,1
"1278",9,4,8,8,13,8
"1279",33,41,34,37,33,37
"1280",21,14,24,15,20,21
"1282",12,8,12,9,10,10
"1283",3,5,3,6,5,4
"1284",24,20,29,19,31,24
"1285",4,7,6,8,6,6
"1286",23,16,23,13,23,16
"1287",35,29,33,26,34,28
"1288",2,4,7,6,7,7
"1289",9,6,9,5,4,6
"1290",53,55,45,56,45,56
"1291",1,1,2,2,1,2
"1292",7,6,6,8,6,5
"1293",20,8,21,10,22,8
"1295",34,25,27,31,33,23
"1296",73,49,83,56,71,53
"1297",10,5,9,5,7,7
"1298",8,6,8,8,7,7
"1299",20,12,21,7,17,9
"1300",8,9,5,5,4,4
"1302",16,8,16,11,14,7
"1303",1,18,1,15,3,12
"1304",49,37,48,31,49,32
"1305",43,21,39,18,38,24
"1306",14,10,16,12,9,12
"1307",15,14,12,14,15,14
"1309",12,11,14,13,14,15
"1311",1,3,24,1,3,1
"1312",7,9,11,8,7,9
"1313",6,2,5,3,4,2
"1314",1,1,1,1,2,1
"1316",19,19,14,12,15,17
"1317",8,11,8,7,8,8
"1318",69,43,70,47,69,42
"1319",4,6,8,3,5,4
"1321",10,15,12,8,11,10
"1322",3,3,2,2,3,2
"1324",15,8,14,11,16,9
"1325",18,12,12,8,10,7
"1326",1,3,2,4,2,2
"1327",12,7,12,10,12,3
"1328",1,1,1,1,1,2
"1330",10,5,9,6,10,4
"1331",14,16,12,14,19,14
"1332",8,1,6,5,6,3
"1333",32,22,32,16,26,20
"1334",15,22,17,25,18,24
"1335",59,81,60,79,68,75
"1336",9,10,10,10,10,11
"1337",13,9,13,5,12,7
"1338",38,21,34,24,33,22
"1339",27,26,20,19,20,26
"1340",71,81,70,76,60,80
"1341",12,13,19,13,15,17
"1342",3,4,7,3,5,3
"1343",11,11,11,12,9,10
"1344",14,21,9,15,12,13
"1345",27,28,25,28,25,30
"1346",80,95,76,73,77,83
"1347",20,12,18,10,16,14
"1348",7,5,7,7,7,5
"1349",32,31,28,30,28,28
"1350",6,6,7,6,6,4
"1351",12,12,14,14,12,13
"1352",34,31,30,27,32,26
"1353",25,30,31,34,30,32
"1354",14,9,9,5,16,6
"1355",18,17,16,16,12,19
"1356",2,6,3,4,3,5
"1357",6,7,6,6,6,8
"1358",12,6,13,9,15,3
"1360",79,48,79,51,73,43
"1363",1,8,1,8,1,9
"1364",6,3,6,1,9,2
"1365",50,52,40,48,49,46
"1366",14,9,15,14,14,12
"1367",20,19,23,32,28,25
"1368",10,6,5,5,5,4
"1369",5,7,6,6,4,4
"1370",5,8,5,4,6,7
"1371",60,43,50,38,61,43
"1372",2,1,1,2,3,2
"1373",10,3,7,3,7,2
"1374",7,6,5,6,5,7
"1375",21,24,21,24,20,25
"1376",7,10,10,6,7,9
"1379",48,32,42,35,37,28
"1380",3,6,1,8,2,9
"1381",2,1,1,1,1,5
"1382",26,28,26,27,26,26
"1384",16,12,14,11,15,11
"1385",4,3,6,4,6,2
"1386",2,1,2,1,2,1
"1388",4,4,4,4,2,3
"1389",15,16,13,16,11,17
"1390",5,5,5,7,3,5
"1391",4,2,2,2,2,1
"1392",7,5,5,7,5,5
"1393",5,2,4,2,5,1
"1396",2,2,2,1,0,1
"1399",9,6,9,6,8,3
"1400",12,5,12,5,7,5
"1402",4,2,4,2,4,2
"1403",1,1,1,3,2,1
"1404",9,5,9,4,8,6
"1405",20,12,18,15,15,13
"1406",4,6,8,6,7,6
"1407",7,6,5,9,6,3
"1408",56,65,57,64,53,54
"1409",11,12,11,12,14,8
"1410",8,7,6,6,7,6
"1412",9,4,5,2,9,1
"1413",11,14,10,18,12,16
"1416",7,8,10,6,9,7
"1417",7,7,9,5,8,6
"1418",20,9,19,13,20,14
"1419",18,16,13,18,15,17
"1420",9,8,4,6,10,5
"1421",4,5,4,4,3,5
"1423",4,3,2,3,4,3
"1424",124,144,120,129,125,131
"1428",13,15,12,13,9,10
"1429",2,0,4,1,0,6
"1432",21,10,20,11,16,8
"1434",3,3,5,1,4,2
"1435",25,25,23,23,23,25
"1436",3,2,1,2,6,2
"1438",9,13,12,10,8,14
"1439",19,14,13,12,16,14
"1440",18,16,10,15,11,11
"1441",7,5,7,3,5,3
"1442",14,21,17,21,16,18
"1443",1,6,3,4,2,4
"1444",17,13,14,13,10,10
"1445",26,26,19,27,20,24
"1446",35,35,27,23,25,30
"1447",80,86,73,76,61,70
"1448",0,6,0,4,2,2
"1449",46,35,46,28,42,26
"1452",4,3,3,3,4,2
"1453",10,9,8,6,8,8
"1454",26,14,28,15,23,13
"1455",63,60,60,48,62,47
"1456",12,9,14,9,17,8
"1459",7,6,11,8,9,6
"1460",37,35,35,42,38,31
"1461",2,7,1,8,1,8
"1462",4,16,4,16,1,16
"1463",8,10,5,7,5,7
"1464",54,52,54,51,55,57
"1466",16,19,16,18,39,18
"1467",47,34,43,34,43,30
"1469",15,18,16,14,11,18
"1471",105,124,102,110,109,116
"1473",21,16,18,21,19,21
"1476",20,15,20,14,18,11
"1478",10,11,12,14,7,8
"1480",8,8,9,8,11,10
"1481",11,7,11,4,8,3
"1482",14,13,16,13,13,12
"1485",68,69,64,71,62,63
"1486",3,2,4,25,38,3
"1487",31,21,28,17,30,20
"1488",11,12,7,14,12,10
"1489",31,33,28,29,28,30
"1491",7,4,6,4,8,1
"1492",25,19,25,19,20,19
"1494",5,1,7,0,9,1
"1495",3,3,1,3,3,3
"1496",23,29,22,37,30,29
"1497",46,50,39,46,40,52
"1498",1,3,2,2,1,2
"1499",4,13,12,13,11,14
"1500",2,2,2,2,1,1
"1501",36,34,32,35,27,33
"1502",46,49,50,52,46,52
"1504",14,8,15,6,13,8
"1506",26,37,23,24,26,26
"1507",8,6,6,8,2,1
"1510",9,5,6,5,9,2
"1511",7,5,4,3,9,3
"1512",5,5,8,5,5,6
"1514",3,4,2,3,3,3
"1516",3,3,7,4,8,5
"1517",6,3,6,5,6,1
"1519",4,12,5,12,9,14
"1523",13,9,8,11,10,7
"1524",20,31,23,23,24,32
"1525",10,6,2,2,9,2
"1528",13,11,12,5,20,6
"1529",14,6,14,6,10,6
"1531",28,24,21,23,21,28
"1532",4,9,6,8,7,6
"1533",8,8,9,9,9,8
"1534",15,17,16,14,17,18
"1535",5,17,11,20,18,18
"1536",22,24,24,24,25,30
"1537",10,9,9,9,7,8
"1541",20,14,18,11,13,14
"1542",1,1,1,1,1,3
"1543",53,64,46,51,41,52
"1544",8,5,10,3,5,5
"1545",13,7,11,5,7,6
"1548",5,7,10,5,6,8
"1549",3,2,3,3,3,3
"1550",7,1,5,4,5,1
"1551",7,6,10,10,7,7
"1552",9,2,6,9,6,8
"1557",11,4,9,3,7,6
"1561",18,21,17,17,17,18
"1563",3,4,5,1,5,4
"1564",21,14,22,12,21,13
"1565",4,2,4,3,1,2
"1567",1,4,1,4,3,3
"1568",20,11,16,12,16,13
"1570",19,32,16,39,15,30
"1573",10,6,9,6,5,5
"1575",5,2,6,1,4,1
"1577",6,5,6,2,8,5
"1578",10,3,10,3,9,3
"1581",3,1,3,2,2,2
"1583",14,12,12,14,14,13
"1584",60,48,73,41,57,43
"1585",60,65,50,68,56,60
"1586",6,3,9,5,5,4
"1588",28,27,25,22,23,26
"1589",18,19,16,15,15,15
"1590",14,15,15,16,12,13
"1591",16,18,19,18,16,18
"1593",2,2,1,2,1,1
"1594",42,49,51,51,42,49
"1595",19,20,18,20,17,21
"1597",27,15,1,13,22,13
"1598",25,15,23,17,25,19
"1599",16,18,11,15,15,20
"1600",31,35,32,26,28,29
"1601",14,10,12,13,11,14
"1602",2,2,1,1,1,3
"1603",22,17,26,16,13,29
"1604",40,53,44,42,47,49
"1605",43,26,33,27,43,22
"1606",55,53,48,43,46,45
"1607",39,47,42,50,46,55
"1608",57,55,52,55,50,58
"1610",2,1,2,2,2,1
"1612",21,7,17,10,17,10
"1613",13,8,15,11,15,11
"1614",9,6,8,6,8,7
"1615",13,15,10,11,10,11
"1617",3,2,2,2,3,3
"1618",1,7,1,4,2,4
"1623",82,86,84,82,79,86
"1624",8,11,6,10,4,7
"1627",16,11,16,8,13,8
"1628",7,2,7,2,5,1
"1629",11,20,8,19,6,19
"1631",22,16,20,17,23,17
"1632",24,28,18,23,18,28
"1633",11,5,9,6,9,6
"1634",24,23,23,17,19,21
"1635",13,11,9,12,12,10
"1636",3,3,5,3,6,1
"1637",65,71,56,67,47,61
"1638",44,50,38,48,44,41
"1641",37,38,30,36,37,34
"1642",17,14,12,13,12,13
"1644",3,2,2,1,2,1
"1646",27,24,23,24,20,21
"1647",10,12,11,12,9,10
"1648",6,5,8,8,4,7
"1649",17,20,14,15,13,14
"1651",14,13,16,10,15,14
"1652",13,10,14,11,13,8
"1655",0,3,0,0,0,1
"1656",3,3,4,3,2,5
"1658",24,21,19,26,21,23
"1659",19,21,24,24,22,15
"1660",28,30,24,27,23,28
"1661",6,3,5,3,4,2
"1663",2,2,6,2,6,1
"1664",11,7,9,2,7,6
"1665",10,8,12,4,10,7
"1667",22,11,21,16,19,16
"1668",31,30,30,30,27,31
"1671",3,4,5,3,5,4
"1672",2,2,3,2,1,2
"1673",20,24,23,21,23,26
"1674",7,6,6,5,7,6
"1676",81,72,70,57,62,64
"1678",3,3,2,5,5,2
"1679",46,45,36,44,39,41
"1680",21,17,28,19,28,22
"1682",15,9,12,6,13,13
"1683",12,14,19,12,14,11
"1684",7,7,11,13,7,10
"1685",25,27,21,35,23,33
"1686",11,4,6,6,9,4
"1687",8,7,12,5,8,8
"1688",5,2,2,3,4,5
"1689",16,11,12,14,13,14
"1690",63,64,60,61,61,65
"1691",59,59,44,50,47,58
"1692",9,8,8,9,9,9
"1694",21,19,16,21,18,20
"1695",3,6,2,5,4,4
"1696",22,14,19,18,19,22
"1697",10,8,10,11,10,13
"1698",21,20,16,21,14,20
"1699",18,19,16,21,16,21
"1700",39,37,35,42,31,38
"1701",23,39,24,27,24,36
"1702",20,20,19,8,11,21
"1703",3,5,5,7,6,6
"1704",11,15,9,13,14,16
"1705",11,15,9,7,15,12
"1706",13,16,13,13,13,12
"1708",12,8,10,10,12,15
"1709",28,34,33,31,30,35
"1711",22,8,17,9,18,9
"1712",5,7,8,8,5,4
"1713",3,3,3,3,3,5
"1716",7,14,9,10,18,11
"1717",7,5,9,2,13,2
"1718",10,8,10,10,12,7
"1721",22,22,21,19,17,17
"1722",24,26,27,25,30,22
"1724",27,21,20,19,20,18
"1726",2,1,2,4,2,3
"1727",4,5,5,4,3,3
"1728",18,18,20,17,15,17
"1729",11,14,9,15,7,10
"1730",15,19,11,15,14,12
"1731",15,11,15,8,12,13
"1732",5,4,6,3,7,3
"1733",9,6,9,4,8,5
"1735",11,5,15,8,16,7
"1736",9,6,6,8,8,6
"1737",50,39,44,34,45,33
"1740",18,12,20,11,18,10
"1741",28,28,25,26,27,29
"1742",2,1,3,2,3,2
"1743",7,6,6,4,8,5
"1744",30,27,25,28,23,28
"1745",3,5,5,2,4,4
"1746",62,66,61,64,49,62
"1747",26,32,28,28,22,23
"1748",60,70,45,65,57,59
"1749",96,97,83,86,88,92
"1750",70,81,68,75,61,73
"1751",7,6,3,6,5,5
"1752",13,6,12,4,11,7
"1753",24,26,24,31,24,25
"1755",2,1,2,2,2,2
"1757",9,9,8,6,9,5
"1759",11,7,8,7,11,8
"1760",12,3,8,1,12,3
"1761",5,4,4,3,4,2
"1762",13,14,16,16,16,10
"1763",132,100,128,87,131,103
"1764",5,14,24,16,28,19
"1766",9,1,5,2,4,1
"1768",5,1,4,2,4,4
"1770",4,2,3,3,5,1
"1771",10,3,10,2,8,1
"1772",7,4,6,7,8,4
"1773",7,4,5,4,6,3
"1774",8,7,12,4,13,7
"1776",8,4,8,4,6,3
"1777",3,4,4,2,4,4
"1779",9,9,6,7,7,1
"1780",3,1,2,1,1,1
"1781",27,19,18,15,27,20
"1782",11,7,7,3,9,5
"1785",4,2,3,1,4,2
"1786",5,6,7,3,6,6
"1787",1,1,1,1,1,1
"1788",15,13,11,11,15,8
"1790",5,7,7,8,10,5
"1791",6,1,4,1,5,3
"1792",16,13,22,11,17,10
"1793",5,2,6,5,4,3
"1795",6,5,7,4,6,3
"1796",12,7,11,7,11,7
"1801",2,2,2,2,2,1
"1802",12,4,8,5,6,4
"1803",14,7,12,10,13,9
"1805",17,5,20,8,18,9
"1807",19,8,15,14,19,8
"1808",18,10,16,10,13,11
"1811",38,26,32,21,33,23
"1813",41,29,46,33,43,27
"1814",8,2,8,4,5,5
"1816",11,8,7,9,9,6
"1817",17,9,19,9,19,11
"1818",7,5,6,5,6,5
"1819",2,2,3,2,5,3
"1820",21,15,18,14,22,11
"1821",4,1,4,2,5,2
"1824",6,8,9,5,8,9
"1825",3,1,2,1,2,1
"1828",5,2,3,2,3,1
"1830",12,1,7,6,10,3
"1831",5,6,4,7,3,5
"1833",5,5,9,2,9,2
"1835",3,2,4,2,2,2
"1841",19,20,21,18,21,20
"1844",19,11,19,15,20,12
"1845",0,1,1,1,1,0
"1846",9,2,6,3,6,2
"1847",4,3,7,2,4,3
"1848",6,4,3,3,2,3
"1850",27,2,19,15,20,2
"1851",4,2,3,1,2,2
"1854",18,14,12,12,13,15
"1855",3,1,3,3,3,2
"1856",26,22,20,27,24,26
"1859",26,31,29,31,30,39
"1865",18,10,13,16,12,12
"1866",10,3,5,5,10,5
"1867",4,12,3,4,6,3
"1868",13,11,16,5,15,7
"1869",24,18,25,13,21,19
"1871",1,0,0,1,1,0
"1872",27,26,29,27,28,27
"1873",8,7,9,6,9,5
"1875",6,2,6,2,4,2
"1876",7,6,8,8,14,7
"1877",3,5,3,2,4,3
"1878",8,2,10,3,6,6
"1879",6,3,8,4,5,1
"1880",3,3,5,3,6,1
"1881",6,6,4,1,5,5
"1882",19,7,20,8,11,7
"1884",36,22,41,1,4,24
"1888",11,4,10,6,16,4
"1890",6,3,4,2,6,3
"1892",33,23,37,15,29,12
"1894",59,65,56,54,47,66
"1895",31,30,25,27,26,35
"1896",38,43,37,39,37,42
"1900",4,1,9,1,4,3
"1902",15,12,17,11,17,14
"1903",21,8,24,16,23,13
"1905",5,2,4,3,7,2
"1907",10,6,7,1,5,4
"1908",8,2,5,2,5,2
"1909",79,71,69,57,62,62
"1910",0,0,1,0,1,0
"1911",38,30,41,29,36,33
"1912",2,5,2,6,4,2
"1913",31,39,34,34,33,36
"1915",8,9,7,10,12,6
"1916",67,74,56,63,57,67
"1918",9,6,8,5,8,3
"1920",2,1,1,1,1,1
"1921",6,3,8,2,3,1
"1924",11,5,9,5,6,5
"1926",3,4,6,5,5,1
"1929",26,24,26,26,23,29
"1931",18,16,12,17,16,14
"1932",7,6,6,5,7,5
"1933",6,9,7,9,6,6
"1934",17,17,16,13,14,15
"1935",11,11,8,11,14,13
"1936",14,11,6,7,6,9
"1937",6,9,6,8,5,8
"1940",18,22,20,19,17,22
"1941",13,13,10,11,14,16
"1942",79,89,67,86,61,73
"1943",74,75,78,68,69,74
"1944",14,19,22,21,20,17
"1945",8,12,9,9,8,9
"1946",7,5,4,8,1,5
"1947",8,6,6,4,6,4
"1948",17,22,19,20,19,20
"1949",37,39,30,48,42,43
"1950",12,21,12,14,12,14
"1951",9,9,9,7,11,7
"1952",9,8,9,5,9,9
"1953",4,2,3,2,2,2
"1954",5,6,7,4,6,4
"1958",9,4,11,5,10,7
"1961",4,4,5,4,3,3
"1962",28,31,32,30,28,31
"1964",18,11,19,14,17,12
"1965",7,7,10,4,13,5
"1967",10,4,9,3,9,3
"1968",2,1,3,1,2,1
"1974",4,2,4,3,2,3
"1976",3,1,3,1,2,1
"1977",15,5,11,5,11,9
"1978",3,3,2,3,3,2
"1979",14,10,12,7,1,11
"1980",11,5,11,4,8,5
"1982",6,3,8,2,8,6
"1983",8,5,10,4,8,4
"1986",5,3,6,2,5,1
"1991",6,7,3,4,2,4
"1992",4,5,1,5,4,3
"1993",8,6,9,3,7,4
"1994",6,10,5,11,13,9
"1995",11,10,14,12,16,10
"1996",5,5,3,4,3,2
"1997",11,14,14,16,15,17
"1998",42,44,34,38,36,43
"2000",13,28,13,25,13,29
"2001",9,8,10,7,9,5
"2002",32,37,31,25,30,38
"2003",19,16,14,13,13,12
"2004",9,13,9,10,9,10
"2006",7,7,7,4,7,7
"2007",4,3,5,4,1,3
"2008",7,7,10,6,4,7
"2010",37,29,38,27,40,28
"2013",7,7,6,6,5,6
"2014",8,10,8,10,9,8
"2015",7,7,7,5,2,7
"2016",4,2,1,1,1,1
"2017",2,3,3,2,3,3
"2018",64,37,50,37,63,37
"2019",8,5,11,5,11,6
"2020",11,11,15,6,9,9
"2023",8,7,6,9,5,7
"2027",12,20,7,16,10,18
"2028",32,45,26,31,34,32
"2029",29,37,26,31,29,35
"2031",9,6,9,6,9,6
"2034",56,36,46,33,44,32
"2035",26,16,22,16,28,15
"2036",38,28,42,27,42,30
"2037",14,13,10,8,7,7
"2038",1,1,1,1,2,1
"2040",5,4,5,5,7,4
"2042",7,9,5,1,8,5
"2043",8,2,7,4,7,4
"2044",9,3,3,2,2,2
"2046",8,3,9,2,6,2
"2047",35,23,35,24,33,27
"2050",1,6,3,7,11,8
"2051",11,5,7,6,8,5
"2052",2,3,3,3,2,3
"2053",19,25,16,17,15,20
"2054",7,1,4,2,3,3
"2057",6,5,5,6,9,4
"2058",6,3,7,1,5,1
"2059",28,29,27,30,25,29
"2062",6,4,5,1,4,1
"2063",1,0,1,1,1,1
"2064",4,3,4,2,4,3
"2065",4,3,2,1,2,2
"2066",2,1,3,1,2,1
"2067",12,4,11,5,9,3
"2068",1,1,3,1,3,1
"2069",19,14,20,15,17,14
"2070",3,1,6,2,5,3
"2071",3,1,6,3,5,2
"2072",3,1,3,1,4,1
"2073",6,2,7,5,7,6
"2074",34,19,26,23,30,17
"2075",10,6,7,4,10,4
"2079",7,6,6,5,7,6
"2082",3,1,2,3,2,1
"2083",11,1,7,1,5,2
"2085",3,2,6,4,5,1
"2086",6,6,9,4,7,4
"2089",5,5,3,3,3,4
"2090",11,4,14,6,16,6
"2091",39,17,31,20,29,23
"2093",16,8,12,6,11,7
"2094",11,9,8,6,6,9
"2096",8,6,5,3,3,4
"2097",6,6,7,3,7,4
"2098",26,27,22,26,22,24
"2099",4,3,5,4,3,2
"2102",4,1,2,3,3,3
"2103",20,9,10,8,14,6
"2104",8,3,8,7,8,2
"2105",8,5,9,3,7,2
"2106",14,3,11,6,13,6
"2107",72,85,78,87,79,88
"2110",8,2,6,2,4,1
"2114",13,8,14,12,15,10
"2115",22,14,23,12,14,14
"2116",25,11,17,12,27,8
"2117",15,7,13,10,11,10
"2118",42,36,51,31,42,36
"2119",10,3,9,1,7,3
"2121",2,2,5,2,4,2
"2124",27,17,21,11,20,13
"2125",4,1,5,1,5,3
"2128",6,2,7,2,6,2
"2129",28,26,21,22,20,21
"2130",16,10,17,9,15,10
"2132",9,1,7,2,11,1
"2134",2,3,2,1,3,2
"2137",10,4,8,6,8,3
"2143",3,2,1,1,4,1
"2144",10,5,9,7,7,5
"2145",3,2,6,1,4,1
"2150",12,11,13,10,11,8
"2152",6,3,6,3,7,5
"2153",4,2,4,2,3,1
"2154",5,4,4,3,2,3
"2155",8,6,10,4,10,6
"2156",4,3,6,5,5,3
"2157",6,1,5,5,6,3
"2158",18,26,21,23,20,26
"2161",23,20,19,15,21,14
"2162",24,16,23,13,24,12
"2164",36,24,42,24,37,27
"2166",5,3,5,2,6,1
"2170",7,6,10,2,8,4
"2171",22,15,22,14,24,13
"2172",27,20,27,16,26,16
"2173",10,3,6,3,8,1
"2174",7,6,6,2,7,3
"2175",17,15,22,14,19,14
"2176",16,16,13,19,17,17
"2177",57,58,46,55,47,57
"2178",4,6,9,3,6,4
"2179",14,7,11,8,14,7
"2180",10,2,6,4,7,3
"2181",14,7,13,5,13,4
"2183",5,2,5,2,3,2
"2191",7,4,4,5,9,2
"2192",13,7,10,3,8,4
"2193",23,15,26,22,33,15
"2194",10,5,10,2,11,4
"2195",25,27,25,24,26,26
"2198",5,4,9,3,7,2
"2199",6,4,5,4,11,4
"2201",4,2,2,5,5,2
"2202",5,2,6,2,2,3
"2204",20,14,18,12,18,9
"2205",4,3,8,4,11,3
"2207",20,24,17,19,15,21
"2208",7,2,5,4,4,3
"2211",12,7,16,11,12,6
"2213",2,2,3,2,3,2
"2214",12,4,16,4,12,8
"2215",37,23,32,21,28,12
"2216",6,3,10,6,7,5
"2217",4,4,7,8,6,3
"2218",3,4,5,3,3,2
"2219",11,9,12,14,16,8
"2221",23,10,16,8,16,8
"2225",6,2,6,1,3,1
"2226",6,3,9,3,7,3
"2227",11,2,10,4,9,5
"2230",11,10,15,8,12,7
"2231",5,2,5,3,6,1
"2234",8,4,7,8,7,6
"2235",2,2,5,2,3,2
"2236",5,3,4,3,5,4
"2240",4,3,6,9,6,8
"2242",25,16,24,16,23,12
"2243",16,13,14,7,13,7
"2246",6,2,4,2,4,1
"2249",5,2,6,3,4,2
"2250",6,5,6,7,6,5
"2251",75,52,71,49,5,47
"2252",9,5,10,5,11,6
"2253",3,2,2,1,3,3
"2255",14,5,10,8,9,5
"2257",6,1,5,2,1,2
"2258",20,16,22,15,24,13
"2260",10,4,10,6,9,5
"2261",8,9,14,14,10,9
"2262",45,58,44,51,49,44
"2264",6,6,9,4,8,7
"2265",9,2,5,6,5,2
"2266",1,1,2,1,1,2
"2267",6,1,3,2,3,1
"2274",10,4,6,4,10,6
"2275",5,3,5,3,5,4
"2277",15,15,14,14,16,15
"2278",6,2,5,2,7,2
"2280",2,3,3,3,5,2
"2281",16,7,11,4,8,5
"2283",10,6,4,3,6,4
"2285",4,3,4,3,4,2
"2286",14,8,14,4,12,5
"2290",5,4,6,4,3,3
"2291",5,5,6,5,4,3
"2292",8,7,13,6,11,9
"2293",4,1,4,1,3,1
"2296",5,3,2,1,3,2
"2300",5,4,6,3,8,5
"2301",5,3,5,2,5,2
"2303",6,1,3,3,3,4
"2304",5,5,2,2,1,6
"2306",14,15,16,17,10,11
"2307",4,5,6,6,4,3
"2308",36,28,32,22,34,24
"2309",4,3,5,5,2,2
"2310",9,5,9,5,7,8
"2311",20,23,23,21,22,25
"2312",62,67,56,65,63,60
"2313",5,8,9,5,10,7
"2314",8,8,11,9,7,9
"2315",25,28,24,32,21,29
"2316",5,2,6,2,5,2
"2317",6,2,3,3,3,2
"2320",9,9,12,1,9,5
"2321",3,3,4,4,6,4
"2322",4,4,4,4,4,4
"2323",21,27,24,29,28,25
"2325",5,7,5,5,5,6
"2326",9,6,5,7,9,7
"2327",8,16,7,8,8,12
"2329",3,4,3,2,4,1
"2330",12,6,13,14,11,13
"2331",41,41,38,38,34,48
"2332",50,51,55,61,56,53
"2333",32,25,34,26,28,23
"2334",17,10,13,5,14,7
"2336",2,3,3,2,3,2
"2338",21,21,23,14,20,14
"2339",19,13,13,10,12,12
"2340",16,8,12,5,12,10
"2341",19,13,25,12,19,9
"2346",7,1,6,2,3,4
"2347",9,7,8,5,9,6
"2348",12,7,11,6,11,5
"2349",18,11,18,13,16,10
"2350",1,0,1,1,1,1
"2351",8,11,10,11,9,11
"2352",23,20,25,23,25,25
"2353",7,3,3,1,2,3
"2354",9,12,5,10,8,9
"2355",26,27,28,24,24,28
"2356",41,36,28,33,36,40
"2357",7,10,5,6,7,6
"2359",15,13,13,11,8,12
"2360",1,6,2,7,7,3
"2361",13,16,9,17,16,13
"2362",4,4,3,2,2,4
"2364",6,8,7,11,7,9
"2366",81,94,86,95,89,92
"2367",1,5,6,2,2,3
"2368",4,5,5,5,5,7
"2372",3,2,3,4,1,5
"2374",4,4,1,2,3,1
"2376",5,5,9,6,7,5
"2380",13,13,15,16,9,13
"2383",65,76,69,63,61,64
"2384",19,24,21,23,16,20
"2385",5,8,8,5,7,7
"2387",2,2,1,2,2,5
"2388",9,11,8,12,12,8
"2389",41,45,40,46,48,36
"2390",26,28,19,23,14,24
"2392",7,4,5,2,3,2
"2395",3,3,1,0,2,0
"2396",2,2,5,1,5,2
"2397",12,3,18,5,11,5
"2398",5,4,6,3,4,2
"2399",6,3,4,2,7,2
"2400",10,7,5,3,9,5
"2403",11,4,9,6,10,4
"2404",7,2,6,2,7,3
"2406",15,10,22,9,12,12
"2409",32,34,19,29,20,29
"2410",7,10,7,4,6,6
"2413",27,25,29,23,25,23
"2414",5,7,9,13,10,9
"2415",23,22,23,25,28,23
"2416",2,1,2,3,5,1
"2419",20,20,18,18,17,19
"2420",3,6,6,8,8,5
"2421",15,14,14,12,15,10
"2422",5,5,6,3,4,4
"2423",36,36,28,32,27,31
"2424",4,4,4,5,5,5
"2425",35,20,31,20,28,20
"2426",16,20,18,20,18,19
"2427",19,18,19,17,15,18
"2428",3,17,3,15,2,13
"2429",34,23,30,25,32,23
"2430",14,8,22,8,17,7
"2432",10,5,13,4,12,4
"2436",6,11,6,11,8,7
"2437",47,52,44,41,37,45
"2438",12,10,14,13,6,10
"2439",10,11,9,11,8,13
"2440",13,10,11,12,11,14
"2441",12,16,5,8,10,14
"2442",21,22,15,19,18,23
"2443",5,4,4,4,3,2
"2444",22,23,31,28,25,21
"2445",3,3,5,4,4,5
"2446",37,48,42,46,37,46
"2448",3,2,2,2,2,4
"2450",4,2,3,2,1,2
"2451",4,4,3,3,2,4
"2453",1,1,1,2,1,3
"2455",18,9,3,6,3,2
"2457",10,5,10,4,9,6
"2461",3,0,4,3,3,1
"2463",20,10,13,5,18,4
"2464",22,12,21,9,15,14
"2467",17,15,19,13,17,15
"2468",2,2,4,3,3,2
"2472",11,4,7,4,6,4
"2473",3,2,4,2,2,3
"2474",15,9,12,10,13,4
"2475",4,1,4,2,4,2
"2477",3,1,2,2,2,1
"2479",20,16,17,11,18,13
"2481",4,3,6,2,3,2
"2482",10,8,8,9,11,6
"2484",8,9,8,15,7,9
"2485",28,30,30,30,25,24
"2488",31,31,27,31,31,35
"2489",10,4,11,1,8,3
"2490",2,2,2,2,3,1
"2492",10,12,9,10,8,8
"2493",7,5,9,6,8,3
"2494",13,13,9,9,10,12
"2495",4,5,6,4,5,6
"2496",22,20,20,28,23,22
"2497",21,9,16,14,22,15
"2498",1,3,3,3,1,5
"2502",6,5,6,9,5,4
"2504",18,15,20,15,13,15
"2506",10,11,5,8,8,8
"2507",6,8,8,6,8,6
"2508",7,2,5,2,7,1
"2509",12,11,13,13,11,10
"2511",10,1,3,1,1,2
"2512",11,9,15,6,9,10
"2513",5,3,6,3,4,2
"2514",21,22,20,17,23,16
"2515",6,8,5,11,8,7
"2516",64,72,58,66,55,69
"2517",4,5,5,3,3,4
"2518",6,7,4,7,4,4
"2520",18,21,13,16,16,17
"2521",8,8,9,5,8,8
"2523",3,2,5,2,3,2
"2525",7,6,7,8,8,7
"2526",8,6,8,8,6,8
"2527",4,5,5,2,3,3
"2528",19,10,9,7,10,5
"2529",36,20,26,14,26,18
"2530",14,5,16,10,16,5
"2531",3,6,3,4,4,2
"2532",10,9,9,7,10,6
"2533",11,11,10,8,10,13
"2534",3,3,2,2,1,2
"2535",8,9,5,5,6,5
"2536",3,2,3,2,3,5
"2537",59,64,57,51,48,60
"2538",158,184,151,153,133,171
"2539",3,3,3,3,4,2
"2540",2,2,1,1,4,3
"2541",4,9,2,4,2,6
"2542",75,80,73,74,67,68
"2543",5,7,5,8,4,6
"2544",3,3,1,3,3,4
"2545",63,69,59,57,57,60
"2546",1,4,1,4,2,3
"2548",16,15,12,16,10,16
"2549",6,10,2,9,7,6
"2550",4,3,3,2,2,3
"2552",6,4,5,4,4,4
"2554",54,57,48,48,40,43
"2555",14,22,21,16,17,14
"2556",18,23,25,19,18,23
"2557",17,21,13,16,11,16
"2558",2,21,28,2,2,2
"2559",5,10,5,4,5,8
"2560",5,9,3,8,3,3
"2563",6,9,7,8,6,6
"2564",13,14,10,15,12,15
"2565",20,8,15,10,18,12
"2566",44,43,35,41,30,38
"2567",31,23,19,20,18,17
"2568",16,12,10,15,8,12
"2569",7,3,2,2,8,7
"2570",20,23,15,17,15,17
"2572",7,7,5,3,7,6
"2573",15,14,13,13,11,16
"2574",23,29,23,18,21,25
"2575",69,75,62,63,63,74
"2576",10,14,13,15,8,8
"2577",9,5,7,5,8,6
"2579",4,5,4,5,5,2
"2581",5,5,5,7,7,7
"2582",49,48,45,52,42,54
"2583",6,10,10,8,10,12
"2584",2,1,5,1,1,1
"2585",11,16,16,13,11,12
"2586",6,1,4,2,4,2
"2588",3,5,11,4,10,7
"2589",13,9,16,8,17,7
"2594",6,14,8,9,11,12
"2596",1,5,2,3,2,3
"2597",46,52,39,45,41,47
"2598",6,5,4,6,3,5
"2599",3,3,5,2,5,4
"2600",13,14,13,11,13,9
"2601",21,17,13,11,13,17
"2603",17,20,17,21,16,20
"2604",18,14,12,14,12,16
"2605",18,22,18,28,21,18
"2606",18,22,23,25,23,21
"2607",8,6,5,6,4,2
"2609",3,7,6,3,4,2
"2611",21,25,23,26,26,32
"2612",5,4,4,2,2,3
"2613",6,4,5,7,7,7
"2614",7,5,6,7,6,7
"2615",98,109,101,113,96,107
"2616",54,69,57,59,49,53
"2617",18,20,15,14,17,15
"2618",8,12,10,15,8,8
"2619",20,21,16,16,14,16
"2620",6,8,5,4,7,8
"2621",6,6,4,5,4,6
"2622",13,14,11,10,14,9
"2624",7,7,6,10,8,8
"2626",4,6,6,8,4,6
"2627",2,15,24,13,2,11
"2628",6,6,4,4,1,5
"2629",16,14,14,10,17,14
"2630",4,5,4,4,3,6
"2632",5,6,4,5,5,5
"2633",19,14,11,11,6,7
"2635",33,37,32,32,36,37
"2638",26,28,18,19,23,20
"2639",19,17,18,24,21,20
"2640",3,4,1,6,2,3
"2641",27,3,26,4,4,24
"2642",4,6,6,4,2,5
"2643",5,6,4,5,5,5
"2644",7,13,8,11,9,9
"2645",29,24,26,25,23,24
"2646",5,3,2,3,4,4
"2647",4,4,4,1,2,6
"2649",51,43,46,52,51,45
"2650",1,5,1,2,1,5
"2651",33,44,38,33,26,44
"2652",131,146,126,128,118,125
"2653",4,2,2,4,5,4
"2654",29,31,28,31,25,34
"2655",5,10,7,12,8,6
"2656",1,2,1,3,3,2
"2657",8,9,5,6,4,6
"2660",5,2,4,2,1,3
"2661",6,1,4,2,4,1
"2662",9,6,8,11,7,9
"2663",12,11,6,6,6,8
"2664",5,4,4,5,3,4
"2665",43,42,40,43,34,36
"2669",28,30,27,32,24,30
"2670",21,22,19,17,15,21
"2672",4,5,3,4,3,2
"2674",11,12,15,14,13,11
"2675",28,32,27,28,24,27
"2676",6,4,1,4,6,4
"2678",21,14,11,17,17,20
"2680",10,19,11,13,12,13
"2681",23,26,24,27,23,29
"2682",24,15,19,13,15,15
"2683",25,25,23,24,20,23
"2684",5,6,3,8,2,7
"2685",8,9,9,13,7,11
"2686",4,1,4,1,8,3
"2687",14,10,13,15,13,12
"2689",3,1,3,3,7,1
"2690",5,5,2,1,2,2
"2692",5,2,3,3,4,2
"2693",7,2,6,2,4,5
"2694",16,15,13,13,15,13
"2696",6,3,5,1,5,2
"2698",3,2,3,2,1,0
"2699",7,6,7,7,8,9
"2702",4,5,5,3,5,3
"2705",3,2,2,1,4,1
"2706",12,8,12,7,13,8
"2707",2,3,2,1,2,2
"2709",6,3,4,1,3,2
"2712",2,2,2,1,20,1
"2715",6,4,11,3,8,2
"2717",20,16,22,13,19,15
"2719",8,3,12,1,7,1
"2720",10,6,15,5,12,5
"2721",2,1,4,2,3,1
"2722",5,2,4,1,4,3
"2723",5,2,7,3,5,3
"2724",8,3,8,3,6,3
"2725",6,3,4,2,5,2
"2729",6,3,4,2,4,1
"2730",9,8,10,9,9,9
"2731",2,3,5,2,3,2
"2732",4,2,3,3,1,3
"2733",4,4,1,5,2,2
"2734",66,68,63,63,59,67
"2736",3,4,4,4,3,1
"2737",10,8,8,5,8,7
"2738",9,8,9,4,6,7
"2741",8,5,6,7,8,8
"2743",39,39,35,37,33,43
"2744",42,32,31,39,31,30
"2745",28,14,22,17,22,13
"2747",8,8,11,6,6,7
"2748",4,1,3,4,3,2
"2749",19,14,16,9,10,8
"2750",5,5,6,10,10,5
"2751",9,3,6,3,6,1
"2752",4,1,5,3,3,3
"2753",2,1,4,2,1,1
"2755",4,3,4,1,2,4
"2756",7,2,10,2,6,4
"2757",6,3,3,3,4,2
"2758",11,4,10,5,14,7
"2760",11,8,11,7,10,7
"2767",12,5,9,4,11,6
"2768",4,2,5,2,5,2
"2772",1,1,23,1,1,1
"2773",9,6,7,5,7,4
"2774",4,4,4,5,3,6
"2775",4,9,5,6,5,6
"2776",19,17,12,18,12,16
"2777",18,19,10,16,17,19
"2778",4,1,3,1,2,1
"2780",14,14,14,13,14,12
"2781",26,23,30,8,24,12
"2782",15,9,14,5,18,9
"2783",45,32,37,36,42,34
"2784",2,3,6,5,4,4
"2785",30,36,31,31,29,33
"2788",51,48,51,52,50,58
"2789",26,34,27,27,26,26
"2790",9,6,6,6,4,8
"2791",9,12,9,10,10,10
"2792",7,7,4,6,4,4
"2793",9,5,5,5,4,4
"2794",13,12,12,11,9,15
"2795",7,4,12,4,10,2
"2796",30,30,34,24,34,32
"2797",2,4,6,1,2,1
"2798",18,11,20,16,20,14
"2799",9,6,18,11,16,9
"2803",10,8,15,9,12,6
"2804",20,27,19,22,17,19
"2805",13,7,11,10,10,17
"2806",22,22,11,22,14,20
"2807",11,12,14,13,14,12
"2809",56,59,49,48,36,53
"2810",80,92,79,90,78,80
"2811",7,6,7,6,7,6
"2812",17,21,16,15,16,16
"2813",2,5,2,5,3,5
"2814",11,18,17,15,16,13
"2815",2,1,1,1,2,2
"2816",23,27,27,25,26,22
"2817",3,4,3,5,5,2
"2818",11,10,12,12,8,10
"2819",27,22,23,21,20,19
"2820",9,10,7,7,8,9
"2821",9,10,7,9,8,9
"2822",32,27,29,33,24,29
"2823",32,35,9,33,34,29
"2824",10,11,9,7,14,10
"2825",4,3,2,2,4,2
"2826",40,49,33,41,34,41
"2827",7,5,6,8,5,6
"2828",5,6,4,5,5,5
"2830",5,11,11,14,8,9
"2831",33,42,36,35,30,35
"2832",2,2,2,1,1,3
"2836",5,4,4,2,7,3
"2837",11,16,11,12,14,13
"2838",2,2,3,4,1,3
"2839",2,1,4,1,3,1
"2841",5,4,4,3,4,4
"2842",5,7,4,4,3,5
"2844",12,16,13,12,11,13
"2845",15,22,15,17,14,20
"2846",8,14,10,9,8,6
"2847",14,15,14,18,14,13
"2850",24,25,19,20,10,21
"2851",11,13,14,14,12,13
"2852",5,4,5,4,4,5
"2854",178,165,158,147,165,151
"2856",54,52,46,57,45,52
"2857",20,23,15,18,18,13
"2858",3,9,1,8,4,10
"2859",2,6,3,8,3,7
"2860",4,5,6,7,3,6
"2861",1,3,6,3,5,5
"2862",3,5,4,2,3,3
"2863",1,6,2,8,3,7
"2864",7,7,9,12,10,6
"2865",68,76,59,66,59,61
"2866",7,9,7,5,6,6
"2867",13,16,12,13,15,8
"2868",19,22,19,20,19,19
"2869",7,9,5,5,8,7
"2870",5,8,6,6,8,9
"2871",11,11,10,13,9,11
"2873",11,11,9,11,7,11
"2874",5,9,4,7,7,8
"2875",6,4,5,6,4,4
"2876",12,11,14,12,11,12
"2877",10,13,10,12,12,10
"2878",7,13,7,11,8,10
"2879",13,17,14,15,13,19
"2880",11,12,8,9,8,10
"2881",18,17,17,15,13,15
"2882",14,13,8,12,11,12
"2883",9,7,4,4,7,10
"2884",1,4,1,4,1,3
"2885",10,9,10,9,8,6
"2886",21,28,14,19,20,20
"2887",21,26,19,25,18,23
"2888",2,2,2,2,1,2
"2890",52,49,38,44,39,52
"2891",13,17,11,13,14,16
"2892",22,23,16,20,23,24
"2893",32,32,27,20,25,29
"2894",12,15,13,14,11,12
"2895",14,14,11,14,12,19
"2896",8,9,7,7,8,10
"2897",3,2,2,2,1,3
"2898",4,5,4,6,3,6
"2900",10,10,10,7,9,8
"2901",27,25,22,25,23,24
"2902",10,8,10,9,5,13
"2904",2,2,1,3,2,3
"2905",7,18,10,22,7,19
"2906",2,1,1,3,1,1
"2907",5,4,4,5,4,4
"2909",9,7,5,6,4,7
"2910",4,4,3,3,3,1
"2911",3,5,5,6,6,6
"2912",5,6,8,6,7,5
"2914",10,8,5,8,5,4
"2915",87,102,85,92,82,85
"2916",85,86,65,71,69,76
"2919",38,35,26,27,22,32
"2920",17,16,13,15,13,13
"2921",14,13,12,10,10,13
"2922",25,36,21,24,21,28
"2923",29,41,27,35,28,30
"2924",23,24,19,22,22,27
"2925",17,21,13,17,12,16
"2926",15,19,14,15,9,15
"2928",1,2,1,1,1,1
"2929",92,104,88,76,74,92
"2930",10,16,10,10,8,13
"2931",9,7,11,9,9,11
"2932",22,25,19,27,22,24
"2933",5,6,5,5,4,5
"2934",7,13,19,9,11,9
"2935",20,18,20,22,21,20
"2936",7,9,7,6,6,7
"2937",7,9,7,8,8,8
"2939",1,3,2,2,3,1
"2940",7,10,8,6,5,11
"2941",20,24,22,21,17,25
"2942",22,23,23,27,16,20
"2943",4,7,3,2,5,1
"2944",22,29,26,26,20,21
"2945",3,3,4,3,4,3
"2946",1,11,2,6,1,9
"2947",17,15,18,20,14,18
"2948",3,3,2,4,3,4
"2949",26,26,25,29,23,34
"2950",7,7,7,8,7,5
"2951",43,46,41,33,29,43
"2952",3,3,3,5,3,5
"2953",17,17,11,17,1,2
"2954",14,13,10,9,11,15
"2955",8,8,12,7,9,5
"2957",12,14,7,15,9,16
"2958",18,16,17,15,16,18
"2959",32,38,33,29,30,36
"2960",17,16,16,13,9,15
"2961",5,7,5,5,3,4
"2962",18,21,16,24,15,27
"2963",16,17,12,11,9,16
"2964",6,6,8,7,8,7
"2965",8,15,6,12,5,15
"2966",11,9,9,10,12,13
"2967",3,3,2,1,2,3
"2968",7,10,5,7,6,10
"2971",7,9,6,9,9,10
"2972",20,24,19,21,21,21
"2973",3,8,6,3,3,7
"2974",10,14,15,11,10,14
"2975",16,21,18,18,21,21
"2976",9,9,10,7,8,8
"2977",11,17,8,11,7,10
"2978",92,104,85,94,86,89
"2979",7,9,4,6,3,6
"2980",37,38,41,41,41,46
"2981",10,12,9,8,9,10
"2982",20,17,20,19,18,18
"2983",5,6,6,5,6,6
"2984",32,37,36,29,30,33
"2985",1,6,1,2,1,3
"2986",1,4,2,4,3,4
"2988",11,9,12,9,13,10
"2989",6,9,8,6,8,7
"2991",10,10,9,11,9,11
"2992",8,8,8,9,10,11
"2994",14,17,13,16,10,20
"2995",1,5,2,3,1,5
"2996",40,41,41,46,33,38
"2997",62,57,51,58,55,58
"2998",10,14,11,15,11,12
"2999",1,9,1,9,2,9
"3001",3,2,1,3,1,3
"3002",17,17,12,17,10,8
"3003",28,33,34,29,31,34
"3004",9,9,7,6,6,8
"3006",9,8,9,10,6,9
"3007",28,29,19,26,21,31
"3010",275,297,249,291,255,273
"3011",15,12,11,12,9,10
"3012",8,9,5,5,5,5
"3014",3,4,2,4,1,6
"3016",1,5,10,6,11,6
"3017",4,6,5,6,5,7
"3020",36,28,41,40,24,35
"3021",37,4,41,40,25,36
"3022",35,39,12,33,33,37
"3029",4,13,3,7,3,9
"3032",10,23,9,24,9,18
"3033",4,14,4,14,4,13
"3035",8,12,10,10,13,12
"3036",4,6,4,5,4,5
"3037",8,2,4,3,2,2
"3038",7,6,6,6,6,2
"3039",27,30,28,26,20,28
"3040",8,10,7,8,7,7
"3041",25,33,32,30,30,32
"3042",6,3,3,11,6,5
"3043",79,89,71,81,57,82
"3044",6,8,8,7,8,6
"3045",14,14,15,20,16,17
"3046",30,26,27,28,30,31
"3047",138,156,136,130,131,150
"3048",5,8,6,5,5,5
"3050",19,15,16,9,16,12
"3051",4,5,2,4,4,9
"3052",1,6,4,1,2,4
"3053",4,8,8,7,6,7
"3054",6,6,6,6,5,6
"3055",2,2,4,2,3,3
"3056",7,1,6,4,3,4
"3057",10,8,6,4,10,10
"3058",2,5,5,5,6,4
"3059",2,3,1,1,1,1
"3060",1,2,4,2,3,2
"3061",5,3,2,5,5,3
"3062",7,7,6,2,6,7
"3063",3,3,6,2,3,4
"3064",5,9,6,7,7,10
"3066",6,7,8,7,7,7
"3068",3,4,4,3,3,4
"3069",5,4,6,5,3,5
"3071",21,23,12,16,16,16
"3072",10,12,12,11,10,11
"3073",10,8,11,7,6,7
"3074",6,9,7,8,6,8
"3075",7,11,12,13,10,12
"3076",6,5,4,3,4,5
"3078",4,3,6,4,6,4
"3080",12,12,13,14,13,11
"3081",10,12,11,10,12,11
"3082",21,25,22,22,21,20
"3083",30,30,28,29,25,29
"3084",19,11,15,12,14,8
"3085",10,9,5,5,6,11
"3086",3,4,3,6,3,5
"3088",15,15,14,15,14,14
"3089",22,22,13,19,16,24
"3090",7,1,7,4,6,2
"3091",7,4,5,4,4,4
"3092",12,15,10,14,12,13
"3093",6,8,6,5,4,8
"3094",3,4,4,4,5,5
"3095",124,134,102,115,100,127
"3098",4,7,11,6,7,7
"3099",21,9,22,9,18,10
"3100",2,1,1,1,1,2
"3101",12,8,11,10,11,9
"3103",81,89,73,86,75,83
"3104",63,50,53,47,60,39
"3106",9,13,9,8,8,13
"3107",21,21,18,23,11,22
"3108",5,13,10,6,9,9
"3109",26,29,26,25,28,24
"3110",9,10,6,8,9,10
"3113",1,7,7,3,3,2
"3114",4,5,4,5,4,4
"3117",38,39,37,38,34,36
"3118",6,4,7,7,5,3
"3120",22,25,17,20,17,18
"3122",1,2,2,3,2,2
"3123",2,2,1,2,2,1
"3124",2,3,4,3,6,4
"3125",3,3,2,2,1,2
"3126",20,17,13,22,16,20
"3127",27,22,22,33,25,26
"3128",13,11,7,11,8,11
"3129",9,4,8,2,7,4
"3130",15,8,10,8,12,8
"3131",5,10,5,3,4,3
"3132",8,5,4,5,4,5
"3134",10,6,6,6,10,6
"3137",18,21,15,19,17,15
"3139",22,13,15,6,11,12
"3142",2,2,5,2,1,1
"3143",19,20,19,17,19,17
"3144",3,3,5,2,5,3
"3145",21,16,23,10,23,14
"3146",11,4,16,4,5,5
"3147",16,12,16,1,17,10
"3149",53,56,50,43,46,46
"3154",8,2,7,2,5,1
"3155",37,34,30,26,23,34
"3156",3,4,4,1,1,9
"3157",5,1,2,1,4,1
"3160",5,8,5,9,5,4
"3162",16,14,12,10,14,11
"3166",14,9,12,8,16,10
"3168",10,10,11,7,9,8
"3169",8,4,13,3,12,5
"3171",9,7,6,6,5,6
"3172",2,2,5,1,2,1
"3173",16,23,14,19,12,20
"3177",1,1,1,2,2,1
"3178",2,2,2,4,1,2
"3182",40,27,36,30,40,23
"3183",3,1,1,1,1,2
"3184",25,12,18,11,17,9
"3185",5,2,5,1,4,2
"3186",34,14,39,17,28,16
"3187",15,23,22,23,18,25
"3188",2,1,3,1,1,1
"3192",9,7,9,5,11,5
"3193",5,2,5,4,5,3
"3194",8,5,11,3,11,3
"3199",3,1,4,2,4,4
"3200",21,12,15,10,20,10
"3201",8,11,6,8,8,8
"3205",5,6,6,5,5,7
"3206",12,9,11,6,12,5
"3208",7,4,7,4,6,4
"3209",13,6,6,5,10,4
"3211",17,9,14,5,21,10
"3214",7,3,8,3,8,4
"3215",4,6,5,4,4,4
"3217",10,7,10,7,9,5
"3218",1,1,2,1,2,1
"3220",7,3,6,3,7,2
"3221",64,71,58,61,46,60
"3224",12,6,11,4,7,7
"3225",5,4,1,5,3,3
"3226",19,24,18,18,17,23
"3228",3,4,5,1,3,2
"3229",5,3,6,4,7,2
"3230",9,10,5,8,4,4
"3231",6,3,7,3,8,3
"3232",4,5,7,4,7,3
"3233",55,55,52,50,44,47
"3236",10,11,12,10,15,7
"3239",8,6,7,1,8,5
"3240",16,11,19,5,19,6
"3242",9,10,8,8,11,9
"3243",13,6,15,5,15,6
"3244",11,9,6,9,8,5
"3246",4,2,4,2,2,2
"3248",3,2,2,3,3,2
"3249",28,18,30,16,25,18
"3250",4,4,4,6,4,3
"3252",15,12,9,14,14,12
"3253",2,1,6,1,2,1
"3255",87,88,80,77,78,85
"3256",5,4,2,3,3,2
"3260",9,6,8,5,6,5
"3261",15,15,14,12,14,13
"3263",2,4,1,5,4,5
"3264",7,7,7,5,8,6
"3265",14,12,15,15,13,10
"3267",5,2,2,2,6,1
"3268",3,4,9,9,9,5
"3270",6,2,8,1,6,1
"3271",6,6,8,7,6,5
"3272",16,15,16,16,16,19
"3273",24,29,26,25,20,24
"3274",8,4,8,8,11,6
"3275",6,5,7,8,7,4
"3277",13,14,8,8,9,13
"3280",5,1,3,1,5,1
"3281",2,2,2,1,2,2
"3283",16,5,8,4,10,5
"3284",3,3,3,3,3,1
"3286",3,3,3,1,4,2
"3290",6,4,10,3,8,4
"3291",3,7,2,3,3,2
"3292",5,6,5,4,2,3
"3293",13,6,13,5,14,3
"3301",55,55,46,52,41,54
"3303",11,16,8,11,10,14
"3304",17,18,21,21,19,20
"3305",11,10,8,14,7,10
"3309",4,3,5,2,5,3
"3310",15,14,24,15,23,15
"3313",23,13,21,10,18,16
"3316",13,4,18,7,19,3
"3318",26,32,27,20,25,30
"3319",4,4,4,2,4,1
"3321",6,3,2,2,7,2
"3322",2,4,4,4,2,4
"3324",4,4,5,5,3,3
"3325",11,15,13,13,11,14
"3328",32,35,32,36,35,35
"3329",9,9,6,11,8,8
"3330",7,15,10,14,5,13
"3332",4,5,4,3,4,2
"3333",3,1,2,1,4,2
"3334",91,96,89,92,88,88
"3335",5,4,6,1,3,2
"3337",10,6,9,5,9,7
"3338",13,11,14,12,14,13
"3340",7,7,4,9,7,7
"3341",14,12,12,21,13,17
"3342",7,7,9,7,8,3
"3343",1,1,2,4,1,1
"3347",5,2,6,3,6,2
"3350",9,3,6,5,9,4
"3353",23,18,17,14,18,18
"3356",16,20,15,18,20,17
"3357",3,1,3,1,1,1
"3360",5,4,6,4,5,5
"3361",22,10,15,8,16,10
"3362",5,5,12,4,8,3
"3363",3,2,4,3,3,2
"3364",4,5,4,4,3,3
"3365",35,40,27,38,37,34
"3366",35,21,34,38,33,35
"3367",19,23,19,16,14,16
"3369",46,52,48,44,42,50
"3370",2,1,2,2,2,3
"3371",13,13,15,16,13,17
"3372",7,7,5,5,6,3
"3373",28,37,8,8,9,7
"3374",11,13,15,10,10,13
"3376",12,12,13,11,14,11
"3378",5,2,4,2,3,2
"3386",10,7,9,6,8,6
"3387",9,4,7,4,8,7
"3389",10,6,10,2,9,3
"3390",6,3,7,5,4,3
"3391",5,6,8,4,6,7
"3392",21,10,15,13,15,11
"3393",13,13,16,7,16,9
"3394",5,2,4,3,6,3
"3395",6,1,4,1,2,2
"3397",14,7,16,6,9,8
"3398",7,6,6,7,9,7
"3399",1,1,4,3,3,1
"3402",1,1,2,1,1,2
"3406",3,2,2,1,2,1
"3407",1,1,1,1,1,1
"3408",17,9,17,9,15,13
"3409",6,3,7,4,5,3
"3410",4,3,6,4,7,2
"3412",6,4,5,3,4,5
"3414",9,6,11,4,6,5
"3415",7,3,5,4,3,3
"3416",5,4,7,2,6,3
"3417",9,3,6,4,5,5
"3418",12,8,13,6,10,5
"3419",28,20,24,21,30,19
"3420",6,5,5,3,8,6
"3421",6,1,6,2,3,3
"3422",11,5,10,6,11,5
"3423",9,4,8,5,8,6
"3424",8,6,8,7,7,5
"3426",7,4,6,4,5,1
"3427",7,4,9,4,9,5
"3428",21,14,18,12,17,10
"3429",6,5,7,7,8,6
"3431",3,1,3,1,1,1
"3433",3,2,2,2,2,2
"3434",14,9,10,7,14,7
"3435",7,6,7,3,5,2
"3437",6,2,4,1,2,3
"3438",4,3,2,2,2,4
"3439",5,1,6,1,8,1
"3440",1,1,2,11,1,8
"3442",26,32,27,30,30,33
"3443",1,2,2,2,2,1
"3444",7,5,7,7,6,3
"3447",17,20,14,17,17,17
"3448",20,19,17,20,18,18
"3449",8,7,3,6,5,6
"3450",3,8,4,6,4,4
"3451",5,7,6,10,6,6
"3453",1,1,1,1,1,1
"3455",12,17,17,15,12,14
"3456",4,6,6,6,5,7
"3457",20,23,21,22,19,24
"3458",12,16,10,14,14,13
"3459",17,19,14,12,14,13
"3460",28,35,25,24,25,27
"3461",56,66,64,60,58,58
"3462",3,2,3,2,2,2
"3463",33,32,29,26,22,33
"3464",2,2,1,1,3,4
"3465",2,1,2,2,3,2
"3466",11,17,5,12,7,11
"3468",9,9,9,9,11,10
"3469",7,8,6,9,10,8
"3470",4,6,3,2,4,2
"3471",5,6,3,4,5,3
"3472",7,12,6,7,6,6
"3473",4,7,3,5,3,4
"3474",21,18,15,19,14,20
"3475",3,5,3,5,4,3
"3476",29,40,43,44,33,39
"3477",10,9,13,14,11,9
"3478",4,7,7,8,9,5
"3479",5,9,10,6,11,11
"3480",11,13,8,4,7,8
"3481",5,5,2,3,4,4
"3483",6,8,12,5,7,9
"3484",17,15,15,13,13,17
"3485",9,9,10,12,7,13
"3486",11,13,11,10,9,13
"3487",6,6,10,9,9,8
"3488",25,27,25,27,22,25
"3489",23,18,14,15,12,14
"3491",53,60,45,49,50,50
"3492",8,10,5,4,5,7
"3493",9,11,7,10,8,10
"3494",11,11,12,15,11,15
"3495",8,10,6,6,5,10
"3496",15,8,4,6,13,7
"3497",7,9,6,7,7,8
"3498",57,71,64,65,65,63
"3500",1,3,2,4,3,3
"3501",51,57,50,53,49,57
"3502",39,44,36,33,38,36
"3503",6,12,7,3,4,7
"3504",29,28,30,29,27,32
"3505",19,23,18,19,13,20
"3506",1,6,2,3,3,3
"3507",5,5,5,2,6,5
"3508",12,4,14,6,5,16
"3509",3,2,2,2,2,2
"3510",16,16,15,14,21,15
"3511",4,4,2,6,1,2
"3513",21,21,16,19,14,14
"3515",6,5,6,9,5,6
"3516",31,28,28,31,25,23
"3517",33,42,39,36,38,40
"3518",3,7,7,7,4,6
"3519",23,24,25,22,20,22
"3520",2,6,2,2,5,2
"3523",24,21,19,19,15,21
"3524",3,6,5,6,6,4
"3525",10,6,4,6,8,6
"3527",7,8,10,9,11,9
"3528",5,5,4,8,5,8
"3529",4,6,6,5,4,5
"3530",1,2,1,1,1,1
"3531",4,6,6,9,6,8
"3532",18,23,19,17,15,19
"3533",5,4,2,3,3,4
"3534",14,19,17,16,14,17
"3535",9,9,7,11,7,8
"3536",8,12,12,14,13,12
"3538",4,5,4,5,4,3
"3539",10,10,6,6,5,8
"3541",8,9,8,9,8,10
"3542",14,23,13,16,15,11
"3543",9,11,9,6,6,10
"3544",9,5,7,4,6,6
"3545",2,6,5,3,2,3
"3546",14,14,12,12,14,11
"3548",3,5,4,5,7,2
"3549",11,12,12,11,11,12
"3550",4,2,5,3,4,4
"3552",4,6,6,10,3,6
"3553",13,13,12,12,10,9
"3554",52,58,45,22,49,50
"3555",13,15,13,11,13,13
"3556",11,8,6,9,10,7
"3557",239,259,210,245,221,236
"3558",4,5,6,3,3,4
"3559",3,7,2,1,1,2
"3560",18,21,20,18,17,25
"3561",12,12,11,11,10,10
"3562",8,4,4,5,3,5
"3563",2,3,1,3,4,2
"3564",42,47,38,38,36,48
"3565",3,3,4,5,5,4
"3566",6,10,4,8,10,6
"3567",1,1,2,1,3,1
"3568",37,42,39,43,37,45
"3569",17,23,15,18,14,13
"3570",6,5,2,4,3,3
"3571",10,11,10,8,11,13
"3572",7,9,8,6,7,7
"3573",7,7,2,8,4,8
"3574",7,9,8,12,8,7
"3575",31,32,30,28,9,31
"3576",54,56,60,52,49,52
"3578",23,26,26,27,22,22
"3579",10,14,10,14,12,12
"3580",16,23,12,15,14,18
"3581",5,5,3,1,3,2
"3582",4,1,1,2,4,4
"3585",4,4,3,3,2,3
"3586",19,23,20,24,24,24
"3587",112,127,105,121,110,123
"3588",12,15,15,10,12,10
"3589",8,3,7,5,5,10
"3590",15,14,19,20,16,16
"3591",7,7,7,5,9,4
"3592",14,14,13,14,13,13
"3593",2,4,2,4,2,5
"3594",16,15,13,14,13,15
"3595",72,77,82,88,85,84
"3596",4,7,5,2,6,5
"3597",5,6,4,5,5,4
"3598",4,5,2,4,4,2
"3601",9,12,10,8,9,11
"3602",19,18,12,22,16,18
"3604",18,22,16,21,14,20
"3606",1,3,3,2,5,2
"3608",51,60,46,41,51,54
"3609",3,2,4,3,4,4
"3610",1,2,1,2,1,1
"3611",11,12,14,7,11,13
"3612",4,5,3,8,5,6
"3613",9,12,10,12,11,11
"3614",29,32,23,23,20,23
"3615",8,9,11,11,8,8
"3616",14,11,9,10,8,11
"3617",19,25,16,22,19,20
"3618",3,2,2,2,1,1
"3619",18,22,14,18,15,20
"3620",21,25,18,23,18,24
"3621",4,3,5,5,4,6
"3622",33,32,29,31,23,36
"3623",7,7,8,8,7,8
"3624",2,4,2,4,3,4
"3626",0,4,2,2,3,1
"3627",7,9,6,9,8,6
"3628",26,20,26,27,19,21
"3629",12,16,13,10,9,13
"3630",2,3,3,4,4,3
"3631",11,13,11,10,10,11
"3632",60,72,56,61,53,67
"3633",22,28,23,26,26,23
"3634",52,49,48,55,47,50
"3635",5,10,5,9,5,3
"3636",18,21,22,17,16,22
"3637",13,14,4,10,10,9
"3638",11,14,12,13,14,12
"3639",3,7,5,4,4,4
"3641",4,5,5,4,2,4
"3642",6,7,6,6,8,5
"3643",14,19,15,19,13,15
"3644",1,1,1,2,1,2
"3645",1,1,1,1,1,1
"3646",12,12,13,14,14,8
"3647",23,13,20,18,16,21
"3648",31,39,31,27,27,31
"3649",3,6,4,5,4,2
"3650",8,6,7,6,6,6
"3651",64,64,57,61,53,58
"3652",2,1,3,4,3,2
"3653",11,13,11,13,10,15
"3654",1,1,1,1,1,1
"3655",27,39,30,33,30,29
"3656",6,8,7,7,6,8
"3657",12,16,17,16,17,17
"3659",2,5,2,3,3,4
"3660",12,17,16,14,11,13
"3662",3,2,5,4,3,2
"3663",9,7,7,9,5,10
"3664",20,22,19,22,15,18
"3665",15,15,13,11,12,17
"3666",6,6,5,7,3,5
"3668",68,80,65,78,65,81
"3669",21,19,16,17,17,19
"3671",39,51,39,44,41,46
"3672",27,23,23,26,26,23
"3673",59,60,48,65,56,60
"3674",6,8,10,7,7,8
"3675",14,15,13,14,9,13
"3676",12,7,5,7,9,6
"3678",10,9,11,9,7,11
"3679",7,12,7,9,8,11
"3680",5,5,6,4,4,6
"3681",1,2,1,2,2,1
"3682",41,52,40,45,38,45
"3683",34,41,39,38,34,39
"3684",11,13,9,13,12,10
"3685",4,7,4,5,5,4
"3686",1,3,3,3,4,3
"3687",1,2,1,3,1,1
"3688",49,61,47,53,52,62
"3689",8,8,8,8,7,5
"3691",5,2,7,7,4,10
"3692",8,13,11,9,8,10
"3693",32,32,29,27,29,30
"3695",12,13,7,8,9,10
"3696",9,7,6,5,4,4
"3697",1,5,4,1,4,3
"3698",11,14,12,12,10,11
"3699",36,33,33,31,33,36
"3702",2,2,4,5,3,3
"3703",4,6,4,7,5,5
"3705",8,11,8,8,8,8
"3707",20,19,16,20,16,15
"3708",2,5,3,4,3,3
"3709",14,13,13,10,10,11
"3710",6,4,1,4,2,4
"3711",2,2,4,1,2,1
"3712",14,12,17,12,15,15
"3713",21,22,23,20,21,24
"3714",24,24,22,24,22,27
"3715",3,3,5,9,3,2
"3716",4,5,2,3,2,1
"3717",11,15,13,14,13,13
"3719",7,11,12,16,9,14
"3721",13,12,11,12,9,14
"3722",3,3,2,1,3,4
"3723",4,20,7,19,14,6
"3724",11,16,8,12,15,16
"3726",7,6,7,6,5,7
"3727",8,13,10,9,7,11
"3728",8,5,5,5,5,7
"3729",8,10,9,8,8,6
"3730",15,15,14,13,16,16
"3731",8,7,8,6,7,6
"3732",9,6,9,7,8,7
"3733",42,45,42,35,41,44
"3737",10,9,6,6,7,6
"3738",22,27,21,24,20,25
"3739",7,10,13,8,9,8
"3740",37,44,35,37,29,42
"3742",3,7,2,5,3,4
"3743",4,5,3,2,5,4
"3744",11,13,13,13,15,18
"3745",1,1,1,1,2,1
"3746",34,35,34,35,29,34
"3749",1,4,1,1,2,2
"3751",14,12,14,13,13,17
"3752",13,14,11,11,13,11
"3753",1,4,3,1,4,2
"3754",13,14,9,14,13,18
"3755",54,51,51,45,42,52
"3756",10,10,10,11,11,9
"3757",4,5,4,4,3,5
"3758",4,5,3,2,4,4
"3760",2,3,4,1,2,7
"3762",1,2,1,1,1,2
"3763",7,9,10,11,7,8
"3764",10,12,11,15,14,11
"3765",8,12,12,9,7,10
"3766",13,14,13,8,13,11
"3767",2,4,4,3,3,4
"3769",20,20,18,18,17,22
"3770",1,3,3,4,3,2
"3771",29,31,28,26,32,34
"3773",5,3,6,3,5,3
"3774",20,24,23,28,29,26
"3775",19,15,14,22,14,17
"3777",12,14,11,17,15,11
"3779",15,21,13,17,12,15
"3782",5,5,5,4,3,4
"3783",9,12,12,15,8,14
"3785",1,3,1,2,2,1
"3787",5,3,4,5,3,3
"3790",1,1,1,2,1,1
"3793",7,5,4,2,4,3
"3795",4,7,1,2,1,3
"3796",5,4,4,5,4,5
"3798",6,3,4,5,7,6
"3799",12,14,12,12,13,11
"3801",1,6,1,7,1,5
"3802",8,18,4,16,3,17
"3803",6,8,7,10,6,12
"3804",4,4,2,4,4,5
"3805",2,2,3,3,2,2
"3806",8,6,7,6,5,7
"3807",1,1,1,2,1,2
"3809",3,1,3,4,4,4
"3811",2,1,1,2,1,1
"3813",6,3,4,1,2,2
"3814",2,10,8,6,10,9
"3815",5,4,5,5,2,3
"3816",3,5,5,4,4,7
"3817",2,2,3,3,1,3
"3818",7,9,7,8,7,6
"3819",3,1,1,1,2,2
"3820",15,12,17,11,16,12
"3821",10,9,6,9,9,9
"3822",6,5,5,8,4,2
"3824",2,2,0,2,1,2
"3825",3,4,1,3,1,3
"3826",2,4,3,1,2,1
"3828",135,141,138,145,130,136
"3831",24,29,19,21,28,32
"3832",10,10,10,13,12,11
"3833",1,3,1,1,3,3
"3834",4,6,3,5,5,2
"3835",18,27,20,20,16,21
"3837",7,9,8,8,10,11
"3839",7,8,6,4,6,8
"3840",7,5,4,7,6,5
"3841",20,20,16,16,13,16
"3842",4,4,5,4,4,4
"3844",6,6,5,4,4,5
"3845",2,3,5,4,1,1
"3849",13,21,20,20,17,14
"3850",2,3,2,4,4,2
"3852",7,8,9,10,8,10
"3853",27,26,19,21,19,16
"3854",6,6,3,5,3,6
"3855",7,15,8,10,6,8
"3856",7,6,10,11,9,6
"3859",1,1,4,1,1,2
"3861",1,2,2,1,2,3
"3862",1,5,5,2,4,2
"3863",4,4,4,4,2,2
"3864",1,1,2,2,2,1
"3865",69,89,66,76,63,69
"3866",1,1,3,2,1,1
"3867",3,1,4,2,6,3
"3868",10,8,8,7,6,10
"3869",4,6,5,7,4,4
"3870",8,9,7,4,7,11
"3871",14,12,10,14,16,14
"3872",2,2,3,4,3,3
"3875",13,14,7,5,6,10
"3876",6,6,3,3,4,4
"3877",4,4,1,5,6,2
"3878",20,23,18,18,18,16
"3880",11,13,8,10,4,9
"3882",4,2,4,4,4,5
"3883",5,9,3,5,2,5
"3885",5,7,4,5,4,4
"3886",7,6,3,6,5,4
"3887",2,3,2,4,2,3
"3888",2,3,3,2,3,3
"3889",23,23,21,25,26,23
"3890",1,4,3,5,5,5
"3891",3,3,4,5,2,3
"3892",4,4,2,1,3,4
"3893",1,1,1,1,1,1
"3894",6,5,3,5,1,3
"3895",1,2,2,2,1,2
"3897",6,9,6,4,5,3
"3898",4,7,7,3,5,7
"3900",4,6,6,6,4,6
"3901",1,2,2,1,1,2
"3902",3,5,2,5,2,4
"3904",4,6,6,6,5,7
"3905",10,10,7,10,7,9
"3908",3,5,11,5,4,3
"3910",4,8,7,6,4,9
"3912",2,1,2,3,2,1
"3913",12,13,12,10,10,11
"3915",2,4,3,4,2,4
"3916",2,2,2,1,1,1
"3917",3,4,3,3,2,3
"3918",10,9,10,10,10,9
"3919",6,4,4,8,5,5
"3920",15,11,14,11,11,12
"3923",1,3,5,0,3,2
"3924",3,4,4,4,2,4
"3925",2,7,7,5,3,8
"3926",4,4,4,3,1,2
"3929",10,15,8,5,7,9
"3930",5,5,5,3,6,7
"3933",4,7,6,9,5,4
"3934",3,6,2,2,3,4
"3935",7,9,9,10,9,9
"3936",10,11,9,7,4,10
"3939",3,7,6,5,8,10
"3941",2,3,2,3,3,3
"3943",1,3,2,3,1,3
"3946",26,28,26,22,20,21
"3947",1,2,2,1,2,1
"3948",3,4,5,6,4,3
"3949",76,76,66,78,67,83
"3950",3,5,2,3,5,4
"3951",5,9,9,6,7,10
"3957",7,10,8,9,9,10
"3958",3,5,5,5,5,4
"3959",12,12,7,10,7,9
"3960",2,3,3,1,1,4
"3961",9,7,6,6,10,6
"3962",11,11,9,8,10,11
"3963",22,19,22,23,22,19
"3965",6,9,4,7,5,6
"3966",10,9,8,9,10,11
"3968",2,5,3,3,2,3
"3969",10,14,14,17,13,12
"3970",11,9,12,13,12,9
"3972",4,3,4,2,2,1
"3973",1,4,4,3,6,4
"3974",13,12,8,10,11,8
"3977",6,10,5,5,5,8
"3979",11,9,6,7,7,9
"3980",7,6,3,5,6,6
"3981",6,9,7,4,6,4
"3982",9,8,8,5,3,9
"3985",3,2,2,5,1,3
"3987",21,24,12,16,18,21
"3988",3,1,1,2,2,2
"3989",11,10,11,11,11,4
"3990",2,2,1,1,7,2
"3993",4,7,6,12,8,3
"3994",20,14,8,16,16,13
"3995",61,80,67,65,71,71
"3996",26,36,26,29,24,29
"3997",13,10,15,13,9,12
"3998",14,17,10,13,12,13
"3999",24,27,23,24,23,23
"4000",24,19,19,19,20,19
"4001",7,11,8,9,5,6
"4002",4,3,3,5,1,3
"4003",8,14,8,12,9,9
"4004",5,4,3,8,8,6
"4005",8,6,6,8,4,8
"4006",4,2,3,2,3,1
"4007",3,3,1,0,3,2
"4008",5,6,8,3,3,8
"4009",7,10,13,9,11,8
"4011",9,8,8,6,9,7
"4012",11,11,6,10,10,7
"4013",19,18,16,22,17,20
"4015",11,13,13,14,14,10
"4016",8,10,7,10,4,6
"4017",4,3,2,3,3,2
"4018",11,12,8,13,8,11
"4019",3,2,3,1,2,3
"4020",3,4,3,3,2,2
"4021",4,7,3,11,3,4
"4022",4,5,5,2,5,3
"4023",8,7,9,6,7,11
"4025",3,2,2,2,3,1
"4027",4,5,2,6,5,6
"4028",12,6,8,9,8,7
"4030",4,6,5,3,4,4
"4031",3,6,3,5,7,4
"4032",8,8,8,4,4,9
"4035",36,42,30,40,39,40
"4036",6,3,5,6,6,6
"4037",2,4,2,4,2,3
"4038",1,1,1,2,2,1
"4042",1,4,4,5,4,3
"4044",6,4,5,6,3,7
"4046",6,5,5,4,1,3
"4048",0,1,0,0,1,3
"4049",2,4,2,2,1,3
"4050",3,1,2,0,2,0
"4051",8,7,8,7,6,8
"4055",4,4,5,6,6,6
"4056",1,1,3,1,3,2
"4057",1,6,5,4,5,4
"4058",7,8,9,5,7,11
"4059",18,14,15,15,10,16
"4060",9,7,11,8,12,9
"4061",27,26,21,29,25,23
"4062",1,1,1,1,2,1
"4063",11,13,12,12,11,10
"4064",16,13,14,13,11,12
"4065",36,37,32,38,37,38
"4066",6,7,6,7,6,7
"4067",4,3,2,1,1,2
"4068",7,5,5,4,3,6
"4069",12,9,6,9,7,7
"4073",10,12,10,6,7,9
"4074",2,1,1,2,2,3
"4075",3,5,4,4,4,3
"4076",27,26,19,24,20,19
"4078",17,14,10,12,9,14
"4079",15,17,7,16,14,15
"4081",6,9,5,8,5,10
"4082",3,3,1,1,3,3
"4083",5,6,5,5,7,5
"4084",4,4,1,1,3,4
"4086",6,4,7,6,4,2
"4087",5,2,2,2,4,4
"4088",3,1,2,3,2,2
"4089",1,2,1,1,2,2
"4091",13,16,12,15,13,11
"4096",6,7,5,6,5,8
"4098",17,20,14,15,15,15
"4099",14,18,18,10,18,7
"4100",2,3,2,1,3,3
"4101",6,9,8,9,7,11
"4102",2,1,3,4,4,2
"4103",20,22,20,20,16,21
"4104",4,7,6,3,6,7
"4106",12,12,13,14,8,11
"4107",3,1,2,3,2,1
"4108",2,3,3,2,3,3
"4110",12,11,14,12,11,14
"4111",1,1,1,1,2,1
"4113",2,4,1,1,4,3
"4115",19,17,14,14,14,16
"4116",20,15,17,17,18,18
"4118",16,12,13,12,12,13
"4119",1,0,1,1,0,1
"4120",8,14,7,6,12,8
"4121",19,27,20,21,18,19
"4124",20,17,17,11,19,16
"4125",6,6,5,7,5,10
"4126",2,2,1,4,3,2
"4128",16,14,15,18,18,13
"4129",4,4,4,3,1,5
"4130",3,4,1,2,2,3
"4131",4,5,3,7,6,3
"4133",2,3,3,4,4,3
"4134",30,26,27,25,23,26
"4135",2,5,4,4,4,5
"4136",32,35,30,34,32,37
"4137",10,12,7,10,9,7
"4138",26,26,21,24,24,22
"4139",4,7,2,4,2,3
"4141",1,1,1,1,1,1
"4142",2,5,3,3,5,2
"4143",2,3,1,0,4,3
"4144",12,13,12,14,6,7
"4145",5,8,8,7,9,8
"4148",6,4,5,4,4,5
"4149",5,11,6,4,8,6
"4155",5,3,3,3,2,1
"4156",4,8,2,6,3,3
"4158",8,9,9,9,8,9
"4159",6,6,11,6,9,7
"4160",4,4,2,4,1,2
"4162",10,10,9,8,9,9
"4163",1,4,1,1,2,3
"4164",12,12,10,10,13,8
"4165",2,1,2,4,2,2
"4166",5,3,5,5,4,6
"4168",3,2,3,4,2,6
"4169",4,4,6,3,4,4
"4171",6,7,5,5,5,5
"4172",2,2,2,3,3,3
"4174",14,19,9,6,12,7
"4177",5,5,7,7,5,8
"4178",2,1,2,2,3,1
"4179",8,7,6,6,9,9
"4180",12,12,11,13,12,14
"4181",4,5,5,4,6,5
"4183",2,1,1,1,2,1
"4184",48,51,44,35,43,51
"4186",8,6,4,6,5,2
"4188",7,7,6,5,6,8
"4190",1,1,1,3,3,4
"4191",3,4,5,5,8,4
"4193",23,25,17,24,22,23
"4197",5,6,4,6,4,5
"4198",3,4,4,3,1,2
"4202",11,17,11,10,9,12
"4204",9,12,8,14,8,13
"4205",12,4,6,5,3,7
"4206",6,5,2,5,3,4
"4207",6,14,12,11,7,10
"4209",4,3,4,5,3,3
"4210",21,1,22,1,21,22
"4212",5,2,5,2,1,1
"4213",23,25,20,19,14,22
"4214",18,18,16,15,14,18
"4215",3,2,2,1,2,2
"4217",6,8,3,4,4,5
"4218",4,2,2,3,2,2
"4220",12,24,21,24,23,24
"4221",7,14,9,8,9,8
"4223",3,4,2,4,3,1
"4224",6,7,4,5,5,3
"4225",2,4,2,3,2,4
"4226",4,5,4,5,2,5
"4228",6,6,4,2,1,3
"4231",2,4,1,2,2,3
"4232",3,7,2,4,1,1
"4233",10,13,18,14,10,16
"4234",3,3,1,3,2,4
"4236",26,29,18,26,21,25
"4239",1,3,2,3,1,3
"4241",13,14,13,15,18,16
"4242",31,31,31,30,29,28
"4243",22,18,16,19,15,18
"4244",7,7,11,10,8,8
"4245",2,1,1,1,1,1
"4246",8,3,2,3,4,1
"4247",7,6,4,4,4,3
"4248",4,5,6,9,9,5
"4249",15,13,10,12,7,12
"4250",5,8,8,10,8,8
"4251",1,3,2,2,3,2
"4253",4,4,5,6,4,5
"4255",1,2,2,1,1,2
"4256",6,3,5,6,4,6
"4257",2,3,2,1,1,2
"4258",20,18,16,19,22,21
"4259",43,58,45,53,42,54
"4260",1,3,2,2,2,3
"4262",3,2,2,3,1,2
"4263",3,2,1,6,3,4
"4264",3,4,4,3,4,5
"4265",1,1,3,1,3,3
"4266",1,2,2,4,1,2
"4267",13,10,11,11,9,10
"4269",18,15,17,18,16,20
"4271",5,5,4,5,5,6
"4272",4,4,3,3,3,2
"4273",9,9,8,7,7,6
"4274",10,10,11,12,13,11
"4277",25,32,25,29,30,19
"4279",11,12,9,12,11,14
"4280",4,8,6,2,4,7
"4281",4,3,6,3,3,5
"4283",1,2,3,1,4,3
"4284",7,10,5,6,7,13
"4285",7,8,10,3,5,4
"4286",10,9,11,14,13,11
"4287",9,10,9,10,7,10
"4289",4,4,6,1,3,2
"4290",5,4,5,6,2,5
"4291",4,4,3,6,3,3
"4292",39,46,37,41,31,39
"4294",3,3,3,4,3,3
"4295",3,3,3,2,4,4
"4298",5,4,4,7,5,7
"4299",7,6,8,8,7,5
"4300",1,1,1,1,3,2
"4301",3,3,3,2,4,2
"4303",44,53,45,53,41,38
"4304",12,17,15,15,18,15
"4305",5,6,3,1,1,5
"4308",7,7,8,11,8,7
"4309",7,11,8,8,6,9
"4310",79,88,68,67,64,81
"4311",10,7,6,8,8,10
"4312",34,41,38,36,27,35
"4315",4,4,5,5,5,3
"4316",1,1,1,1,2,3
"4317",27,28,30,27,30,30
"4318",3,3,3,5,2,2
"4319",5,4,3,4,4,3
"4320",8,7,5,6,6,6
"4322",1,1,1,1,1,1
"4323",18,18,17,16,18,17
"4324",4,7,4,5,5,4
"4325",5,4,6,8,7,6
"4326",10,21,15,11,12,11
"4327",3,4,3,5,4,3
"4328",2,3,3,3,2,4
"4330",38,60,41,66,52,63
"4331",27,36,21,24,23,31
"4332",6,9,8,10,8,10
"4333",19,21,22,24,19,20
"4334",11,11,10,12,7,12
"4335",1,3,1,2,3,3
"4336",44,48,35,43,40,43
"4337",7,6,5,7,5,7
"4338",12,11,9,11,8,9
"4339",32,33,37,37,37,36
"4340",11,13,11,11,8,8
"4341",54,60,54,55,45,56
"4342",28,27,29,26,25,27
"4343",22,18,17,17,12,17
"4344",5,7,6,8,5,7
"4346",18,27,21,15,15,16
"4347",35,36,32,34,34,31
"4348",7,7,5,7,3,6
"4349",5,5,6,5,6,4
"4351",9,11,13,11,9,8
"4352",4,4,4,3,4,4
"4354",3,6,1,2,4,2
"4355",1,2,1,1,1,0
"4357",12,14,12,14,9,9
"4358",13,16,11,16,11,14
"4359",3,1,1,1,2,4
"4362",3,3,2,5,4,3
"4363",6,9,9,8,7,7
"4364",9,11,10,10,12,9
"4365",3,4,2,4,1,4
"4367",48,49,41,43,44,46
"4368",6,6,3,7,8,8
"4369",3,3,2,2,1,3
"4370",4,3,4,4,3,4
"4371",8,6,8,12,8,7
"4372",2,2,2,2,3,3
"4374",4,4,4,3,5,3
"4378",1,1,2,3,2,1
"4380",11,6,8,8,12,7
"4381",4,4,3,4,4,4
"4383",1,1,1,3,1,3
"4384",3,5,3,4,3,4
"4385",10,12,8,9,6,8
"4386",3,6,3,2,3,7
"4387",17,16,14,22,19,21
"4389",9,10,10,9,9,10
"4390",3,5,5,2,3,4
"4392",5,6,6,3,4,3
"4393",2,2,1,2,2,1
"4394",3,4,2,2,3,2
"4395",6,8,8,9,6,11
"4396",12,15,11,10,9,14
"4397",3,5,2,1,2,1
"4399",14,11,11,10,9,10
"4401",3,4,4,3,4,5
"4402",1,1,1,1,1,1
"4404",7,4,3,7,4,7
"4405",12,11,10,13,12,14
"4406",3,1,2,1,3,5
"4407",18,19,23,18,23,21
"4410",3,3,2,4,3,5
"4411",3,2,2,2,3,1
"4413",19,20,19,23,20,20
"4415",5,2,3,3,3,2
"4416",6,6,7,6,5,6
"4418",2,4,6,4,4,5
"4419",3,2,1,2,3,1
"4420",3,9,3,7,6,6
"4423",15,17,14,18,13,17
"4426",1,1,3,1,2,1
"4427",7,9,5,8,5,7
"4428",1,2,1,1,1,2
"4429",7,6,7,7,4,6
"4431",5,6,8,8,8,3
"4433",2,3,3,2,2,2
"4435",15,16,12,14,10,12
"4436",8,10,9,11,9,12
"4439",16,19,14,12,13,10
"4440",4,4,4,5,4,7
"4442",6,8,6,3,6,7
"4444",16,15,14,13,12,17
"4445",3,3,3,3,2,4
"4446",4,7,8,6,5,8
"4447",7,8,4,5,5,5
"4448",4,4,5,8,7,5
"4449",8,7,6,6,3,6
"4450",9,11,9,6,6,6
"4451",8,14,5,10,12,15
"4452",12,12,10,10,7,10
"4453",2,3,3,4,3,3
"4454",2,5,5,6,3,5
"4455",3,2,1,1,1,1
"4458",18,17,18,15,16,16
"4459",3,3,3,7,4,4
"4460",1,2,2,6,1,0
"4462",10,18,12,16,11,15
"4465",21,25,23,18,25,24
"4466",13,10,12,11,8,9
"4468",11,13,11,10,8,10
"4469",3,3,4,5,3,4
"4470",3,5,3,4,6,3
"4471",8,8,8,7,6,8
"4472",3,7,2,5,2,6
"4473",3,1,1,3,1,1
"4474",10,16,12,12,9,12
"4476",4,5,5,7,5,7
"4477",6,5,5,5,5,3
"4480",6,8,6,4,5,6
"4481",3,2,3,2,3,2
"4482",5,4,5,7,6,7
"4483",5,8,8,8,6,10
"4484",15,18,12,13,11,18
"4485",6,7,6,10,7,7
"4486",4,6,7,1,3,5
"4487",13,15,17,16,10,18
"4488",2,3,4,5,3,1
"4489",11,10,7,14,8,7
"4493",1,3,2,3,2,2
"4494",4,3,2,3,4,4
"4495",3,2,2,2,2,1
"4497",3,3,1,4,2,3
"4499",4,4,1,3,3,2
"4500",1,1,2,2,2,1
"4503",7,7,7,9,7,7
"4504",3,2,2,2,3,3
"4505",5,2,1,5,4,4
"4506",5,5,2,3,4,4
"4507",8,12,12,6,8,6
"4508",21,20,24,19,21,19
"4509",3,6,3,2,2,2
"4510",8,11,11,6,7,9
"4511",19,23,13,15,11,18
"4512",4,8,7,6,8,7
"4513",8,11,6,6,8,7
"4515",19,19,21,19,19,19
"4516",3,3,2,2,3,2
"4517",4,3,6,3,5,2
"4519",12,12,9,10,11,5
"4520",2,2,1,3,2,1
"4522",4,6,2,3,2,3
"4523",14,25,20,18,19,17
"4526",9,11,9,11,10,12
"4528",5,5,1,5,3,4
"4529",6,4,6,6,9,7
"4533",7,10,7,5,3,4
"4534",16,15,14,21,17,19
"4535",2,7,4,9,5,5
"4536",10,8,21,23,6,19
"4537",4,5,4,6,6,8
"4538",12,7,9,7,9,7
"4539",6,7,2,5,4,2
"4540",5,5,4,5,4,3
"4543",2,6,6,9,7,5
"4544",15,13,15,13,12,16
"4545",6,4,4,8,4,5
"4546",6,4,2,10,8,3
"4547",3,4,4,2,3,5
"4548",12,11,11,11,11,11
"4549",15,22,16,12,13,16
"4550",5,7,7,5,5,8
"4551",7,8,6,6,7,5
"4552",4,6,5,3,4,6
"4554",2,4,1,2,1,2
"4556",5,2,5,4,4,2
"4559",10,3,7,2,6,3
"4560",7,6,5,8,6,6
"4561",6,7,8,6,6,4
"4562",11,11,16,14,11,11
"4563",9,14,8,9,8,12
"4564",5,7,7,5,5,4
"4565",31,35,30,32,34,32
"4566",35,36,30,33,31,36
"4567",6,9,5,6,9,6
"4568",12,9,9,9,6,8
"4569",34,42,33,38,37,33
"4571",5,5,3,3,4,2
"4572",13,16,13,11,13,9
"4573",3,6,6,6,5,5
"4574",9,13,8,13,12,11
"4576",8,12,8,12,9,8
"4578",2,2,2,2,3,2
"4580",8,9,10,11,9,10
"4582",8,13,10,12,10,8
"4584",29,25,25,23,22,24
"4585",13,12,9,9,9,11
"4586",14,14,14,17,16,12
"4588",2,2,3,2,2,2
"4589",19,24,21,24,14,16
"4590",2,2,2,1,3,2
"4591",2,2,1,1,1,1
"4592",25,26,24,31,26,30
"4593",9,9,10,13,8,6
"4594",5,3,3,3,5,2
"4595",21,23,17,16,11,17
"4597",18,22,18,18,17,18
"4598",16,20,15,16,11,15
"4599",1,1,1,1,1,1
"4600",5,11,9,7,6,8
"4601",4,5,3,4,3,4
"4602",3,1,1,2,1,1
"4603",26,30,24,21,21,23
"4604",6,6,5,4,3,4
"4606",5,4,4,4,2,4
"4607",6,7,6,8,5,6
"4608",71,76,58,68,63,69
"4609",10,12,9,11,10,13
"4610",7,7,5,10,8,7
"4611",13,16,12,10,10,14
"4612",11,8,6,9,8,8
"4613",11,9,7,9,8,10
"4615",3,1,3,0,2,1
"4616",11,18,13,12,10,15
"4617",2,2,3,2,2,2
"4619",2,2,1,1,2,1
"4621",16,17,17,9,20,15
"4622",2,2,1,2,2,2
"4623",12,11,11,14,11,9
"4624",4,5,3,2,3,2
"4625",6,7,6,8,8,7
"4626",2,1,1,3,2,2
"4628",11,8,11,12,11,12
"4629",1,1,1,2,2,2
"4630",2,1,1,2,1,2
"4631",143,156,123,146,140,152
"4632",30,31,27,28,22,26
"4634",4,6,4,4,4,3
"4635",2,7,2,2,3,2
"4636",9,9,9,5,8,8
"4637",4,7,8,6,7,6
"4639",4,1,1,1,2,3
"4640",6,3,2,3,3,3
"4641",5,3,4,6,5,2
"4643",3,3,4,3,4,3
"4644",3,3,4,7,4,4
"4645",2,1,1,1,2,1
"4646",4,5,4,3,4,4
"4647",4,8,6,5,4,5
"4651",3,2,3,2,2,5
"4652",3,5,4,4,2,4
"4653",9,10,5,7,5,5
"4654",2,4,1,4,4,3
"4656",17,11,12,12,9,12
"4658",4,7,7,4,5,6
"4660",6,4,3,4,4,5
"4661",3,7,2,3,6,2
"4662",14,16,14,10,16,16
"4663",13,16,14,19,12,14
"4668",5,4,2,2,4,4
"4669",9,11,9,8,12,9
"4670",2,3,4,5,2,4
"4671",3,5,1,4,2,3
"4672",6,3,6,5,5,6
"4673",1,1,1,1,1,1
"4674",9,7,6,5,7,9
"4675",7,10,6,6,6,4
"4676",5,4,2,4,4,6
"4679",5,9,8,7,6,8
"4680",7,10,9,15,9,9
"4681",8,6,6,8,7,8
"4682",4,4,2,5,4,2
"4684",6,8,4,5,6,5
"4686",2,1,1,2,2,2
"4687",141,127,106,127,124,117
"4690",19,20,18,20,21,20
"4692",6,6,6,9,8,8
"4693",4,2,3,3,1,2
"4694",21,19,17,25,13,18
"4696",3,2,2,4,1,1
"4699",6,8,8,6,6,8
"4701",12,10,5,7,9,11
"4702",2,3,2,2,4,4
"4703",9,12,9,10,9,13
"4704",4,4,2,4,3,3
"4705",4,5,5,3,3,4
"4707",6,8,8,4,6,8
"4709",4,2,2,2,1,2
"4711",5,3,5,7,5,5
"4712",11,7,8,6,9,5
"4713",18,20,17,20,16,21
"4715",6,7,8,9,9,6
"4716",17,15,13,16,16,12
"4717",6,5,7,5,3,5
"4718",10,11,9,9,10,13
"4719",1,1,2,1,1,1
"4721",8,7,6,6,5,6
"4722",15,13,11,11,11,9
"4723",2,3,2,1,2,2
"4724",4,5,4,4,3,2
"4725",3,6,2,5,1,3
"4726",26,28,27,25,24,23
"4727",6,8,8,5,5,5
"4728",12,14,13,15,15,15
"4730",4,5,5,5,2,3
"4731",7,9,6,3,5,6
"4732",2,2,2,3,3,3
"4733",5,10,9,7,11,6
"4734",1,2,1,1,1,1
"4735",4,7,3,6,6,5
"4737",27,33,30,25,33,33
"4738",3,4,5,4,5,4
"4739",14,18,16,16,16,17
"4740",27,30,30,29,23,30
"4742",5,9,5,3,5,3
"4745",1,4,6,5,4,2
"4746",6,7,5,4,5,7
"4747",5,4,5,5,6,6
"4748",4,3,1,4,3,6
"4749",2,4,1,2,1,6
"4750",19,18,19,20,19,20
"4751",8,8,7,7,7,11
"4752",6,7,6,5,3,5
"4754",2,3,2,4,4,1
"4755",2,4,2,2,2,2
"4756",3,5,4,3,5,3
"4757",3,4,1,2,1,1
"4758",3,4,4,5,2,3
"4759",11,10,7,6,7,10
"4760",2,4,2,3,3,3
"4763",8,5,6,8,5,7
"4766",5,4,6,5,5,4
"4767",9,12,12,10,9,10
"4769",2,1,2,2,1,1
"4771",3,2,1,3,1,3
"4772",12,13,12,10,9,9
"4773",3,1,1,1,3,1
"4776",6,4,3,4,3,4
"4777",11,17,10,13,11,17
"4779",12,9,6,10,4,6
"4780",2,3,5,1,5,3
"4781",9,11,11,13,15,16
"4783",3,4,3,6,6,5
"4786",8,9,6,6,7,8
"4787",12,16,14,12,13,15
"4789",4,4,2,2,2,4
"4790",11,9,10,8,8,11
"4791",7,7,5,7,2,5
"4792",3,3,2,4,3,3
"4793",4,5,6,8,9,7
"4794",4,5,2,5,4,6
"4797",4,5,3,1,3,6
"4798",1,1,1,1,1,1
"4800",9,10,8,9,12,7
"4801",7,5,7,5,6,6
"4802",4,3,4,3,3,3
"4805",3,5,4,4,5,7
"4806",5,8,7,5,7,8
"4807",4,5,8,4,4,5
"4808",21,17,17,15,15,17
"4809",4,4,2,4,1,1
"4810",4,6,7,5,7,7
"4811",11,14,10,11,16,15
"4812",3,1,2,1,2,2
"4817",5,5,3,3,3,2
"4818",6,3,4,5,3,3
"4821",7,8,7,10,10,8
"4822",20,19,18,16,15,16
"4824",1,1,2,5,2,3
"4825",5,6,3,7,5,5
"4826",1,1,1,2,2,1
"4827",6,9,8,10,6,7
"4830",4,3,5,5,5,5
"4833",1,5,1,8,3,4
"4834",2,5,4,5,2,2
"4835",4,5,5,4,5,5
"4837",4,4,4,3,5,3
"4838",8,16,14,10,12,14
"4839",9,10,8,8,7,9
"4840",6,6,5,5,5,7
"4841",16,11,12,9,15,12
"4842",11,12,8,11,10,14
"4843",5,5,2,3,5,4
"4844",4,6,4,4,3,7
"4845",7,5,5,5,5,6
"4846",1,5,3,5,1,5
"4847",19,20,21,18,18,20
"4851",3,7,6,5,4,7
"4852",9,8,6,6,6,6
"4853",8,10,8,7,6,11
"4855",7,5,5,5,5,10
"4856",17,15,14,20,14,13
"4858",5,7,8,8,8,8
"4859",3,1,1,2,2,2
"4860",2,3,3,2,3,4
"4862",21,25,24,22,17,20
"4864",2,5,1,3,2,3
"4865",35,32,33,34,32,33
"4867",1,1,1,1,2,1
"4868",3,4,4,2,3,4
"4869",2,6,9,5,4,4
"4870",4,6,3,7,6,2
"4871",21,26,18,25,18,18
"4872",14,14,14,9,6,11
"4873",50,40,31,41,30,37
"4874",8,6,6,2,7,7
"4878",10,14,13,13,10,8
"4879",22,19,15,18,17,14
"4881",9,13,15,9,13,12
"4882",4,6,1,2,4,3
"4884",3,4,5,6,4,4
"4885",7,8,8,11,10,6
"4886",13,9,10,11,10,9
"4887",2,5,1,4,2,4
"4889",6,7,6,5,6,4
"4890",2,1,2,2,0,2
"4892",5,5,7,4,5,5
"4893",6,6,8,6,4,6
"4899",14,18,14,18,14,16
"4901",1,1,1,3,3,3
"4903",9,9,8,9,7,8
"4904",2,3,1,3,3,3
"4905",12,11,9,8,7,11
"4906",3,2,1,2,3,1
"4908",2,1,1,2,3,1
"4910",1,1,1,1,3,1
"4911",8,5,7,6,6,7
"4912",2,3,2,1,2,2
"4913",7,10,3,7,6,9
"4915",6,10,5,6,6,7
"4916",7,9,9,8,8,8
"4917",2,1,2,2,1,2
"4918",4,5,3,6,5,1
"4921",6,5,7,6,6,5
"4922",10,4,6,8,5,5
"4923",3,1,3,1,3,2
"4925",4,3,3,2,3,3
"4926",5,6,5,4,5,6
"4927",27,31,20,24,30,36
"4928",8,6,6,8,7,4
"4930",35,38,33,30,32,33
"4931",2,2,1,2,1,2
"4932",4,3,2,3,4,2
"4933",6,4,6,4,2,3
"4935",4,4,3,6,3,5
"4936",6,6,4,2,3,3
"4937",11,8,12,9,8,11
"4938",5,6,6,6,5,8
"4939",7,8,5,8,7,9
"4940",18,24,19,24,14,19
"4941",11,9,8,7,8,4
"4943",4,5,8,7,4,5
"4944",9,10,7,13,7,9
"4945",2,3,3,3,3,2
"4946",1,1,3,3,2,3
"4947",6,6,5,6,4,6
"4948",2,2,1,3,3,3
"4950",3,6,3,5,5,5
"4951",4,5,4,4,2,2
"4953",2,2,1,2,1,3
"4956",4,4,4,5,5,4
"4957",7,4,6,4,7,3
"4958",7,9,3,5,5,7
"4961",4,4,3,6,3,3
"4962",8,5,5,5,6,8
"4963",2,3,3,5,5,3
"4964",2,3,1,2,1,2
"4965",2,6,1,5,3,4
"4967",16,9,9,11,11,11
"4968",1,1,1,1,2,1
"4970",2,5,3,4,5,4
"4971",1,3,2,2,2,2
"4973",13,11,11,8,8,13
"4974",4,5,5,6,4,4
"4975",3,4,4,3,3,2
"4977",9,11,10,11,9,11
"4979",11,11,5,11,10,13
"4980",1,2,2,2,5,2
"4981",5,7,5,3,7,7
"4982",2,5,4,3,1,7
"4983",5,4,7,7,6,7
"4984",6,3,9,5,9,9
"4985",5,9,7,9,7,6
"4987",5,5,5,2,3,3
"4988",1,2,1,2,1,1
"4989",7,7,7,9,2,3
"4990",11,15,8,8,9,12
"4991",4,5,5,5,6,5
"4992",6,6,6,7,3,6
"4993",59,66,55,60,51,71
"4994",4,5,6,5,5,3
"4995",16,14,15,15,13,13
"4996",10,10,4,6,5,8
"4997",16,15,10,15,10,13
"4998",7,7,6,7,3,5
"5000",8,6,8,7,3,5
"5001",4,5,6,6,3,2
"5004",11,12,11,12,12,8
"5006",2,1,1,1,1,1
"5007",3,4,4,6,4,6
"5008",6,8,5,6,4,8
"5009",3,5,2,3,3,2
"5010",10,14,8,9,9,10
"5011",1,1,3,2,2,1
"5012",2,2,3,2,1,2
"5014",13,14,7,13,10,11
"5015",6,6,7,7,5,7
"5016",4,4,4,4,4,4
"5017",8,5,5,3,2,6
"5018",32,37,29,28,24,29
"5019",16,16,16,18,17,15
"5020",6,5,2,5,5,6
"5021",13,10,13,9,11,13
"5022",5,9,6,6,6,5
"5023",7,8,9,6,6,7
"5024",1,3,3,3,3,1
"5025",32,32,23,27,20,27
"5026",34,34,29,25,27,31
"5029",20,20,19,16,16,23
"5030",37,42,29,44,38,35
"5031",6,3,2,3,2,3
"5032",1,3,3,2,3,4
"5033",5,3,3,6,4,4
"5037",6,10,3,4,8,4
"5038",2,2,1,4,3,2
"5040",6,8,5,9,7,8
"5041",12,16,13,14,10,13
"5042",19,15,20,19,18,16
"5043",1,5,3,3,1,5
"5044",3,2,3,4,5,3
"5045",4,3,4,6,3,5
"5047",2,2,2,2,2,2
"5049",3,4,4,5,7,4
"5050",2,1,2,2,2,2
"5051",2,1,1,1,1,1
"5052",19,21,20,13,20,18
"5054",7,8,4,7,5,8
"5056",9,8,5,10,7,8
"5057",2,3,1,1,3,1
"5058",18,20,11,16,12,17
"5059",20,22,23,16,23,22
"5061",5,6,1,4,5,5
"5062",7,7,7,8,5,6
"5063",4,5,2,4,3,2
"5064",25,24,25,26,20,22
"5067",4,5,5,5,4,4
"5068",6,4,4,1,4,4
"5069",4,5,4,4,6,6
"5070",4,4,4,6,5,6
"5071",2,5,6,1,1,4
"5072",3,3,1,2,1,2
"5073",7,10,5,6,10,8
"5074",6,5,5,6,5,6
"5075",11,10,10,12,11,11
"5076",5,3,4,7,4,6
"5078",4,2,8,3,4,5
"5080",8,12,8,5,7,9
"5081",1,2,3,2,3,2
"5084",4,4,3,3,3,3
"5086",7,4,6,7,4,7
"5087",3,1,3,4,3,5
"5089",4,5,5,5,4,5
"5091",4,6,4,9,5,4
"5092",1,1,1,3,1,2
"5093",3,3,3,2,3,3
"5094",3,3,2,2,3,3
"5095",8,11,8,6,7,9
"5096",11,8,7,7,8,8
"5097",2,3,1,4,4,2
"5099",3,8,5,5,3,6
"5100",11,12,10,9,10,11
"5101",10,9,6,4,6,9
"5102",4,5,6,5,4,5
"5103",1,2,2,2,1,2
"5104",7,4,6,6,6,6
"5105",8,10,12,11,9,11
"5109",1,3,1,1,1,2
"5111",7,6,4,10,5,6
"5113",6,8,6,8,9,8
"5114",7,3,3,4,4,5
"5115",22,18,10,15,11,10
"5116",6,8,8,10,10,9
"5117",11,10,9,12,6,11
"5118",8,9,7,5,4,5
"5119",15,22,15,17,15,17
"5120",7,6,8,10,8,9
"5121",2,3,2,1,2,2
"5122",6,7,2,8,4,7
"5123",4,5,4,3,3,4
"5124",10,12,9,4,8,9
"5126",3,6,5,5,2,3
"5127",6,9,6,10,10,6
"5128",5,4,6,8,6,6
"5129",2,6,5,4,3,6
"5130",3,3,1,1,2,1
"5131",5,6,6,6,5,7
"5132",8,9,6,6,7,8
"5133",1,6,4,8,6,10
"5134",3,2,1,2,1,4
"5135",3,5,2,1,1,1
"5136",32,38,30,33,30,29
"5137",4,4,1,2,5,3
"5138",10,15,10,8,7,9
"5139",7,4,7,8,6,7
"5140",2,5,6,4,5,4
"5142",3,2,3,3,2,2
"5144",11,10,8,8,8,10
"5146",4,3,2,4,4,3
"5147",5,5,5,6,5,6
"5148",4,8,7,10,7,5
"5149",5,4,1,3,4,4
"5151",6,5,2,3,3,4
"5153",3,4,4,3,1,3
"5154",2,2,3,3,2,4
"5155",10,10,13,9,11,8
"5159",37,39,37,37,36,41
"5161",2,3,2,1,1,4
"5162",15,18,12,11,11,12
"5163",6,10,5,4,8,8
"5164",3,10,4,4,6,4
"5165",9,15,11,15,8,9
"5166",36,46,36,47,32,39
"5167",10,14,10,9,9,10
"5168",4,4,3,4,1,5
"5169",6,7,5,6,8,5
"5171",17,18,14,12,12,19
"5173",6,8,6,7,5,4
"5174",2,7,2,3,2,4
"5175",7,10,10,10,10,10
"5176",6,14,7,6,5,6
"5177",19,19,17,21,19,15
"5178",5,6,4,5,6,4
"5179",8,20,9,9,5,8
"5180",4,2,4,3,3,3
"5182",17,16,15,14,12,20
"5185",3,1,1,5,5,2
"5186",6,6,5,5,6,8
"5187",10,11,9,7,8,8
"5188",6,10,8,5,11,7
"5189",5,5,4,2,3,2
"5190",13,8,8,8,7,7
"5191",1,1,2,1,1,1
"5192",21,27,20,22,22,28
"5193",2,2,1,2,2,1
"5194",17,17,10,13,10,15
"5195",5,4,6,3,4,3
"5197",6,8,5,8,6,8
"5198",4,2,3,3,3,2
"5200",4,3,3,2,2,5
"5203",1,2,2,2,2,1
"5204",4,4,3,3,1,3
"5205",5,6,3,3,6,7
"5207",21,24,23,28,21,33
"5208",8,11,13,12,13,8
"5212",4,8,3,5,5,7
"5214",5,3,4,5,4,5
"5215",4,8,8,6,5,4
"5216",16,17,13,11,16,11
"5217",24,23,16,22,18,23
"5218",4,3,2,2,1,3
"5219",14,15,15,16,13,14
"5220",6,5,9,7,6,10
"5221",5,8,11,8,7,6
"5223",1,2,2,6,2,2
"5224",2,3,4,6,1,6
"5227",4,3,6,4,4,4
"5228",1,2,2,3,2,3
"5229",9,12,5,10,4,6
"5230",26,27,20,31,24,26
"5231",6,4,5,6,6,5
"5232",8,9,6,10,6,7
"5233",3,3,2,2,3,3
"5234",9,8,5,8,5,6
"5235",4,6,4,6,5,6
"5236",19,20,11,13,10,14
"5237",4,6,5,6,5,6
"5238",20,20,21,22,15,15
"5240",3,3,2,3,3,5
"5243",1,3,3,2,3,6
"5246",5,4,1,4,2,3
"5247",3,3,1,2,2,2
"5248",3,5,7,7,8,7
"5249",9,8,8,7,6,9
"5250",9,9,8,4,10,7
"5252",3,1,1,3,3,2
"5253",9,12,9,11,8,9
"5254",3,2,3,10,5,3
"5255",1,2,2,3,3,3
"5257",13,9,8,12,12,11
"5258",3,3,3,3,3,2
"5261",6,6,7,7,7,8
"5263",12,13,13,10,10,14
"5265",14,18,12,12,7,11
"5266",3,1,4,4,4,4
"5268",9,11,11,12,9,14
"5269",7,8,7,9,7,6
"5270",14,11,14,13,14,13
"5271",7,9,6,9,7,10
"5273",29,29,27,23,26,28
"5274",5,6,3,6,6,4
"5275",14,12,13,10,12,16
"5276",12,11,9,11,10,9
"5277",1,3,3,3,3,1
"5278",2,2,1,1,1,1
"5279",2,1,2,4,2,1
"5281",7,12,10,11,10,8
"5282",3,3,3,5,3,1
"5283",5,6,5,6,7,5
"5285",5,2,3,6,4,5
"5288",4,3,4,7,6,6
"5289",4,4,4,4,3,4
"5290",10,13,14,9,17,9
"5291",1,5,2,4,2,2
"5292",19,25,18,17,17,19
"5293",12,15,13,11,10,12
"5295",12,11,7,8,5,7
"5296",9,9,9,7,8,9
"5299",1,2,2,3,1,3
"5300",36,32,33,31,26,39
"5301",7,9,6,5,2,1
"5303",1,4,1,3,4,3
"5304",4,3,4,4,5,4
"5305",2,3,2,2,3,2
"5306",6,6,7,4,4,4
"5307",17,16,15,13,12,10
"5308",5,8,4,2,2,4
"5309",6,9,9,10,6,6
"5310",5,3,2,6,2,6
"5311",8,12,5,6,6,6
"5312",1,3,3,2,4,2
"5314",17,16,17,19,17,15
"5315",11,12,8,10,10,7
"5316",6,9,5,10,6,9
"5317",6,7,7,8,8,8
"5318",2,2,3,4,1,6
"5319",8,8,6,9,7,7
"5321",11,14,13,12,11,15
"5322",17,22,17,23,21,18
"5323",20,20,17,20,16,20
"5324",28,37,35,40,28,33
"5325",6,6,7,8,6,4
"5326",7,8,9,9,7,10
"5327",7,11,8,6,11,8
"5329",8,9,8,7,9,6
"5330",12,15,9,11,12,9
"5331",6,5,5,6,2,3
"5333",37,40,36,34,39,40
"5334",61,64,57,65,59,64
"5335",6,4,5,5,7,5
"5336",26,29,27,25,22,22
"5337",5,7,4,7,6,6
"5338",4,4,3,3,3,4
"5339",1,6,3,2,4,4
"5340",12,15,9,9,10,10
"5341",34,33,28,34,26,32
"5343",4,3,4,2,4,6
"5344",6,5,5,6,4,6
"5346",16,20,22,22,18,18
"5347",11,7,5,3,6,7
"5348",40,44,37,41,37,37
"5349",48,51,48,49,44,44
"5351",14,13,13,10,14,15
"5352",22,21,20,22,22,29
"5354",2,4,4,5,6,5
"5355",14,18,9,9,9,15
"5356",3,4,1,1,1,2
"5357",7,8,8,6,5,6
"5358",8,7,6,3,5,5
"5360",5,13,7,8,8,12
"5361",3,3,4,4,5,3
"5362",9,9,7,5,5,7
"5363",3,2,3,3,3,1
"5364",4,2,2,5,2,4
"5366",5,3,4,2,3,1
"5367",10,7,4,1,6,4
"5368",6,9,5,6,4,8
"5369",4,5,3,5,4,7
"5370",4,3,2,2,2,2
"5371",23,30,22,21,22,26
"5372",10,12,15,10,9,14
"5373",13,15,12,20,13,14
"5374",2,1,1,1,1,3
"5375",14,16,15,15,13,15
"5377",6,1,1,3,2,4
"5379",10,9,10,9,11,11
"5380",2,4,4,4,6,6
"5382",6,7,4,8,4,6
"5383",5,6,2,2,3,4
"5384",8,13,9,9,7,9
"5385",24,30,22,26,20,27
"5387",3,7,6,3,9,4
"5388",11,9,7,9,6,8
"5389",4,4,5,5,5,5
"5390",8,2,8,5,6,5
"5391",7,5,7,6,10,5
"5392",6,5,5,5,5,2
"5393",4,2,3,3,2,2
"5394",7,8,5,8,9,5
"5395",2,3,2,2,2,5
"5396",8,7,3,4,3,4
"5397",4,3,5,6,4,4
"5398",4,4,4,5,4,4
"5400",4,4,1,2,1,2
"5401",1,4,3,2,3,2
"5402",2,2,3,5,1,3
"5403",5,6,1,5,7,4
"5404",0,1,3,1,1,2
"5405",5,5,4,6,7,5
"5406",22,21,20,18,17,20
"5407",21,25,23,21,22,25
"5408",4,2,1,4,1,2
"5410",4,1,5,3,6,5
"5411",1,3,2,2,2,3
"5413",10,13,13,10,10,7
"5414",6,8,7,6,5,6
"5415",4,4,2,3,2,1
"5416",5,7,3,4,3,3
"5417",1,1,3,2,4,2
"5418",17,16,15,14,13,20
"5420",17,18,17,19,19,16
"5421",3,4,3,4,4,1
"5422",102,122,108,99,88,107
"5423",7,10,5,8,3,6
"5424",2,4,2,3,2,1
"5425",6,4,7,7,8,5
"5426",7,8,6,9,6,6
"5428",39,42,34,35,33,39
"5429",30,36,31,35,33,31
"5431",1,1,1,2,1,2
"5432",10,16,8,14,8,11
"5433",16,18,16,17,14,15
"5434",14,18,11,16,12,15
"5436",3,6,3,1,4,1
"5437",6,6,6,9,8,9
"5438",4,3,4,7,5,1
"5439",26,21,20,25,28,27
"5443",8,6,10,5,3,7
"5445",5,6,5,8,6,6
"5446",12,13,10,14,8,13
"5447",4,3,6,7,6,4
"5449",26,22,21,28,20,23
"5450",11,11,12,11,7,9
"5451",1,2,1,1,2,1
"5452",6,8,7,6,5,6
"5453",3,3,2,2,3,3
"5454",21,22,21,23,18,24
"5455",20,21,19,13,20,24
"5456",5,5,6,3,4,4
"5457",26,35,28,30,33,31
"5458",4,7,5,4,7,6
"5460",4,4,4,5,5,6
"5461",2,2,2,3,2,2
"5462",12,14,10,8,8,6
"5463",3,5,3,2,3,2
"5464",9,7,7,7,8,8
"5465",1,1,3,2,1,2
"5467",12,10,10,9,8,11
"5468",9,9,9,6,10,8
"5469",4,5,1,1,2,1
"5470",3,3,3,4,5,3
"5472",6,6,6,8,8,8
"5474",9,16,12,12,9,11
"5475",23,27,19,15,19,19
"5476",4,3,4,3,2,4
"5477",3,4,3,6,3,6
"5478",21,29,18,26,20,27
"5480",9,10,9,11,10,15
"5481",5,4,3,5,4,6
"5482",13,14,12,14,17,15
"5483",1,2,2,2,1,1
"5484",12,12,10,12,11,14
"5485",3,2,1,2,2,0
"5487",5,2,5,5,3,2
"5488",6,9,6,4,5,10
"5489",18,26,20,18,22,21
"5492",19,17,15,19,20,19
"5493",2,3,3,3,3,3
"5494",2,3,4,3,3,3
"5495",2,3,3,2,3,4
"5497",1,1,1,2,2,3
"5498",15,8,9,16,10,14
"5501",4,2,1,2,2,1
"5502",4,5,9,7,2,4
"5503",3,4,1,2,1,4
