"","number_of_peptides_B_3","number_of_peptides_A_2","number_of_peptides_A_3","number_of_peptides_B_1","number_of_peptides_B_2","number_of_peptides_A_1"
"1",11,11,11,11,11,11
"3",7,7,6,6,6,7
"4",2,1,2,1,2,1
"5",14,13,12,17,15,12
"6",2,3,2,2,2,3
"7",26,24,26,24,23,25
"8",8,10,9,9,9,8
"10",6,5,4,5,3,5
"11",10,8,10,10,10,9
"12",6,5,6,5,6,7
"13",2,3,2,2,3,2
"14",7,7,7,7,7,7
"16",31,28,30,27,29,26
"17",21,20,21,20,21,22
"19",13,13,12,15,12,11
"21",9,9,9,9,9,9
"22",5,3,5,5,5,5
"23",10,10,10,10,10,10
"24",2,2,2,1,2,1
"25",1,1,1,1,1,2
"26",11,11,12,11,13,12
"27",3,4,4,4,4,3
"28",4,3,4,4,4,4
"29",4,5,3,4,5,4
"30",27,25,25,26,25,21
"31",13,12,13,12,13,11
"32",3,3,3,3,3,3
"33",4,4,3,5,5,5
"34",4,2,4,3,3,3
"35",11,12,7,12,13,12
"36",7,5,6,5,7,5
"37",3,5,3,3,4,3
"38",22,22,20,24,22,23
"39",2,2,1,1,1,2
"40",1,2,1,2,2,1
"41",5,3,3,3,3,3
"42",9,9,9,9,9,8
"43",8,8,9,8,10,9
"44",15,16,16,17,17,15
"45",1,1,1,1,1,1
"46",6,7,6,6,6,8
"47",2,1,1,1,2,1
"48",5,6,5,7,7,6
"49",3,3,2,3,3,2
"50",2,3,2,1,2,1
"51",2,3,2,2,2,2
"55",1,1,1,2,1,1
"56",1,1,1,1,1,1
"57",1,2,1,1,1,2
"59",1,1,1,1,1,1
"61",1,2,1,1,1,1
"64",1,2,1,1,1,1
"65",1,1,2,1,1,2
"66",2,1,2,2,2,2
"67",2,1,1,2,1,2
"68",2,2,2,1,2,2
"69",2,2,1,2,2,2
"70",1,1,1,1,2,1
"72",1,2,1,1,1,1
"74",1,2,1,1,1,1
"76",2,1,1,2,2,1
"79",1,1,1,1,1,2
"81",3,3,3,2,3,2
"82",2,3,2,2,2,2
"83",2,2,2,2,3,2
"86",4,2,3,4,4,2
"88",2,3,3,3,3,2
"93",1,2,1,2,2,1
"95",2,2,2,2,2,2
"96",1,1,2,1,1,2
"100",1,2,2,1,1,2
"101",2,3,3,3,3,3
"102",2,2,1,2,1,1
"103",2,2,2,1,1,1
"104",2,2,2,1,2,2
"105",3,3,3,4,3,4
"106",9,9,8,9,9,9
"108",1,1,1,1,1,1
"109",26,23,22,27,22,25
"110",3,4,3,3,3,2
"111",8,5,5,5,8,4
"112",6,6,6,6,6,6
"113",7,7,5,4,6,4
"114",6,4,3,5,5,5
"115",2,2,2,1,1,1
"116",23,22,22,21,22,18
"117",9,9,9,8,8,8
"118",4,3,4,4,5,5
"119",1,1,1,1,1,1
"120",2,2,2,2,2,2
"121",29,29,34,27,27,26
"123",1,1,1,1,2,1
"124",4,4,4,4,4,4
"126",2,2,2,2,2,2
"127",14,15,14,14,15,15
"128",7,3,2,7,8,3
"129",4,3,2,2,3,4
"130",15,13,14,16,14,14
"131",11,12,12,10,11,11
"132",4,3,3,4,3,2
"133",19,19,19,19,19,19
"134",13,12,13,12,12,13
"135",18,19,18,18,18,18
"136",2,3,3,1,2,2
"137",4,4,4,4,4,3
"138",1,1,1,1,1,1
"139",4,4,4,4,4,4
"140",1,1,1,1,1,1
"141",4,4,4,4,4,4
"142",2,2,1,2,2,2
"143",2,2,2,2,2,2
"144",12,13,13,12,12,12
"145",8,8,7,7,8,6
"146",7,7,8,7,7,7
"147",16,15,15,15,15,14
"148",7,7,8,8,7,8
"149",6,7,7,6,6,5
"150",2,3,3,3,3,3
"151",9,8,9,8,9,9
"152",6,4,4,5,4,3
"153",2,4,2,4,3,3
"154",4,3,3,2,3,3
"155",10,10,9,8,10,11
"156",3,2,3,2,2,2
"157",23,21,22,23,23,18
"158",13,12,14,12,11,12
"159",5,6,6,6,6,6
"160",2,3,3,3,2,3
"161",2,1,1,1,1,1
"162",18,18,17,18,18,15
"163",11,10,8,7,8,7
"164",1,2,1,1,1,2
"165",13,13,13,13,13,14
"166",6,6,6,8,7,7
"167",4,3,3,2,3,3
"168",25,23,21,23,21,21
"169",3,3,2,3,4,3
"170",6,6,8,8,8,5
"171",17,15,18,16,17,13
"172",16,14,14,15,14,14
"173",5,5,5,6,6,5
"176",4,4,4,4,4,3
"177",8,6,6,5,7,5
"178",6,5,5,5,4,5
"179",8,7,9,9,7,8
"180",2,2,2,2,2,2
"181",11,9,11,8,8,8
"182",7,5,8,6,6,5
"183",25,24,25,22,24,25
"184",3,2,1,3,1,1
"185",9,10,9,9,10,9
"186",6,6,5,5,4,6
"188",6,8,7,9,8,8
"189",8,7,8,8,8,8
"190",2,2,2,2,2,2
"191",4,4,4,4,3,4
"192",6,4,6,6,6,5
"193",16,15,18,15,15,16
"194",6,6,6,7,6,6
"195",8,7,7,8,8,7
"196",2,2,2,2,2,2
"197",2,2,4,3,1,1
"198",9,9,8,10,9,10
"199",9,5,8,8,7,7
"201",11,9,14,9,10,11
"202",6,7,6,6,7,7
"203",14,14,15,14,15,14
"204",5,7,6,6,7,7
"205",3,3,2,5,3,4
"206",3,4,3,4,4,4
"207",14,15,14,15,14,15
"208",12,9,10,9,11,9
"209",7,4,4,7,5,6
"210",6,8,7,9,7,5
"211",12,11,12,12,12,12
"212",5,6,5,6,5,5
"213",9,8,8,6,7,6
"214",3,3,3,3,3,3
"215",2,1,1,1,2,1
"217",2,2,2,2,2,2
"218",6,7,8,7,6,7
"219",2,2,2,2,2,2
"220",9,9,9,9,9,8
"221",2,1,2,1,2,2
"222",2,4,2,5,4,4
"223",7,6,5,8,6,6
"224",10,10,8,9,8,7
"225",5,3,4,2,3,2
"226",7,7,7,7,7,7
"227",35,35,36,32,35,34
"229",8,9,10,12,10,11
"230",11,10,9,10,11,10
"231",27,26,26,24,25,25
"232",9,4,4,7,7,5
"233",4,4,4,4,4,4
"234",2,1,2,2,2,2
"235",1,1,2,1,1,2
"237",6,5,6,6,6,7
"238",5,4,4,5,4,4
"239",3,3,3,2,3,3
"240",7,7,7,7,7,6
"241",6,6,4,7,5,6
"242",2,3,2,2,2,2
"243",4,4,4,4,4,4
"244",2,4,6,5,4,5
"245",12,11,10,12,11,9
"246",2,1,2,3,3,1
"247",2,2,1,2,2,2
"248",2,2,2,2,2,2
"249",6,6,6,6,6,6
"250",2,3,2,2,1,2
"251",5,4,4,4,5,5
"252",14,13,15,12,16,16
"253",2,1,2,2,2,2
"254",4,4,4,3,4,4
"255",12,11,11,11,11,11
"257",13,12,13,14,12,10
"258",7,8,9,8,8,7
"259",1,1,1,2,1,1
"260",9,8,12,8,9,7
"261",4,6,6,5,4,6
"262",1,1,2,1,1,2
"263",8,6,6,7,7,5
"264",3,5,4,5,4,5
"265",6,6,4,6,7,6
"266",6,7,7,6,7,7
"267",7,5,6,6,6,5
"268",3,2,1,4,4,1
"269",3,3,3,5,4,5
"270",3,3,3,2,2,2
"271",1,2,2,2,1,2
"272",3,4,3,4,3,4
"273",22,20,20,21,20,21
"274",7,6,7,8,6,6
"275",5,2,5,4,4,4
"276",7,5,4,5,5,5
"277",2,2,2,2,2,2
"278",12,14,13,12,10,13
"279",17,17,17,17,16,17
"280",1,2,2,3,1,1
"281",1,2,2,1,2,2
"282",19,16,21,20,20,18
"283",7,6,4,6,6,7
"284",17,8,11,8,11,9
"285",19,16,19,18,17,15
"286",4,2,3,3,3,2
"287",2,2,2,2,2,2
"288",8,9,9,9,8,9
"290",23,23,24,23,23,23
"291",12,9,9,10,10,10
"292",13,13,13,13,13,13
"293",10,10,10,10,10,10
"294",4,4,4,3,4,4
"296",6,6,6,7,6,6
"297",2,2,1,2,1,1
"298",2,2,2,2,2,2
"299",4,4,4,4,5,4
"300",10,8,8,9,7,8
"301",3,2,3,3,2,2
"302",4,2,3,1,1,2
"303",4,3,3,4,3,3
"304",6,6,6,7,6,7
"305",14,15,10,14,16,10
"306",2,2,2,2,2,2
"307",14,12,12,13,14,12
"308",4,4,3,4,4,3
"309",1,2,2,1,1,2
"310",8,9,8,9,8,8
"311",4,3,4,5,5,5
"312",6,4,5,4,5,4
"313",4,4,3,4,5,4
"314",2,1,1,1,1,2
"315",2,2,2,2,2,2
"316",2,2,2,2,2,2
"317",8,9,9,9,9,9
"318",13,11,12,12,12,13
"319",44,47,47,47,45,45
"320",2,3,3,2,2,3
"321",2,2,2,1,2,1
"322",6,4,6,5,5,5
"323",6,6,7,5,4,4
"324",2,2,2,2,2,2
"325",9,9,9,9,9,8
"326",4,4,4,4,4,4
"327",19,19,19,19,20,18
"328",1,1,1,2,1,1
"329",2,2,3,2,2,2
"330",8,9,9,9,8,9
"331",4,2,4,3,5,2
"332",4,5,5,6,6,2
"333",8,8,7,7,8,7
"334",3,5,3,4,5,4
"335",7,8,8,8,9,8
"336",20,19,17,22,21,16
"337",14,12,14,13,13,12
"338",3,4,3,3,4,3
"339",4,3,2,3,3,2
"340",3,4,5,4,4,4
"341",4,4,4,3,3,2
"342",12,10,13,11,13,10
"343",4,2,4,2,2,2
"344",7,6,5,6,7,5
"345",3,4,4,3,3,4
"347",1,2,1,2,2,2
"348",7,7,4,4,4,4
"349",20,20,19,20,22,19
"350",14,19,18,15,16,20
"351",8,8,8,9,6,7
"352",11,9,11,10,12,9
"353",14,13,16,17,15,14
"354",16,17,16,18,18,16
"355",1,1,1,1,1,1
"356",3,3,2,2,1,1
"357",6,6,6,7,4,6
"358",4,5,3,3,2,4
"359",18,14,18,18,18,17
"360",2,1,2,1,2,1
"361",1,1,2,1,1,1
"362",4,2,3,3,3,3
"363",9,9,8,9,8,8
"364",1,2,1,1,1,2
"365",33,25,25,31,31,29
"366",2,2,2,2,2,2
"368",4,3,2,2,3,3
"369",17,17,17,14,17,16
"371",6,7,6,5,6,6
"372",7,8,7,7,8,6
"373",7,7,6,5,8,4
"374",12,9,9,10,11,10
"375",8,7,8,8,9,7
"376",11,9,10,11,9,10
"377",26,24,24,22,23,23
"379",2,2,2,2,2,2
"381",5,4,4,3,4,3
"382",1,1,1,1,1,2
"383",14,13,12,15,13,13
"384",27,28,26,27,28,28
"385",3,5,5,4,4,5
"386",9,10,8,9,9,9
"387",9,9,8,11,8,9
"388",2,2,2,3,3,3
"389",3,3,3,3,3,3
"390",3,2,2,2,1,3
"391",3,2,2,4,2,3
"392",1,2,1,3,1,3
"393",1,1,1,1,1,2
"394",4,3,3,4,4,2
"395",21,20,22,22,22,21
"396",8,6,7,9,8,8
"397",12,9,10,11,10,9
"398",3,3,2,2,3,1
"399",6,6,5,6,7,6
"400",8,8,7,7,8,8
"401",11,7,10,11,10,10
"402",24,24,23,26,23,25
"403",1,1,1,1,1,2
"404",3,3,2,3,3,3
"405",2,1,2,1,2,1
"407",7,6,7,9,7,5
"408",6,7,6,5,6,5
"409",2,2,2,2,2,2
"410",6,6,5,6,6,7
"411",2,2,2,2,2,2
"412",4,4,4,5,4,4
"413",9,10,9,9,9,9
"414",1,1,1,2,1,1
"415",4,7,8,7,7,7
"416",5,4,4,5,4,3
"417",7,8,7,7,8,8
"418",2,2,2,2,2,2
"420",11,11,10,10,11,13
"421",4,5,4,5,5,5
"422",51,51,52,52,52,53
"423",2,2,1,2,1,2
"424",2,3,1,3,3,2
"425",8,8,6,7,7,7
"426",15,15,15,13,11,13
"428",8,6,5,8,6,6
"429",16,14,16,14,14,16
"430",2,1,2,3,1,1
"431",5,6,5,3,6,3
"432",3,3,5,3,3,4
"433",7,9,8,8,7,7
"434",2,2,1,2,1,1
"435",8,9,9,9,8,8
"436",1,1,2,1,1,1
"437",4,4,4,3,4,4
"438",7,9,7,5,8,6
"439",7,5,5,6,5,5
"440",3,4,4,4,4,5
"441",5,3,5,4,5,5
"442",3,3,3,3,3,3
"443",5,6,5,7,5,8
"444",2,1,1,1,2,1
"445",6,4,5,5,5,3
"446",2,2,2,2,2,2
"447",33,32,32,31,31,32
"448",26,27,29,31,26,30
"449",4,4,4,4,4,4
"450",3,1,1,2,2,3
"451",4,3,3,3,4,4
"452",3,3,3,3,3,2
"453",5,5,5,5,5,5
"454",55,54,54,52,54,57
"455",7,5,7,5,6,5
"456",1,1,2,2,2,1
"457",6,7,7,6,6,5
"458",4,3,3,5,4,4
"459",2,3,3,2,2,3
"460",21,22,23,19,22,22
"461",12,13,11,12,12,11
"462",4,3,4,5,5,3
"463",1,1,2,2,2,2
"464",3,3,3,3,2,2
"465",2,3,3,1,2,2
"466",11,11,11,11,11,10
"467",13,13,13,13,13,13
"469",7,7,7,6,7,6
"470",13,11,13,9,11,12
"472",3,4,3,3,3,4
"473",5,7,7,6,6,6
"474",4,4,3,2,3,3
"475",9,6,8,6,7,6
"476",2,3,3,2,3,3
"477",7,7,7,6,6,7
"478",14,12,11,12,13,12
"479",3,3,3,3,3,3
"481",10,10,10,10,10,10
"482",10,11,9,10,11,11
"483",8,8,8,8,11,7
"484",6,6,6,6,6,6
"485",7,7,6,7,7,7
"486",15,16,16,16,14,16
"488",1,2,2,3,2,3
"489",18,17,17,17,18,18
"490",19,18,17,18,18,18
"491",6,6,3,6,7,6
"492",9,12,12,14,12,13
"493",2,1,2,1,2,1
"494",3,3,1,3,1,4
"495",6,4,5,6,5,4
"496",2,2,1,1,2,1
"497",8,7,8,9,10,8
"498",4,3,3,4,2,2
"500",23,20,23,22,22,21
"501",6,6,6,7,7,6
"502",6,6,6,6,6,6
"503",3,2,2,3,2,3
"504",4,5,2,5,3,4
"505",6,5,4,5,5,3
"506",22,20,18,20,17,18
"507",4,4,3,3,4,3
"508",13,14,16,14,9,14
"509",8,8,7,9,7,8
"510",7,4,5,4,5,4
"511",7,5,5,6,4,7
"512",4,4,3,4,4,4
"513",13,11,11,13,12,11
"514",1,2,1,2,2,2
"515",2,1,2,2,3,2
"516",2,2,2,2,2,2
"517",16,18,18,17,18,17
"518",10,11,8,12,11,10
"519",3,2,2,1,3,3
"520",8,9,9,8,5,8
"521",11,9,12,10,12,8
"522",2,2,2,2,2,2
"523",4,3,4,3,3,3
"524",2,2,1,2,1,2
"525",8,6,9,6,7,7
"526",18,15,18,15,18,16
"527",5,5,4,5,6,6
"528",17,19,19,19,20,20
"529",1,1,2,2,1,2
"531",4,2,2,2,3,1
"532",9,10,10,11,11,10
"533",3,4,4,4,3,3
"535",11,10,7,10,10,7
"536",7,9,8,8,7,8
"537",6,6,6,5,6,5
"539",6,5,5,5,6,5
"540",7,6,6,7,6,6
"541",8,6,6,6,4,5
"542",4,5,4,4,3,3
"543",3,2,3,3,1,2
"545",15,10,15,13,8,16
"546",1,1,2,2,2,1
"547",1,2,1,1,1,1
"548",5,5,4,5,5,5
"549",2,1,2,1,1,1
"550",5,6,5,7,5,4
"551",7,8,8,7,8,8
"552",9,9,8,10,9,10
"553",3,2,3,2,3,3
"554",16,15,15,18,17,16
"555",8,7,6,7,7,7
"556",6,5,5,6,6,5
"557",31,26,27,23,27,28
"558",11,10,11,13,11,10
"559",7,6,7,7,8,5
"560",4,3,4,3,3,3
"561",8,6,6,6,6,5
"562",6,6,5,5,5,6
"565",16,15,16,16,15,15
"566",2,2,2,3,3,3
"567",10,9,8,10,7,11
"569",3,3,3,3,3,4
"570",2,1,1,3,2,2
"571",3,2,3,2,3,2
"572",3,4,2,4,3,3
"573",2,3,3,3,2,2
"574",2,2,2,1,1,2
"575",6,4,5,6,4,6
"576",7,4,8,6,6,5
"578",12,11,12,10,10,11
"579",1,2,1,2,1,1
"580",1,2,2,1,1,2
"581",15,17,17,16,16,16
"582",14,7,6,13,14,10
"583",2,1,3,2,2,1
"584",4,4,4,4,4,4
"585",15,17,17,15,16,17
"586",10,10,10,10,9,10
"587",15,15,14,16,16,16
"588",6,3,6,4,5,4
"589",4,4,3,3,4,4
"590",12,12,12,11,11,11
"591",2,2,2,2,2,2
"594",6,5,6,6,6,5
"595",9,9,9,9,9,9
"596",4,3,4,3,2,3
"597",6,3,2,5,5,2
"598",3,1,2,1,2,1
"599",15,15,15,14,15,15
"600",9,6,9,6,8,6
"601",8,8,8,7,6,8
"602",9,7,8,8,9,9
"603",9,3,4,8,8,4
"604",4,4,3,4,2,2
"605",1,2,3,2,1,3
"606",23,23,23,23,23,23
"607",20,20,20,20,20,20
"608",23,23,24,23,23,23
"609",5,6,6,6,5,6
"610",1,1,1,2,2,1
"611",4,3,4,2,2,3
"612",3,3,4,4,4,4
"614",16,20,20,20,19,21
"615",9,9,9,8,9,8
"616",12,12,11,10,9,11
"618",6,9,7,4,6,8
"619",4,8,6,7,3,7
"621",9,9,10,10,9,9
"622",22,22,22,22,21,22
"623",14,16,15,13,13,16
"625",8,9,9,9,9,9
"626",10,10,10,10,10,10
"627",3,1,1,4,4,1
"628",6,3,2,7,5,1
"629",13,19,17,12,11,17
"634",3,3,2,4,3,3
"635",5,5,5,6,6,5
"636",4,6,6,4,4,5
"637",11,11,11,11,11,11
"638",1,1,1,1,1,1
"639",12,12,12,11,12,11
"640",2,1,2,1,1,2
"641",4,4,4,4,4,4
"642",3,3,2,3,3,3
"643",5,4,4,4,4,4
"644",5,6,6,5,5,6
"645",4,5,5,5,5,5
"646",6,6,5,5,6,6
"647",2,2,1,3,3,2
"648",34,33,34,33,34,34
"649",48,49,48,44,49,47
"650",4,7,6,5,5,7
"651",2,2,1,2,2,1
"652",29,29,30,28,29,27
"653",4,5,5,4,4,5
"655",14,12,12,14,14,13
"656",3,5,6,3,4,5
"657",10,10,10,10,10,10
"660",2,2,2,2,2,1
"661",4,6,8,2,1,7
"662",15,15,16,16,15,14
"663",7,10,9,9,8,11
"664",10,14,14,8,8,14
"665",22,21,21,21,22,21
"666",4,4,4,3,2,4
"668",5,5,5,5,5,5
"669",21,21,21,21,21,21
"670",19,23,21,21,22,23
"671",16,15,15,15,13,15
"672",10,10,11,10,10,11
"673",12,12,12,12,12,12
"674",2,4,3,4,3,4
"675",5,5,5,4,5,5
"676",4,4,4,4,4,4
"677",7,6,8,6,8,6
"678",8,9,9,9,9,9
"679",12,14,16,12,12,15
"680",17,19,18,15,16,20
"682",17,18,17,17,16,19
"683",15,16,16,15,15,17
"684",11,10,11,10,9,10
"686",12,13,12,11,11,13
"687",6,5,4,6,6,6
"688",3,2,3,3,4,3
"689",7,4,7,6,7,5
"690",1,1,1,1,1,1
"691",2,2,2,2,2,2
"692",23,25,23,23,25,24
"693",19,20,19,18,18,20
"694",2,1,3,2,3,1
"695",11,4,4,12,12,4
"696",6,7,7,7,7,7
"697",3,3,3,2,3,3
"698",4,4,3,4,4,4
"699",3,3,3,2,2,3
"700",18,17,15,18,17,17
"701",8,9,9,9,8,9
"702",3,3,3,3,3,3
"703",4,4,4,4,4,4
"704",4,3,3,2,4,4
"705",5,6,6,3,5,6
"707",2,2,2,2,2,2
"708",7,6,7,7,7,7
"709",12,11,11,12,11,12
"710",4,3,4,3,4,3
"711",6,8,9,5,5,8
"712",22,22,22,22,21,22
"713",17,21,21,17,17,19
"714",7,8,8,8,8,8
"715",8,8,9,8,8,8
"716",1,1,1,1,1,1
"717",7,7,8,7,7,7
"718",4,5,4,4,4,4
"720",5,6,6,6,5,6
"721",2,3,2,2,3,3
"722",10,12,12,11,10,12
"723",1,1,1,1,1,1
"724",7,7,8,7,7,8
"725",3,2,3,2,2,3
"726",13,13,12,13,11,12
"727",4,3,4,4,4,2
"728",5,6,8,7,7,7
"729",8,11,12,12,8,13
"730",22,27,27,21,20,23
"731",5,9,8,5,5,9
"732",9,11,10,10,11,10
"733",14,15,15,13,15,15
"734",19,19,19,18,19,19
"736",6,8,8,8,4,7
"737",5,5,5,5,5,5
"739",2,2,3,2,2,2
"740",4,4,4,5,5,3
"741",16,15,15,16,15,16
"742",20,19,20,19,20,20
"744",10,11,10,10,10,12
"746",5,6,6,6,6,6
"747",23,24,24,23,23,23
"748",17,24,25,23,21,26
"749",18,17,18,17,19,18
"751",12,13,12,13,13,13
"752",3,3,3,3,3,3
"753",5,5,5,5,5,5
"754",1,3,2,1,1,3
"755",1,3,3,2,1,4
"757",6,8,6,5,5,6
"759",6,6,6,6,6,6
"760",8,2,3,6,8,1
"762",4,4,4,4,4,4
"765",39,45,50,39,33,43
"766",7,10,9,8,7,8
"767",5,7,6,4,3,4
"768",11,11,10,11,11,11
"769",10,12,12,13,10,13
"770",17,17,19,19,18,20
"771",22,23,25,21,21,22
"772",20,20,20,16,16,21
"773",6,6,7,6,5,7
"774",13,17,16,15,15,16
"775",8,8,9,9,8,9
"776",9,9,9,8,8,9
"777",46,52,57,48,47,56
"778",3,5,4,4,3,4
"779",11,15,15,10,11,15
"780",8,11,10,10,9,9
"781",2,4,4,2,3,3
"782",7,8,8,7,7,8
"783",1,2,4,3,2,4
"784",2,2,3,3,3,2
"785",1,3,5,1,1,3
"787",10,11,9,8,9,11
"788",7,7,7,7,7,7
"789",8,8,8,8,7,8
"790",14,15,15,15,14,15
"791",3,3,3,3,2,4
"792",7,4,6,5,7,7
"793",4,5,6,1,3,5
"795",21,21,21,21,21,20
"796",21,22,21,23,19,18
"797",8,5,5,8,6,7
"798",5,5,5,4,5,5
"799",7,7,7,8,7,7
"800",5,5,5,5,6,4
"801",3,8,5,4,3,6
"802",4,5,4,4,4,5
"803",8,8,8,8,8,8
"804",8,7,7,8,7,7
"805",22,26,28,22,21,23
"807",56,54,56,58,54,55
"808",5,5,3,6,5,6
"809",24,23,24,24,23,24
"810",11,11,11,10,11,10
"811",4,4,3,4,4,4
"812",1,3,2,3,2,1
"814",18,17,18,17,16,18
"815",5,6,7,6,5,6
"817",2,2,1,2,2,2
"818",3,3,3,3,3,3
"819",12,13,13,12,12,11
"820",12,7,7,13,12,8
"821",6,4,6,4,5,3
"822",40,40,40,39,39,40
"823",2,4,2,4,3,4
"824",20,20,19,21,18,20
"826",14,15,15,15,13,14
"827",6,6,6,4,3,4
"828",1,2,2,1,1,2
"829",2,6,5,3,4,6
"830",6,9,8,8,8,9
"831",6,6,7,6,6,6
"832",15,16,20,14,15,19
"833",5,5,5,5,5,6
"834",15,15,12,16,17,13
"835",3,2,2,1,4,1
"836",11,13,12,11,10,13
"838",27,25,26,25,26,24
"839",3,3,4,3,3,3
"840",7,7,7,7,6,7
"841",3,3,2,3,3,3
"842",11,9,10,10,8,11
"843",5,1,2,6,6,1
"844",12,11,11,11,11,11
"846",1,3,1,3,3,2
"847",8,8,8,7,7,7
"848",9,9,11,8,9,9
"849",4,6,4,6,4,2
"850",4,3,2,3,3,4
"851",6,4,6,4,3,5
"853",10,10,10,10,10,10
"854",3,4,4,4,2,4
"855",2,2,2,2,2,2
"856",15,9,6,14,14,9
"857",7,7,7,7,7,7
"858",9,5,5,11,10,8
"859",4,5,5,5,5,5
"860",8,8,9,9,7,9
"861",20,25,25,25,21,23
"862",2,2,3,1,4,3
"863",1,1,2,1,1,1
"864",2,2,2,2,1,1
"865",3,2,3,3,3,3
"866",4,4,4,4,4,5
"867",6,2,3,8,5,2
"868",11,10,11,13,11,12
"869",10,12,11,8,8,10
"870",15,15,15,15,15,15
"871",9,9,9,9,9,9
"873",9,8,9,7,8,8
"874",2,4,4,4,4,4
"875",31,33,31,33,31,32
"876",5,4,5,6,6,4
"877",11,11,11,11,11,11
"878",12,13,11,13,13,11
"879",19,19,19,19,19,19
"881",2,2,2,2,2,2
"882",8,2,4,5,8,3
"883",21,17,20,21,20,18
"884",14,11,10,17,15,12
"885",4,4,4,4,4,4
"887",7,3,3,8,10,4
"890",21,17,16,22,22,17
"892",12,10,10,12,12,9
"893",10,6,7,10,10,8
"894",2,1,1,3,3,2
"896",2,1,1,2,2,1
"897",18,13,13,19,19,12
"901",7,5,6,6,7,4
"903",9,7,7,7,8,6
"905",14,5,4,12,12,6
"908",4,2,2,4,3,3
"909",4,2,1,5,5,1
"910",3,2,3,2,3,2
"911",4,4,4,4,4,4
"912",2,1,2,1,2,1
"913",6,4,5,6,5,4
"914",3,2,1,3,3,2
"915",2,1,1,2,2,1
"916",6,4,2,7,7,4
"917",3,1,3,3,3,3
"919",2,1,2,2,2,1
"920",6,2,4,4,6,3
"922",3,1,2,3,3,2
"923",3,2,2,2,3,2
"924",1,1,1,3,3,1
"925",7,3,4,6,6,4
"926",4,4,4,5,4,4
"927",5,3,4,6,6,3
"929",5,4,4,5,6,3
"930",4,3,2,3,4,2
"932",7,4,4,7,7,3
"935",7,6,5,7,7,7
"936",13,11,10,11,11,9
"937",12,5,3,10,10,6
"938",21,19,18,22,22,17
"940",4,4,3,4,5,3
"941",6,5,5,6,6,5
"943",12,6,7,13,13,6
"945",4,1,3,4,4,2
"947",3,2,2,4,4,1
"951",2,1,2,4,2,1
"952",13,2,2,14,14,4
"954",5,3,3,5,4,2
"955",7,5,5,7,7,5
"956",4,2,2,3,4,2
"959",1,2,1,2,2,2
"960",14,10,10,14,13,10
"961",7,2,4,6,5,3
"963",16,10,10,14,14,9
"965",3,2,1,4,4,1
"968",3,3,1,5,4,2
"970",11,4,7,10,10,5
"973",19,13,10,17,18,11
"976",4,3,3,3,4,3
"977",3,2,1,3,3,2
"979",4,3,2,4,4,3
"981",2,1,1,2,2,1
"984",7,4,5,4,6,4
"987",9,5,4,11,11,4
"988",6,1,1,6,7,2
"990",6,4,5,6,7,2
"991",10,6,6,10,9,6
"992",4,2,2,4,4,1
"993",9,7,8,8,9,6
"997",15,5,4,15,14,6
"998",15,6,9,14,15,9
"1003",4,1,1,4,4,2
"1005",3,2,2,3,4,2
"1006",4,3,4,4,4,3
"1007",3,1,3,2,3,2
"1008",6,6,6,6,6,6
"1010",5,1,3,4,4,1
"1013",13,6,6,12,12,9
"1015",6,2,2,6,5,3
"1020",2,1,1,1,2,2
"1022",7,5,5,7,7,6
"1024",2,1,1,1,1,1
"1026",11,8,7,10,10,9
"1029",8,4,4,8,7,5
"1031",9,8,6,9,9,5
"1032",5,1,2,2,4,1
"1036",3,1,1,2,1,1
"1037",13,11,10,15,15,12
"1038",2,1,1,2,2,1
"1039",7,3,1,8,4,2
"1041",11,3,3,11,10,4
"1042",5,4,4,5,5,3
"1043",8,1,2,8,7,1
"1044",7,5,5,7,7,5
"1046",2,1,1,3,3,1
"1047",2,2,2,2,2,2
"1048",8,3,3,5,8,2
"1049",1,1,1,1,2,1
"1050",15,9,10,14,14,7
"1054",10,4,6,7,8,4
"1055",2,1,1,1,1,1
"1057",2,2,2,2,2,2
"1058",4,4,4,4,4,4
"1059",3,3,3,3,3,3
"1061",5,5,5,5,5,5
"1062",3,3,3,3,3,3
"1063",6,6,6,6,6,6
"1064",6,6,7,6,7,7
"1065",2,2,2,2,2,2
"1066",18,14,12,17,17,13
"1067",1,2,2,1,1,1
"1068",21,22,22,20,21,21
"1069",4,4,4,4,3,4
"1070",7,8,8,8,7,7
"1071",4,3,4,4,4,4
"1072",3,3,4,4,3,4
"1073",6,6,6,5,6,5
"1074",10,12,12,11,11,12
"1075",9,9,9,9,8,9
"1076",5,5,5,5,5,5
"1077",5,6,5,5,5,5
"1078",5,5,5,5,5,5
"1079",6,6,7,6,5,7
"1080",9,9,9,8,9,10
"1081",5,7,6,5,6,6
"1082",6,6,6,6,6,6
"1083",4,4,4,4,4,4
"1084",10,10,10,10,10,10
"1085",6,5,6,6,5,6
"1086",4,4,4,4,4,4
"1087",2,2,1,1,2,2
"1088",1,2,2,2,2,2
"1089",27,27,27,27,28,27
"1090",7,6,6,6,6,6
"1091",3,4,3,4,4,3
"1092",4,2,1,4,4,1
"1093",6,8,8,8,6,8
"1094",13,11,12,10,10,11
"1095",12,7,12,9,8,9
"1096",2,2,2,2,2,2
"1097",12,13,12,12,11,14
"1098",22,22,22,22,22,22
"1099",8,7,8,7,7,7
"1100",6,6,6,6,6,6
"1101",3,3,3,4,4,3
"1103",2,2,2,2,2,2
"1104",6,4,4,4,3,4
"1105",7,12,10,9,8,13
"1106",1,1,1,1,1,1
"1107",3,3,2,3,4,3
"1108",9,10,10,10,10,10
"1109",28,29,29,30,30,28
"1110",2,4,4,1,2,4
"1111",5,10,7,6,6,9
"1112",23,21,22,24,21,23
"1113",4,8,8,5,3,9
"1114",7,6,7,6,5,7
"1115",25,24,24,25,24,25
"1117",5,5,5,5,4,4
"1118",19,18,18,17,19,17
"1119",10,9,8,7,8,7
"1120",7,8,7,7,7,8
"1122",4,3,3,1,2,4
"1123",4,4,4,2,4,3
"1125",6,7,7,5,7,5
"1126",15,11,12,11,13,11
"1127",3,2,3,3,3,3
"1128",10,11,10,10,10,9
"1130",9,8,10,10,8,9
"1131",4,6,4,6,5,4
"1132",13,14,15,12,10,15
"1133",23,20,22,23,22,23
"1134",7,7,7,7,6,7
"1135",2,2,2,2,2,2
"1136",4,3,4,3,3,3
"1137",5,5,3,6,4,4
"1138",26,29,26,28,24,24
"1139",29,24,28,26,26,23
"1140",8,9,10,6,7,8
"1141",10,9,10,8,8,8
"1142",1,1,1,1,1,1
"1143",11,11,10,12,10,12
"1144",2,2,2,2,1,4
"1145",23,23,23,22,21,24
"1146",11,10,10,10,10,12
"1147",12,10,12,12,12,12
"1148",4,3,4,4,3,3
"1149",11,11,11,11,10,11
"1150",20,21,20,21,20,21
"1151",57,57,56,57,58,54
"1152",19,19,19,17,18,17
"1153",4,8,6,4,5,6
"1155",2,1,2,1,1,2
"1156",6,8,10,7,5,10
"1157",2,7,7,5,3,6
"1158",7,9,8,7,6,10
"1159",20,20,20,19,19,19
"1160",1,1,2,1,1,1
"1162",19,14,17,18,17,13
"1163",9,10,9,9,9,9
"1165",6,9,8,4,3,7
"1167",21,18,19,20,20,19
"1168",3,3,3,2,2,3
"1169",21,23,23,23,22,24
"1170",6,1,2,5,6,1
"1171",5,5,5,5,5,5
"1172",15,19,18,12,18,17
"1173",4,4,4,4,4,6
"1174",4,4,4,4,4,4
"1175",15,16,13,16,17,15
"1176",1,3,4,2,1,3
"1178",42,41,42,42,41,42
"1179",9,11,11,10,9,11
"1180",20,22,24,22,23,22
"1181",5,4,6,5,5,6
"1182",4,4,4,4,4,4
"1183",27,27,26,28,28,28
"1184",12,11,11,11,10,11
"1185",11,11,11,10,9,9
"1187",6,5,6,7,5,6
"1188",5,4,4,7,4,2
"1189",3,3,2,3,3,2
"1190",5,7,6,7,5,4
"1191",8,10,11,10,10,11
"1192",4,5,5,3,3,5
"1193",3,3,3,3,3,3
"1194",15,15,15,14,14,15
"1195",2,1,2,1,1,2
"1196",2,2,2,2,2,2
"1197",4,5,4,3,4,5
"1198",13,11,12,11,12,11
"1199",4,5,5,5,4,6
"1200",6,6,6,5,5,5
"1201",1,1,1,2,2,4
"1202",1,2,1,1,1,2
"1203",14,15,15,14,14,14
"1204",11,10,12,11,11,12
"1205",30,29,27,29,28,28
"1206",27,27,27,27,27,28
"1207",2,1,1,1,2,2
"1208",8,8,8,8,8,8
"1209",10,7,8,6,8,7
"1210",10,11,11,7,11,11
"1211",1,2,2,2,1,2
"1212",2,4,3,2,2,3
"1213",6,5,5,5,5,6
"1215",3,3,3,3,3,3
"1216",3,3,2,2,2,1
"1217",21,20,21,20,20,20
"1218",29,28,28,28,29,28
"1219",3,4,2,2,2,3
"1220",6,6,7,6,4,6
"1221",5,7,8,5,4,6
"1222",4,4,4,1,1,5
"1223",4,4,3,4,4,4
"1224",15,16,16,14,13,16
"1225",6,5,6,5,5,6
"1226",29,30,30,28,27,30
"1227",1,1,1,1,2,2
"1228",15,13,17,15,14,13
"1229",10,14,15,12,11,16
"1231",2,7,7,5,3,8
"1232",8,3,3,9,9,2
"1233",11,13,12,11,11,15
"1234",13,14,13,13,14,14
"1235",7,7,5,7,7,7
"1237",5,6,5,6,5,6
"1238",1,4,4,3,2,4
"1239",4,4,4,4,5,4
"1240",4,4,5,5,5,5
"1242",2,1,1,2,2,2
"1243",7,14,14,12,10,15
"1244",11,11,11,11,9,12
"1245",9,4,6,9,9,3
"1246",5,3,3,4,5,3
"1247",6,8,8,5,6,7
"1248",2,2,2,1,2,4
"1249",4,4,5,4,4,4
"1250",17,15,17,12,16,16
"1251",1,2,2,1,1,1
"1253",1,1,1,1,1,1
"1254",7,8,7,8,7,8
"1255",12,11,12,11,11,11
"1256",15,21,21,19,17,21
"1257",2,1,1,2,2,1
"1258",7,8,7,8,8,7
"1259",3,3,4,5,4,4
"1260",10,10,10,10,10,10
"1261",6,7,6,4,6,4
"1262",15,17,18,14,14,16
"1263",19,22,21,21,20,23
"1264",5,4,4,4,4,4
"1265",7,7,6,7,6,7
"1266",40,38,39,37,39,36
"1268",4,5,4,3,4,5
"1269",2,3,1,3,2,2
"1270",9,12,13,9,8,12
"1272",3,4,3,4,3,4
"1274",2,2,2,2,2,2
"1276",8,13,13,13,11,16
"1278",24,27,26,26,24,27
"1279",4,6,7,4,5,8
"1280",7,8,7,7,7,7
"1281",12,15,17,9,12,17
"1282",6,3,4,4,5,4
"1283",2,3,3,3,2,2
"1284",8,11,12,9,8,12
"1285",13,1,2,12,11,2
"1286",25,27,30,22,24,25
"1287",17,21,23,17,17,17
"1288",10,10,10,10,10,9
"1289",6,5,5,5,6,5
"1290",1,2,2,2,2,2
"1291",11,9,10,10,10,11
"1292",3,4,4,3,4,3
"1293",1,1,1,1,1,1
"1294",10,10,11,10,10,11
"1295",3,3,3,3,3,3
"1296",2,4,5,3,3,4
"1299",15,16,16,15,14,14
"1300",31,34,34,29,26,35
"1301",5,4,5,2,3,1
"1303",10,9,9,9,8,9
"1304",11,11,11,8,9,11
"1306",11,12,12,10,11,11
"1307",1,2,1,2,1,2
"1308",7,9,9,8,7,8
"1309",4,4,5,5,4,4
"1310",4,6,8,6,3,6
"1311",10,10,10,11,8,12
"1312",4,4,5,5,4,5
"1314",14,13,14,13,12,13
"1315",17,15,15,19,17,18
"1316",30,27,29,28,30,28
"1317",7,6,5,9,6,7
"1318",8,10,10,8,8,9
"1319",15,16,16,14,15,15
"1320",16,17,17,16,17,12
"1321",28,27,28,26,27,27
"1322",9,7,10,9,7,8
"1323",5,6,5,5,4,4
"1324",5,5,5,5,5,5
"1325",2,5,3,4,3,4
"1326",14,14,13,13,13,14
"1327",47,45,45,46,45,46
"1328",5,6,6,5,6,5
"1329",5,6,5,4,5,5
"1330",24,26,26,26,20,25
"1331",5,4,5,4,4,4
"1332",6,6,6,6,6,6
"1333",9,11,11,11,11,11
"1334",16,15,16,16,16,13
"1335",2,6,9,4,4,7
"1337",8,11,9,10,5,10
"1338",3,3,2,3,3,3
"1339",4,4,3,4,3,5
"1340",6,7,6,7,5,7
"1342",2,2,2,2,2,2
"1343",36,53,52,39,40,47
"1345",3,4,2,4,5,3
"1347",3,3,5,1,1,5
"1348",18,19,19,19,17,19
"1349",6,6,7,7,6,7
"1350",15,18,17,17,18,19
"1351",6,6,7,6,6,6
"1352",7,7,6,7,5,5
"1353",5,5,5,4,5,4
"1354",19,20,20,22,18,21
"1356",1,2,2,1,1,2
"1357",7,7,8,5,2,4
"1358",2,3,3,4,3,4
"1359",13,12,13,13,13,13
"1360",8,7,7,7,8,7
"1361",2,1,2,2,1,1
"1362",23,22,22,22,22,22
"1363",8,4,4,7,7,3
"1364",1,3,3,3,3,3
"1365",17,17,17,17,17,17
"1366",3,4,3,3,4,4
"1367",10,8,9,12,9,9
"1368",3,5,4,4,3,5
"1369",3,3,1,3,3,2
"1370",7,5,6,6,6,6
"1372",2,3,3,3,3,2
"1373",3,3,3,2,2,3
"1375",7,9,9,8,7,10
"1376",8,9,8,7,6,8
"1377",2,3,2,1,1,2
"1379",6,6,5,5,5,5
"1380",7,7,8,7,8,8
"1381",4,4,3,4,4,5
"1382",4,4,4,4,4,4
"1383",26,28,27,29,27,28
"1384",10,10,10,9,9,9
"1385",7,6,7,6,6,7
"1386",2,4,6,2,4,3
"1387",11,11,9,12,11,10
"1389",5,6,6,5,5,5
"1390",6,6,6,6,6,6
"1391",9,10,13,7,9,12
"1392",11,12,10,12,9,11
"1393",6,4,5,6,6,5
"1394",3,4,3,4,3,4
"1395",2,2,3,2,2,5
"1396",3,3,1,3,2,3
"1397",89,84,87,88,88,86
"1398",4,1,1,2,4,1
"1400",9,8,10,8,8,8
"1402",8,13,12,8,9,12
"1403",6,3,2,4,5,3
"1404",1,1,2,2,1,3
"1405",13,12,13,12,13,12
"1407",2,3,2,4,2,4
"1409",6,7,5,7,6,7
"1410",12,15,15,14,13,15
"1411",9,9,9,10,10,9
"1412",5,5,7,4,3,5
"1413",16,16,17,18,18,19
"1414",4,3,3,5,5,3
"1415",14,12,13,13,12,13
"1416",11,11,11,11,11,11
"1417",12,13,13,12,12,13
"1418",36,36,36,35,34,34
"1422",35,36,37,30,31,38
"1423",3,5,5,3,4,5
"1424",2,4,3,2,1,3
"1425",5,7,6,5,7,6
"1426",15,19,19,16,18,21
"1427",5,6,6,3,4,6
"1428",10,11,12,9,10,12
"1429",3,3,2,2,3,3
"1430",2,2,2,2,2,2
"1431",3,4,4,4,4,4
"1432",12,12,12,12,12,13
"1433",7,4,4,8,6,3
"1434",11,3,3,13,9,3
"1435",1,2,2,2,2,3
"1436",6,5,5,4,5,5
"1437",30,30,29,31,31,29
"1438",4,5,6,3,1,6
"1439",9,9,9,9,9,9
"1440",27,30,27,22,25,28
"1442",10,10,12,12,11,13
"1444",16,16,16,16,16,16
"1445",1,1,2,1,1,1
"1446",14,15,13,14,14,14
"1447",1,1,1,1,1,2
"1448",3,4,5,3,2,4
"1449",7,7,7,7,7,7
"1450",8,9,9,8,8,9
"1452",3,3,3,3,3,3
"1453",7,9,8,7,8,9
"1454",9,10,10,11,10,10
"1456",2,1,2,2,2,2
"1457",19,17,19,18,18,18
"1458",13,13,13,13,13,13
"1459",15,13,15,14,15,15
"1460",10,9,11,11,11,11
"1461",10,10,10,10,10,10
"1462",1,4,3,2,2,4
"1463",2,6,6,5,5,5
"1464",4,4,4,4,4,4
"1467",15,15,15,13,14,16
"1468",16,17,16,17,17,17
"1469",2,2,2,2,2,2
"1470",1,1,1,1,1,1
"1471",3,3,3,3,3,2
"1472",16,16,16,17,17,16
"1473",11,11,11,11,11,11
"1475",9,9,10,10,7,11
"1476",2,2,2,2,1,2
"1477",13,13,13,12,14,12
"1478",1,3,3,2,2,3
"1479",3,9,6,5,5,8
"1481",3,7,7,3,4,7
"1482",5,5,4,4,5,4
"1483",6,8,6,5,6,5
"1484",3,3,4,2,3,3
"1485",4,5,4,4,4,5
"1486",4,5,5,4,4,5
"1487",3,1,2,1,1,1
"1489",10,5,7,9,10,5
"1492",7,7,6,8,7,5
"1493",20,18,20,22,18,21
"1494",1,1,1,1,1,1
"1498",7,10,10,5,8,12
"1499",7,10,8,8,8,8
"1501",6,6,6,6,6,6
"1502",6,6,6,5,6,6
"1503",6,6,5,6,6,6
"1504",13,10,13,11,12,11
"1505",4,5,5,3,3,4
"1507",24,22,24,28,24,25
"1508",6,4,6,5,6,6
"1509",1,1,1,1,1,1
"1510",2,1,1,1,1,1
"1511",3,5,5,1,2,4
"1512",10,11,11,10,10,11
"1513",2,2,3,3,2,3
"1514",33,33,34,34,34,32
"1515",6,6,8,5,7,7
"1516",8,10,10,7,7,10
"1517",1,3,3,3,2,2
"1518",5,6,6,5,6,6
"1519",2,3,2,2,2,3
"1520",1,4,5,3,3,4
"1521",3,4,6,4,3,5
"1522",4,5,3,5,6,6
"1523",1,2,2,2,1,2
"1524",3,3,3,2,1,3
"1526",2,2,2,1,1,1
"1527",5,4,5,3,4,5
"1529",5,5,8,4,4,5
"1531",7,7,7,7,7,7
"1533",4,4,4,5,2,3
"1534",8,8,8,8,7,8
"1535",4,4,3,3,2,3
"1536",2,3,1,4,3,3
"1537",6,10,9,9,8,9
"1539",3,1,2,3,3,2
"1540",18,14,13,17,19,14
"1542",3,4,6,3,3,4
"1544",3,4,4,4,2,4
"1545",1,2,2,1,2,2
"1546",3,3,3,2,2,2
"1547",6,9,7,4,5,7
"1549",3,3,2,2,2,3
"1550",2,1,2,2,1,2
"1552",9,9,8,9,9,8
"1553",25,28,28,26,24,30
"1554",23,22,23,23,23,22
"1555",4,6,5,5,5,3
"1557",14,14,14,14,14,13
"1558",10,9,10,9,9,10
"1559",9,7,7,9,7,7
"1560",9,7,10,9,9,9
"1561",1,2,2,1,2,2
"1562",2,2,2,2,2,1
"1563",28,27,28,28,29,28
"1564",14,13,14,14,13,14
"1565",1,1,1,1,1,1
"1566",11,11,11,11,11,11
"1567",14,15,13,19,15,18
"1568",12,13,13,11,11,13
"1569",6,6,6,6,6,6
"1570",1,1,2,2,2,1
"1571",4,4,4,4,4,4
"1572",17,17,17,16,16,18
"1574",23,29,31,24,23,28
"1575",26,25,28,27,28,27
"1576",32,28,31,31,31,31
"1577",18,20,19,18,19,19
"1580",8,9,9,9,8,8
"1581",4,4,4,4,4,4
"1582",8,8,8,8,8,8
"1583",4,4,4,4,4,4
"1584",3,2,2,1,2,1
"1585",2,2,1,2,1,2
"1586",5,2,2,5,5,3
"1590",7,1,2,6,7,2
"1592",9,9,9,9,9,9
"1595",2,4,4,2,1,4
"1596",10,9,10,8,8,9
"1597",6,5,8,5,5,7
"1598",16,14,11,17,17,8
"1599",3,6,6,3,2,6
"1600",9,10,10,9,9,10
"1601",6,6,6,6,6,6
"1602",7,9,9,6,7,11
"1603",15,16,17,16,17,16
"1604",11,11,11,12,11,9
"1605",3,3,3,2,3,3
"1606",58,53,53,51,55,53
"1607",15,14,15,13,15,13
"1609",2,2,2,2,1,2
"1610",27,28,30,30,28,28
"1611",13,10,13,11,13,13
"1613",1,3,2,1,1,3
"1614",1,2,3,1,1,3
"1615",9,8,9,9,9,9
"1616",6,4,5,5,5,3
"1617",5,5,5,5,5,4
"1618",13,13,13,14,13,14
"1620",9,9,9,9,9,9
"1621",6,6,6,5,5,6
"1623",1,4,4,3,2,7
"1625",4,3,3,3,4,3
"1627",16,18,16,18,15,19
"1628",19,17,19,22,19,19
"1629",17,16,16,17,17,15
"1630",5,6,6,5,3,5
"1631",3,3,3,3,2,3
"1632",3,6,6,4,4,4
"1633",4,4,4,3,4,3
"1634",8,10,11,7,8,10
"1636",11,13,12,12,11,13
"1637",20,22,21,22,21,19
"1639",5,3,3,4,3,2
"1640",1,2,2,1,2,1
"1641",23,22,19,25,20,20
"1642",5,3,6,3,5,5
"1643",12,11,12,11,12,11
"1644",3,3,3,4,2,4
"1645",4,4,4,4,4,4
"1646",23,23,23,22,21,22
"1647",2,2,2,2,2,2
"1649",2,2,2,1,2,2
"1650",8,7,8,7,8,8
"1651",7,8,7,8,7,7
"1652",8,7,5,7,7,6
"1653",13,15,14,15,15,15
"1654",5,6,7,5,5,6
"1655",6,6,6,7,5,5
"1656",2,3,3,3,4,1
"1657",10,10,10,10,10,8
"1658",18,17,18,18,18,18
"1659",9,9,9,9,9,9
"1660",5,4,5,5,5,4
"1661",3,3,3,4,3,3
"1662",8,8,8,8,8,8
"1663",3,3,3,3,3,2
"1664",8,8,8,8,8,8
"1665",8,7,8,7,7,7
"1666",9,9,9,9,9,9
"1667",9,9,9,9,9,9
"1668",19,18,18,19,16,17
"1669",23,20,23,20,21,21
"1670",10,10,10,11,11,10
"1671",4,6,4,6,5,5
"1672",7,6,6,6,6,6
"1674",8,9,9,8,7,8
"1676",9,10,9,10,10,10
"1677",3,3,1,3,3,3
"1678",11,11,11,10,10,11
"1679",21,20,19,21,21,18
"1680",4,4,4,5,2,4
"1681",14,16,16,13,13,17
"1682",6,6,7,7,7,7
"1683",3,3,3,2,3,3
"1684",1,2,2,2,1,3
"1685",1,1,2,1,1,1
"1686",11,8,11,10,10,9
"1687",4,5,5,2,4,5
"1688",7,6,8,7,6,7
"1689",20,18,16,19,17,18
"1690",17,16,17,16,15,18
"1692",12,11,13,12,13,12
"1694",3,4,3,5,5,4
"1695",5,4,3,3,4,3
"1696",9,10,9,10,8,10
"1697",10,9,5,10,8,9
"1699",10,9,9,10,7,9
"1700",7,8,8,7,7,8
"1701",4,6,7,6,3,7
"1702",3,6,5,5,4,6
"1703",9,8,10,6,8,9
"1704",2,4,3,5,3,3
"1705",29,32,31,30,30,32
"1706",11,15,14,12,11,15
"1707",12,9,13,11,12,12
"1708",3,4,3,3,3,3
"1709",6,6,6,6,6,6
"1710",14,16,15,16,16,16
"1711",3,4,3,2,2,2
"1712",32,32,33,32,31,29
"1713",9,9,9,9,9,9
"1714",16,16,16,16,16,16
"1715",7,7,7,7,7,7
"1716",1,1,1,1,1,1
"1717",27,28,28,27,28,27
"1718",5,4,5,5,5,2
"1719",1,1,2,1,1,1
"1720",8,11,9,11,7,12
"1721",8,8,8,8,9,8
"1723",1,2,2,2,2,2
"1724",7,7,8,8,7,8
"1725",2,2,1,2,1,2
"1726",7,8,8,6,7,8
"1727",1,1,2,1,1,1
"1728",4,6,8,6,5,6
"1729",4,4,4,4,3,4
"1730",7,7,7,7,8,6
"1731",34,33,34,32,32,30
"1732",17,20,21,18,19,21
"1733",3,3,4,1,1,3
"1734",4,5,5,5,5,5
"1735",1,1,2,1,1,1
"1736",2,3,2,2,2,3
"1737",6,10,10,5,6,12
"1738",2,6,5,2,3,5
"1739",7,7,9,6,2,7
"1740",5,7,7,7,6,7
"1741",3,5,5,4,4,5
"1742",4,8,7,8,5,7
"1743",4,4,6,3,3,6
"1744",3,5,4,3,3,4
"1745",4,4,4,3,4,5
"1746",5,6,6,5,6,6
"1747",2,1,1,1,1,1
"1748",16,17,19,17,15,19
"1749",6,9,10,4,7,8
"1750",4,5,5,3,6,5
"1751",2,2,2,2,2,2
"1753",6,5,7,5,6,4
"1754",6,7,7,5,5,6
"1756",6,6,6,6,5,7
"1757",1,2,2,1,1,2
"1758",3,4,4,4,2,4
"1760",10,14,14,10,10,13
"1761",2,3,3,2,2,2
"1762",4,6,6,5,5,6
"1763",5,6,8,5,5,6
"1765",1,2,3,1,1,2
"1766",2,1,2,2,2,2
"1767",5,10,11,8,6,11
"1768",6,9,10,7,9,9
"1769",9,18,17,10,9,17
"1771",8,9,8,10,7,13
"1772",9,9,10,8,5,9
"1773",3,5,5,5,4,4
"1774",1,3,4,2,1,3
"1775",19,21,22,22,21,21
"1776",3,4,2,3,3,3
"1777",19,22,21,19,21,21
"1778",5,5,4,3,4,6
"1780",3,4,4,3,3,4
"1781",9,14,14,13,12,15
"1782",3,6,5,4,4,5
"1783",1,2,3,2,2,1
"1785",10,11,12,9,9,12
"1786",4,6,6,4,1,6
"1787",1,2,2,2,2,2
"1788",3,2,1,1,2,2
"1789",6,7,7,7,7,7
"1790",3,2,2,3,2,3
"1791",2,2,1,2,1,2
"1792",4,4,4,4,4,4
"1793",5,8,7,7,3,7
"1794",5,6,4,6,5,6
"1795",1,3,3,2,1,3
"1796",2,7,4,5,5,7
"1797",1,2,1,1,1,2
"1800",2,2,2,1,1,2
"1802",1,1,1,1,1,1
"1803",3,3,3,2,2,2
"1804",2,1,3,2,2,4
"1805",11,12,14,9,9,14
"1806",5,7,6,4,6,5
"1807",1,2,2,1,2,3
"1808",1,3,3,3,3,3
"1810",7,8,9,8,7,9
"1811",4,4,5,4,5,4
"1812",2,2,2,1,2,2
"1813",1,2,2,1,1,2
"1814",12,12,12,11,11,11
"1815",2,3,3,3,2,3
"1816",7,7,7,7,7,7
"1818",30,27,28,26,29,27
"1819",13,2,4,13,13,4
"1820",1,3,3,2,1,3
"1822",2,3,3,3,3,3
"1824",9,9,9,9,9,9
"1825",5,8,8,6,4,9
"1826",4,3,4,2,1,4
"1827",6,5,6,6,5,7
"1828",13,16,18,14,15,19
"1831",9,7,9,8,9,9
"1832",1,2,1,1,1,2
"1833",7,9,7,7,5,8
"1836",8,10,10,8,8,10
"1837",3,3,3,3,3,3
"1838",4,5,4,5,4,5
"1839",4,7,5,5,3,6
"1840",3,4,4,2,3,4
"1842",9,9,10,5,8,9
"1843",2,2,2,2,2,2
"1846",6,12,9,8,6,9
"1847",1,2,1,1,1,2
"1848",3,3,3,3,3,3
"1849",2,3,4,2,2,5
"1850",21,31,31,21,23,30
"1851",2,1,3,3,1,2
"1852",34,32,33,33,34,31
"1853",21,21,22,21,21,22
"1854",28,26,28,28,28,25
"1857",3,3,4,3,3,3
"1858",9,9,10,9,9,9
"1859",17,19,17,14,15,17
"1861",1,3,3,1,3,3
"1862",6,6,7,5,5,7
"1863",2,1,2,1,2,2
"1864",1,2,2,2,1,3
"1865",3,3,3,3,3,3
"1866",10,10,10,10,10,10
"1867",4,4,3,4,4,5
"1868",19,19,18,19,19,18
"1870",4,3,5,6,3,5
"1871",34,33,33,32,34,31
"1872",2,2,2,2,2,2
"1873",3,6,8,2,6,6
"1874",2,3,3,2,1,3
"1876",1,5,5,2,1,5
"1878",9,10,10,7,7,8
"1880",3,5,5,4,5,4
"1881",2,1,1,2,2,1
"1882",13,13,13,12,13,13
"1883",3,3,3,2,1,1
"1884",12,12,12,12,12,11
"1885",7,7,6,7,7,7
"1886",5,5,5,5,5,5
"1887",10,10,9,10,10,10
"1888",10,9,10,10,9,10
"1889",4,4,4,4,4,4
"1890",8,7,5,7,7,6
"1891",2,1,2,2,2,1
"1893",16,14,14,14,13,14
"1894",9,9,10,10,10,10
"1895",61,61,58,62,58,59
"1896",47,44,45,45,48,41
"1897",19,16,18,18,18,19
"1898",9,7,7,6,6,7
"1899",3,5,4,3,5,5
"1900",3,4,4,4,4,3
"1901",6,6,6,6,6,6
"1902",32,35,29,37,32,36
"1903",11,10,11,10,11,10
"1904",4,4,4,4,4,4
"1905",10,10,10,10,9,10
"1906",3,3,4,2,3,3
"1908",4,7,7,6,7,7
"1909",1,2,1,2,2,1
"1911",6,7,9,5,5,8
"1913",4,1,4,2,3,2
"1914",3,3,3,3,3,3
"1915",18,18,16,16,19,18
"1916",4,3,7,2,3,2
"1917",11,13,13,11,12,13
"1918",5,7,7,7,5,6
"1919",4,6,6,2,4,6
"1920",6,7,6,4,6,5
"1921",2,2,2,1,1,2
"1923",2,2,3,2,2,3
"1925",2,2,2,2,2,2
"1926",2,4,3,3,4,4
"1928",2,1,2,1,1,3
"1930",6,7,9,6,6,7
"1931",1,1,1,1,1,1
"1932",5,10,10,4,6,7
"1933",3,6,6,4,4,6
"1934",4,5,6,4,5,5
"1936",3,2,3,2,2,3
"1937",2,2,2,2,2,2
"1939",4,5,5,5,5,3
"1940",5,5,3,4,5,5
"1941",7,7,7,7,6,7
"1942",4,3,4,5,4,5
"1943",7,7,7,7,7,7
"1944",3,3,2,2,2,1
"1945",14,11,13,13,14,9
"1946",14,15,15,14,15,15
"1947",2,2,2,2,2,1
"1948",18,12,12,21,18,11
"1949",4,8,8,5,6,7
"1950",24,24,24,23,24,21
"1951",2,2,2,2,2,2
"1952",8,9,7,8,7,8
"1953",5,6,6,6,6,6
"1954",4,4,5,3,5,4
"1955",3,4,4,5,2,5
"1956",20,22,22,19,20,21
"1957",7,1,1,5,5,1
"1958",3,3,3,3,3,3
"1959",6,7,6,8,8,7
"1960",5,4,5,5,5,4
"1963",23,25,26,22,23,24
"1964",6,10,9,7,8,10
"1965",4,6,6,5,4,7
"1967",5,3,3,7,6,3
"1968",6,6,5,6,6,4
"1969",4,2,1,6,5,2
"1970",11,5,5,10,10,6
"1971",11,11,10,9,11,10
"1972",10,11,10,11,11,10
"1974",6,8,6,5,4,7
"1975",5,1,1,4,4,3
"1976",3,2,2,3,3,1
"1977",21,20,21,19,19,20
"1978",10,10,10,10,9,9
"1979",6,8,7,6,6,8
"1980",5,5,5,5,5,5
"1982",4,5,6,4,4,6
"1984",5,6,6,5,4,5
"1985",3,4,4,4,4,6
"1986",1,1,1,1,1,1
"1987",9,9,9,10,8,10
"1988",19,22,21,20,18,22
"1989",1,1,2,1,1,1
"1990",3,6,5,2,4,6
"1991",3,3,3,2,3,3
"1992",12,11,11,12,12,12
"1995",1,4,5,2,2,5
"1996",7,7,7,5,6,7
"1997",2,8,5,3,3,6
"1998",13,13,11,12,13,13
"2000",4,4,5,2,1,5
"2001",2,3,2,2,2,3
"2002",1,2,2,2,2,1
"2003",1,2,2,2,1,2
"2004",4,7,5,6,4,6
"2005",10,12,12,11,11,12
"2007",2,5,4,2,4,4
"2008",2,4,3,3,2,2
"2009",3,4,4,3,4,3
"2010",19,24,25,18,18,24
"2011",2,8,7,4,2,5
"2012",3,3,3,3,4,3
"2014",1,2,2,2,2,2
"2015",1,4,2,1,1,3
"2016",3,4,5,2,2,5
"2017",3,3,3,2,3,3
"2018",2,3,2,2,1,2
"2019",2,2,2,1,1,2
"2020",3,2,4,2,2,3
"2021",6,8,7,6,5,8
"2022",20,22,22,19,18,22
"2023",7,8,11,7,7,9
"2024",6,5,6,5,6,4
"2026",6,5,6,4,6,5
"2027",3,5,4,4,4,4
"2028",17,16,19,16,17,17
"2029",3,4,3,3,2,4
"2030",5,4,5,4,4,5
"2031",9,10,9,7,8,9
"2032",5,8,8,7,5,5
"2033",5,6,6,5,5,7
"2035",5,9,10,6,8,10
"2036",29,27,27,29,27,26
"2037",2,3,3,1,1,5
"2038",3,3,4,3,2,4
"2040",2,2,1,1,1,2
"2041",4,4,4,4,4,4
"2042",11,15,12,10,11,14
"2043",13,15,17,10,11,17
"2044",9,10,10,9,11,10
"2045",22,23,24,23,22,23
"2047",2,9,6,3,2,7
"2049",6,6,6,6,5,6
"2050",4,4,4,4,3,4
"2051",2,3,3,1,1,3
"2052",13,19,18,13,14,18
"2053",5,5,4,3,4,5
"2054",1,1,1,1,1,2
"2055",1,3,2,2,1,3
"2056",2,2,2,1,2,2
"2057",2,5,5,5,4,5
"2058",14,17,17,15,17,17
"2059",11,13,10,8,9,10
"2060",4,6,6,6,4,7
"2061",2,2,2,2,2,2
"2062",3,3,4,2,3,4
"2064",3,6,4,5,3,6
"2066",2,3,3,2,2,3
"2068",1,3,3,3,1,3
"2069",2,1,2,1,1,2
"2070",1,2,2,1,1,2
"2071",5,10,9,6,6,7
"2072",1,3,2,2,1,3
"2073",3,3,3,2,2,2
"2075",7,7,7,8,8,8
"2077",4,5,5,4,5,5
"2078",3,5,5,5,5,5
"2079",2,1,2,1,2,2
"2080",1,2,3,2,2,2
"2081",4,5,5,4,3,4
"2082",3,4,4,4,3,4
"2083",2,3,4,1,2,4
"2084",13,13,13,14,15,15
"2086",1,2,2,1,1,2
"2087",15,16,17,16,18,17
"2089",14,16,18,16,12,16
"2090",26,29,29,25,25,27
"2092",3,4,6,3,3,4
"2093",1,1,2,1,1,1
"2094",4,7,8,3,3,7
"2095",1,1,1,1,1,1
"2096",9,10,9,8,9,10
"2097",1,6,4,3,3,5
"2099",7,6,5,4,6,6
"2100",7,8,8,8,7,8
"2101",8,8,8,8,8,8
"2102",16,16,16,16,16,16
"2103",4,6,6,5,4,7
"2104",8,13,11,8,9,13
"2105",3,6,6,4,2,6
"2106",8,10,10,5,6,11
"2108",4,5,7,5,4,6
"2109",2,4,4,3,3,4
"2110",2,1,2,1,2,1
"2114",3,4,6,2,2,3
"2115",6,7,9,6,7,7
"2116",14,14,15,15,13,15
"2117",6,7,8,5,6,7
"2118",10,10,10,10,10,9
"2119",1,1,2,1,1,2
"2121",1,4,4,4,3,5
"2122",3,5,5,4,3,5
"2124",2,2,2,2,2,2
"2125",3,5,3,1,3,4
"2127",10,14,14,12,11,14
"2128",4,5,6,3,4,6
"2130",10,9,9,9,10,10
"2131",3,4,2,3,4,4
"2132",5,6,6,4,4,6
"2133",3,2,3,3,3,3
"2134",5,10,11,10,8,11
"2135",1,3,3,2,2,3
"2136",1,1,1,1,1,1
"2137",6,11,10,8,7,11
"2138",11,11,11,11,11,11
"2139",5,7,6,6,5,6
"2141",6,6,6,7,4,7
"2142",6,8,7,6,5,7
"2143",11,10,11,10,11,11
"2144",1,2,2,2,1,1
"2145",12,13,14,10,8,14
"2148",3,4,3,3,3,4
"2149",1,5,3,3,2,5
"2150",7,10,7,5,6,8
"2151",1,3,3,1,1,2
"2152",1,2,2,2,1,1
"2153",7,7,9,6,6,7
"2154",3,4,4,3,2,4
"2155",1,2,1,2,1,2
"2157",4,4,4,4,4,4
"2158",3,3,2,3,3,2
"2159",2,2,2,2,2,2
"2160",2,3,3,1,1,5
"2161",1,4,2,1,1,3
"2162",4,4,5,4,3,4
"2163",2,2,2,1,1,2
"2164",1,1,1,1,1,1
"2165",14,19,20,14,17,17
"2166",9,9,10,9,8,9
"2168",1,4,3,4,2,4
"2170",2,2,3,1,1,2
"2171",5,5,5,5,6,5
"2172",24,24,24,21,22,24
"2173",4,5,4,4,4,4
"2174",2,3,2,1,3,3
"2176",6,7,6,5,6,7
"2177",3,3,5,3,2,3
"2178",8,8,8,8,8,8
"2179",2,3,3,1,1,4
"2180",4,8,8,3,6,7
"2181",8,11,10,9,9,11
"2182",23,22,22,23,22,20
"2184",8,10,9,10,8,10
"2185",5,6,6,5,5,6
"2186",1,2,2,2,2,2
"2187",3,4,5,4,3,3
"2190",1,3,2,2,2,2
"2191",1,2,1,1,1,1
"2192",8,11,11,8,8,11
"2193",5,6,6,6,7,8
"2194",2,1,2,2,1,1
"2195",9,9,9,9,9,9
"2197",3,4,4,4,4,5
"2199",7,8,10,6,6,8
"2200",3,7,6,5,4,6
"2202",3,4,5,3,3,4
"2203",5,8,12,5,5,6
"2205",1,3,3,2,1,2
"2206",2,4,3,2,3,3
"2207",1,1,1,1,1,1
"2208",12,13,11,10,12,12
"2209",2,2,3,2,2,2
"2211",1,2,1,1,1,1
"2212",2,2,2,2,2,2
"2213",5,5,6,6,4,5
"2214",2,2,2,2,2,2
"2215",5,2,2,4,4,2
"2216",1,3,1,1,1,3
"2217",15,14,13,14,17,15
"2218",2,3,3,4,2,3
"2219",18,24,27,16,18,25
"2220",2,2,3,3,2,3
"2221",6,6,5,5,4,6
"2222",9,10,9,10,10,10
"2223",15,16,15,16,16,16
"2224",6,8,5,6,7,8
"2225",9,8,8,8,9,8
"2226",14,20,17,20,18,18
"2228",3,3,4,3,3,4
"2229",5,5,5,4,4,5
"2230",1,2,2,1,1,2
"2231",2,3,4,1,1,2
"2232",1,1,1,1,1,1
"2233",2,3,3,3,3,3
"2234",3,3,3,3,3,3
"2235",16,16,16,15,15,14
"2236",6,7,7,7,7,8
"2237",6,6,6,6,6,6
"2238",9,10,8,9,9,8
"2239",2,3,2,4,4,2
"2240",5,4,5,4,4,4
"2241",9,8,9,9,8,7
"2242",18,18,18,19,17,17
"2243",39,38,37,39,42,39
"2244",12,12,12,12,12,12
"2245",9,12,11,10,11,11
"2246",2,3,2,1,2,2
"2247",4,4,5,4,5,4
"2248",2,4,4,3,1,4
"2249",8,9,8,8,6,8
"2250",8,9,8,9,8,9
"2251",7,12,12,5,7,10
"2252",12,17,17,13,13,15
"2253",1,1,1,1,1,1
"2254",2,2,4,4,2,4
"2255",2,2,2,2,2,2
"2256",3,4,4,4,2,4
"2257",3,4,4,4,3,4
"2258",8,8,8,8,7,9
"2259",10,10,11,10,9,10
"2260",1,2,2,1,2,1
"2261",5,6,5,5,5,5
"2262",18,19,18,16,17,18
"2263",2,1,2,3,2,2
"2264",7,7,6,10,10,10
"2265",23,26,24,23,22,24
"2266",29,22,31,23,25,23
"2268",9,10,10,11,11,8
"2269",2,1,1,1,1,2
"2270",14,13,9,12,12,13
"2271",4,3,4,4,4,5
"2272",1,1,2,2,1,1
"2273",3,1,2,1,3,3
"2274",50,52,54,54,54,54
"2275",3,3,2,3,3,4
"2276",3,3,3,3,3,3
"2277",1,2,2,1,1,2
"2278",2,2,3,2,2,2
"2279",4,5,4,3,2,5
"2280",1,2,1,1,2,1
"2282",2,1,4,1,2,2
"2284",2,3,5,3,4,3
"2285",12,11,10,10,12,10
"2288",29,29,29,31,30,31
"2289",22,19,17,19,20,18
"2290",5,4,5,4,3,3
"2292",7,8,7,7,6,8
"2293",7,7,6,7,7,7
"2294",16,13,17,12,14,14
"2295",3,5,5,3,3,6
"2296",4,6,5,5,3,5
"2299",2,3,3,2,3,3
"2300",6,9,10,8,8,8
"2301",1,1,1,1,1,1
"2302",2,3,4,3,3,3
"2303",2,3,3,3,3,3
"2304",6,8,9,4,4,5
"2307",6,7,8,7,6,7
"2308",2,5,6,4,3,6
"2310",10,12,11,10,9,12
"2311",17,15,18,17,18,16
"2312",5,6,5,6,6,6
"2313",4,3,2,5,4,2
"2315",10,11,10,11,11,11
"2316",8,7,8,7,7,7
"2317",21,20,20,20,21,20
"2318",2,3,2,2,1,3
"2319",3,1,2,1,2,1
"2321",16,16,16,16,17,17
"2322",4,3,4,4,3,4
"2323",11,7,7,11,11,11
"2324",4,3,4,4,4,4
"2325",14,14,15,16,13,15
"2326",2,3,3,3,3,3
"2327",16,20,21,19,17,20
"2328",17,18,17,17,14,15
"2329",14,13,13,14,16,14
"2330",1,1,1,1,1,1
"2331",19,19,21,19,17,20
"2332",11,13,12,13,9,13
"2334",6,10,10,7,5,9
"2337",3,3,3,3,3,3
"2338",3,4,2,2,3,3
"2339",4,5,5,4,4,5
"2340",12,11,11,11,11,10
"2341",4,4,4,4,4,4
"2342",5,5,5,6,5,6
"2343",10,10,9,10,10,8
"2344",6,5,5,5,6,5
"2345",5,5,4,5,4,4
"2346",2,2,2,2,2,2
"2347",24,21,19,25,24,21
"2348",2,2,2,3,3,3
"2349",37,34,36,38,32,34
"2350",2,3,3,3,2,2
"2352",2,2,2,2,2,1
"2353",1,2,2,2,2,2
"2354",1,2,2,2,2,2
"2355",4,4,4,3,4,2
"2356",1,1,2,1,1,1
"2358",5,5,5,5,5,5
"2360",5,6,6,2,3,5
"2361",1,2,2,2,2,2
"2362",1,4,4,1,2,3
"2364",3,4,4,2,2,4
"2365",1,3,3,3,3,4
"2366",1,4,5,3,3,4
"2367",9,13,14,9,8,13
"2368",13,12,13,11,11,10
"2369",11,12,13,11,9,12
"2371",2,3,2,2,1,2
"2374",6,7,10,8,8,9
"2375",1,2,2,2,1,3
"2376",10,11,12,8,7,10
"2377",2,3,3,3,3,2
"2378",1,3,3,2,3,4
"2380",8,9,9,7,7,8
"2381",1,4,4,3,3,5
"2382",2,2,3,3,2,4
"2384",6,10,10,4,5,9
"2386",8,8,9,7,8,8
"2387",13,13,12,13,13,13
"2389",4,3,4,3,3,3
"2391",22,23,23,24,24,24
"2392",5,7,9,6,6,8
"2393",2,2,2,2,2,2
"2394",5,5,6,5,4,4
"2395",6,8,8,4,6,8
"2396",8,7,8,7,7,7
"2397",4,5,2,5,4,5
"2398",17,16,16,19,15,18
"2399",10,10,10,11,10,11
"2402",5,4,4,5,4,4
"2404",12,12,12,12,13,14
"2405",2,2,2,1,1,2
"2406",6,4,7,10,6,6
"2408",5,5,5,5,5,4
"2409",4,5,4,5,5,5
"2411",5,6,6,6,6,6
"2412",3,3,3,3,3,3
"2414",4,5,5,5,5,5
"2415",4,6,4,5,4,5
"2416",19,16,17,20,16,16
"2417",8,6,5,6,6,5
"2418",29,26,29,26,29,26
"2419",3,3,4,3,5,1
"2420",7,5,6,5,6,5
"2421",2,1,1,2,1,2
"2422",12,11,12,11,11,12
"2423",7,5,7,4,5,5
"2424",1,1,1,1,1,1
"2425",2,3,2,3,2,3
"2426",8,9,9,7,7,7
"2427",6,5,6,6,6,5
"2428",5,5,5,6,4,5
"2429",7,8,8,7,7,7
"2430",14,16,15,16,15,17
"2431",8,10,9,8,7,10
"2432",2,1,3,2,2,2
"2433",2,2,2,2,2,2
"2434",8,9,8,8,7,9
"2435",4,3,3,3,3,4
"2436",7,7,6,7,6,6
"2437",2,2,4,4,4,3
"2438",31,33,31,31,30,32
"2439",83,81,82,82,83,84
"2440",1,1,2,2,2,2
"2442",5,5,5,2,5,5
"2443",31,28,30,31,32,30
"2444",7,8,8,7,6,7
"2445",4,2,4,3,3,3
"2446",23,22,24,23,23,23
"2447",4,4,4,4,2,5
"2448",6,5,5,7,7,6
"2449",3,3,3,3,3,3
"2450",2,2,2,2,2,2
"2451",4,4,4,5,3,5
"2452",4,2,2,1,4,3
"2453",34,28,33,29,32,29
"2454",15,13,11,14,14,12
"2455",13,14,13,13,15,15
"2456",13,13,13,12,11,13
"2457",10,11,11,10,10,11
"2458",7,7,7,7,6,7
"2459",3,5,3,4,5,2
"2461",6,7,6,7,6,6
"2462",8,8,8,8,8,7
"2463",8,10,10,9,8,8
"2464",25,24,26,24,24,23
"2465",20,15,17,15,14,14
"2466",13,10,9,11,10,10
"2467",4,3,4,4,3,4
"2468",11,10,10,10,11,10
"2470",5,6,5,6,5,6
"2471",7,7,7,6,7,6
"2472",24,18,21,22,19,23
"2473",65,59,64,61,60,61
"2474",7,7,7,7,6,6
"2475",5,4,4,5,5,5
"2477",2,1,2,2,2,2
"2478",4,4,5,4,5,5
"2479",28,26,27,27,27,23
"2480",5,4,3,5,5,7
"2481",1,4,4,2,3,3
"2482",11,12,11,10,12,11
"2483",2,4,4,3,1,3
"2484",1,2,2,1,1,2
"2486",11,11,11,11,9,11
"2487",1,2,2,1,1,3
"2488",2,2,3,2,2,2
"2489",1,2,3,1,1,3
"2490",2,2,2,2,2,1
"2491",8,8,6,8,10,8
"2493",6,5,4,5,5,6
"2494",22,22,22,23,21,23
"2495",5,6,5,6,6,5
"2496",2,3,3,3,4,4
"2497",10,7,10,9,9,7
"2498",13,12,13,12,11,12
"2499",3,2,2,2,2,1
"2500",8,9,9,9,9,9
"2501",10,10,11,9,10,9
"2502",17,14,17,14,17,15
"2503",13,12,11,11,13,12
"2504",3,4,3,2,3,2
"2505",4,3,3,3,3,2
"2506",3,2,4,4,3,2
"2507",20,25,17,23,24,21
"2508",4,4,3,6,6,6
"2509",1,3,2,3,2,3
"2510",33,32,33,33,33,32
"2511",25,25,25,23,23,24
"2512",15,12,14,13,12,13
"2513",6,6,6,6,8,6
"2514",19,18,19,18,17,16
"2515",7,10,7,8,9,6
"2516",7,7,6,7,6,7
"2517",7,9,8,9,8,7
"2518",2,3,1,2,2,3
"2519",4,6,5,5,5,5
"2520",6,5,6,7,7,7
"2521",1,1,1,1,1,1
"2522",16,14,13,15,17,11
"2523",4,5,6,6,6,3
"2524",4,5,4,5,5,5
"2525",5,5,5,5,5,5
"2527",9,8,9,9,7,9
"2528",28,29,28,30,28,28
"2529",3,2,3,1,3,1
"2530",16,11,15,13,15,13
"2531",10,11,10,10,10,10
"2532",4,3,5,4,4,4
"2533",4,4,5,3,4,3
"2534",6,6,5,6,6,6
"2535",12,12,11,11,11,11
"2536",12,13,11,13,14,13
"2537",2,3,3,3,3,2
"2538",4,3,4,3,3,3
"2539",3,2,2,1,1,2
"2540",3,3,3,3,3,3
"2541",13,13,13,12,12,11
"2542",13,15,12,13,14,12
"2543",35,35,33,35,34,34
"2544",2,4,2,2,2,3
"2545",15,18,17,17,17,15
"2546",4,2,2,3,3,3
"2547",3,2,1,2,1,2
"2548",5,5,4,5,5,5
"2549",2,2,2,2,1,2
"2552",4,5,4,4,4,4
"2553",5,5,5,5,5,5
"2554",4,4,4,4,4,4
"2555",3,3,4,4,3,4
"2556",13,13,13,13,12,12
"2557",1,1,2,3,1,2
"2558",2,1,1,3,2,1
"2560",21,20,23,17,22,17
"2561",15,14,15,16,18,12
"2563",3,3,2,2,2,2
"2564",2,2,2,2,2,1
"2565",10,9,10,10,9,11
"2566",23,21,20,19,19,18
"2567",4,4,4,4,4,4
"2568",13,13,11,13,12,12
"2569",8,7,8,7,8,7
"2570",10,10,10,10,12,11
"2571",12,16,17,11,11,15
"2572",24,21,24,24,26,22
"2573",6,6,5,6,5,6
"2574",5,6,5,6,5,6
"2575",1,4,4,3,2,3
"2576",8,7,9,9,9,9
"2577",1,3,3,2,1,4
"2578",3,3,3,2,2,3
"2580",1,3,2,2,2,2
"2581",2,3,5,2,2,3
"2582",11,11,10,12,8,12
"2584",2,1,2,1,1,2
"2585",3,4,4,6,2,5
"2587",3,4,4,5,5,5
"2588",2,4,3,2,2,3
"2590",6,6,6,6,6,6
"2591",2,2,2,2,1,2
"2593",4,4,5,4,2,4
"2594",1,1,1,1,1,1
"2596",5,6,6,2,4,6
"2597",3,3,3,4,2,3
"2598",8,8,8,8,7,8
"2600",3,5,8,2,3,4
"2601",1,2,2,1,1,2
"2602",8,8,9,8,5,8
"2603",1,1,2,1,1,2
"2604",2,3,3,3,2,4
"2605",1,2,3,2,1,2
"2606",4,6,6,3,3,6
"2607",3,3,5,2,1,2
"2610",3,2,3,3,2,3
"2611",9,9,8,9,11,8
"2612",4,4,5,4,5,3
"2613",3,2,3,2,1,2
"2614",4,3,4,4,5,3
"2615",36,34,34,37,36,34
"2616",3,3,2,2,2,3
"2617",1,3,3,2,1,3
"2618",2,4,3,3,2,4
"2619",9,8,10,9,9,6
"2620",4,4,3,4,3,4
"2621",3,4,4,3,3,4
"2623",6,7,7,5,4,6
"2624",30,29,29,29,30,30
"2625",29,27,31,28,27,26
"2626",17,20,17,16,16,21
"2627",3,3,4,4,2,3
"2628",6,6,5,6,6,6
"2630",3,3,3,3,3,4
"2631",10,9,10,9,10,9
"2632",6,6,6,4,5,6
"2633",3,6,5,5,3,6
"2634",3,5,3,4,3,4
"2635",1,2,2,2,2,2
"2636",2,3,4,3,3,3
"2637",2,2,1,2,1,2
"2638",3,4,4,3,2,3
"2640",3,5,5,5,4,5
"2641",7,12,10,8,8,12
"2642",4,8,8,7,6,8
"2643",4,5,5,2,2,5
"2645",1,3,3,2,1,2
"2648",6,6,7,4,5,6
"2649",2,3,3,2,2,4
"2650",2,1,2,1,1,2
"2651",1,2,1,1,2,2
"2652",4,8,8,5,5,7
"2653",2,2,2,2,2,2
"2654",5,5,5,5,5,4
"2655",16,15,13,14,15,13
"2656",6,4,5,5,6,4
"2658",7,7,7,6,7,7
"2659",7,8,10,8,8,9
"2660",9,9,11,6,7,11
"2661",17,19,18,19,17,19
"2662",3,3,3,4,4,3
"2663",24,22,23,24,26,22
"2664",2,1,1,2,1,2
"2665",28,25,26,27,28,23
"2666",17,17,18,18,16,18
"2667",6,5,6,7,7,7
"2668",8,7,7,7,6,7
"2669",5,6,4,6,4,5
"2670",5,6,6,6,5,6
"2671",8,8,9,9,9,8
"2673",6,8,7,6,6,8
"2674",11,12,10,12,11,12
"2676",13,15,16,11,11,13
"2677",11,12,12,10,11,11
"2678",2,2,2,1,2,2
"2679",3,6,4,2,1,5
"2680",3,4,3,1,1,4
"2681",9,11,9,7,6,10
"2682",18,16,17,20,16,19
"2683",12,10,12,10,12,10
"2685",10,10,11,11,11,10
"2686",8,9,9,11,8,9
"2687",3,3,2,2,2,1
"2688",34,33,34,31,34,32
"2689",34,36,35,35,35,35
"2690",4,5,5,5,5,5
"2691",16,14,16,15,14,12
"2692",3,3,3,4,2,3
"2693",13,14,15,15,15,13
"2694",12,12,12,12,11,11
"2695",3,4,3,2,3,3
"2696",9,10,7,10,8,9
"2697",18,20,19,20,19,18
"2698",8,9,8,9,8,9
"2699",5,5,5,5,5,5
"2700",24,20,22,22,19,23
"2701",5,5,6,4,5,6
"2702",9,7,9,9,9,7
"2703",1,1,1,1,1,1
"2704",25,23,25,24,24,23
"2705",5,5,4,5,4,5
"2706",3,2,3,3,3,3
"2707",7,7,8,7,8,7
"2708",26,22,24,23,25,22
"2710",2,2,2,2,2,2
"2711",2,3,2,1,1,1
"2712",5,5,4,5,4,5
"2713",6,7,7,8,7,7
"2714",3,4,4,3,3,3
"2715",2,2,2,2,1,2
"2716",6,4,5,5,6,4
"2717",4,2,4,3,4,3
"2719",12,10,11,9,10,9
"2720",1,1,1,1,1,1
"2721",7,6,6,7,6,6
"2722",12,14,12,13,11,15
"2723",1,1,1,1,2,2
"2724",14,12,11,13,15,13
"2725",3,3,2,3,3,3
"2726",6,5,5,5,5,5
"2727",10,10,10,9,9,10
"2728",1,2,2,3,2,3
"2729",1,2,1,2,1,2
"2730",14,14,14,13,14,14
"2731",15,16,15,16,16,15
"2732",8,3,3,7,8,3
"2733",6,6,4,6,6,4
"2734",6,6,5,6,5,6
"2735",2,2,2,2,3,3
"2736",1,2,1,1,2,2
"2737",4,4,4,4,4,3
"2738",7,7,7,7,7,7
"2739",19,18,18,18,18,18
"2740",3,3,3,3,3,3
"2741",6,5,6,5,5,4
"2742",12,11,11,12,10,12
"2743",4,5,5,5,5,5
"2744",6,5,6,5,7,5
"2745",1,3,2,3,2,3
"2746",2,2,2,2,2,1
"2747",3,3,3,3,3,3
"2748",10,8,9,8,9,7
"2749",6,6,5,5,6,5
"2750",2,2,1,2,2,1
"2751",3,3,2,3,2,3
"2752",3,3,3,3,3,3
"2753",7,7,7,6,6,7
"2754",7,7,7,8,7,5
"2755",6,7,7,6,7,6
"2756",7,6,7,6,6,6
"2757",11,11,12,9,9,11
"2758",9,9,8,9,9,9
"2759",4,5,5,5,4,5
"2760",1,1,1,2,1,1
"2761",8,8,9,7,8,8
"2762",9,8,9,8,8,8
"2763",16,17,16,16,16,17
"2764",5,4,4,5,5,5
"2765",3,2,3,2,3,2
"2767",12,12,12,12,12,12
"2768",6,7,5,6,6,5
"2769",12,12,12,12,12,12
"2770",10,10,10,10,9,10
"2771",1,1,1,1,1,1
"2772",4,4,4,4,4,4
"2773",5,4,5,5,4,5
"2774",2,2,2,2,2,1
"2775",2,3,3,3,3,3
"2777",1,1,1,1,1,1
"2778",7,6,7,7,6,7
"2779",4,4,5,5,5,4
"2780",3,1,2,1,1,1
"2781",2,2,2,2,1,2
"2782",11,9,7,10,11,9
"2783",1,1,1,1,2,1
"2784",3,3,3,3,3,3
"2786",2,2,2,2,2,2
"2787",4,3,3,3,3,3
"2788",3,3,3,3,5,3
"2789",6,5,6,7,5,6
"2790",5,4,5,5,4,4
"2791",18,19,19,20,20,20
"2792",6,4,6,5,6,5
"2793",1,2,1,1,1,2
"2794",2,2,2,2,2,1
"2795",7,7,7,6,7,7
"2796",5,4,4,4,4,5
"2797",11,11,11,12,11,10
"2798",12,14,14,13,13,15
"2799",22,22,21,23,23,22
"2800",9,9,10,9,9,9
"2801",8,8,8,8,8,8
"2802",8,7,7,8,8,8
"2803",4,3,4,4,4,4
"2804",17,17,16,17,17,17
"2805",4,4,4,4,4,4
"2806",4,4,4,4,4,4
"2807",9,9,9,9,8,9
"2808",2,2,2,2,2,2
"2809",3,2,2,2,2,2
"2810",9,8,10,11,9,10
"2811",2,2,2,1,2,2
"2812",3,2,3,3,3,3
"2813",3,3,3,3,3,3
"2814",3,3,3,3,3,3
"2815",4,4,4,3,4,3
"2816",7,7,8,8,7,8
"2817",5,5,5,5,5,5
"2818",2,2,2,2,2,2
"2819",14,13,14,16,15,15
"2820",2,2,2,2,1,2
"2821",8,4,3,7,7,6
"2822",11,11,11,11,11,10
"2823",4,4,3,3,4,4
"2824",15,14,15,17,15,16
"2825",4,4,4,4,4,4
"2826",16,16,16,16,15,16
"2827",5,4,3,5,5,4
"2829",5,5,5,5,5,5
"2830",5,5,5,5,5,5
"2832",5,5,5,5,5,5
"2833",7,9,8,8,9,6
"2834",8,8,9,8,8,9
"2835",4,4,4,4,4,4
"2836",1,1,1,1,1,1
"2837",5,4,4,4,4,4
"2838",4,4,4,4,4,4
"2839",3,3,2,2,3,3
"2840",4,4,4,3,4,4
"2841",2,2,2,2,2,2
"2842",2,2,3,4,4,4
"2843",2,1,2,2,2,2
"2844",2,1,2,2,2,2
"2845",8,6,6,7,7,7
"2846",5,5,5,5,5,5
"2847",4,5,4,4,4,5
"2848",6,6,6,7,6,6
"2849",6,7,7,7,7,7
"2850",7,6,6,6,7,7
"2851",6,6,6,6,6,6
"2852",9,9,9,9,9,9
"2853",3,3,4,3,3,3
"2854",6,7,6,7,6,6
"2855",7,6,7,7,7,6
"2856",7,7,7,7,7,7
"2857",5,5,5,5,5,5
"2858",25,23,25,23,24,23
"2859",3,2,2,4,2,2
"2860",1,2,3,3,2,3
"2861",3,1,1,2,2,1
"2863",10,10,11,12,10,11
"2864",3,3,3,2,3,2
"2865",3,3,3,3,3,2
"2866",2,1,2,1,1,1
"2867",4,4,4,4,4,4
"2868",7,5,6,6,6,6
"2869",2,3,2,2,3,2
"2870",5,5,5,5,5,5
"2871",4,2,1,4,4,2
"2872",7,7,6,8,7,7
"2873",17,17,17,17,16,17
"2874",1,1,1,1,1,1
"2875",6,6,6,5,6,6
"2877",2,2,1,2,2,1
"2878",10,11,10,11,9,10
"2879",7,7,7,7,7,7
"2880",5,3,5,4,4,5
"2882",8,8,7,8,7,8
"2883",5,5,5,5,5,5
"2885",2,1,1,2,1,1
"2886",21,21,20,21,21,21
"2887",9,9,10,9,10,10
"2888",5,5,5,5,5,4
"2889",3,2,2,3,3,2
"2890",5,1,4,6,6,4
"2891",4,3,3,4,4,4
"2893",8,8,8,8,8,8
"2894",1,1,1,1,1,1
"2895",4,4,4,4,4,4
"2897",9,4,4,8,9,3
"2898",3,3,2,3,2,3
"2899",6,6,6,6,7,6
"2900",5,1,2,4,4,1
"2902",13,9,10,12,11,9
"2903",10,4,9,8,8,6
"2905",9,8,7,10,9,9
"2906",3,3,4,4,2,3
"2907",3,3,3,4,3,4
"2909",23,21,21,22,22,21
"2910",4,5,5,5,4,4
"2911",23,23,24,25,22,22
"2913",2,2,3,4,3,4
"2914",29,27,26,27,27,29
"2915",5,5,5,4,5,6
"2916",12,9,10,11,12,12
"2917",11,10,10,10,10,10
"2918",96,91,96,94,97,94
"2920",6,7,6,5,6,7
"2921",8,12,12,10,9,11
"2922",2,2,1,2,1,2
"2925",9,7,8,7,7,7
"2926",2,4,2,3,3,2
"2927",3,3,3,3,1,2
"2928",5,5,5,5,5,5
"2929",4,6,7,4,4,7
"2930",4,3,4,4,4,4
"2931",2,2,2,2,2,2
"2932",3,3,3,1,3,2
"2934",5,5,5,5,5,5
"2935",4,3,3,3,3,3
"2936",8,7,6,7,7,8
"2937",3,3,4,3,4,3
"2938",6,6,6,6,6,6
"2940",4,5,5,5,4,5
"2941",3,3,3,2,2,3
"2942",2,3,3,2,2,3
"2943",1,2,1,3,3,3
"2944",2,3,3,3,3,3
"2945",4,4,4,4,4,4
"2946",6,6,6,6,5,7
"2947",3,3,3,3,3,2
"2948",5,5,4,4,5,5
"2949",2,2,2,1,1,2
"2951",1,2,1,1,1,3
"2952",2,2,2,3,3,3
"2953",9,10,9,10,10,10
"2954",2,2,2,3,2,2
"2955",4,5,5,5,4,5
"2956",15,15,15,15,15,15
"2957",9,9,10,8,7,9
"2958",5,5,5,5,5,5
"2959",3,3,4,4,3,3
"2961",7,6,6,6,6,7
"2962",18,17,20,21,18,17
"2964",4,6,5,5,4,6
"2965",4,3,3,5,4,4
"2966",11,8,11,8,9,10
"2967",5,7,6,7,7,7
"2968",3,4,4,4,4,4
"2969",58,52,55,54,53,54
"2970",6,7,7,6,6,6
"2971",10,13,13,10,9,13
"2972",1,2,1,1,2,1
"2973",8,8,9,9,8,7
"2974",2,4,4,2,3,3
"2975",21,20,21,20,20,19
"2976",38,48,51,42,38,50
"2977",3,3,4,1,3,3
"2978",5,4,5,6,6,4
"2979",20,14,18,23,25,21
"2980",8,8,7,6,8,7
"2981",8,10,10,9,10,10
"2982",5,4,5,5,5,4
"2983",5,5,5,5,5,4
"2985",2,4,3,1,1,3
"2986",1,2,1,1,1,1
"2987",18,17,17,17,17,15
"2988",5,7,7,5,5,7
"2989",2,2,2,2,2,2
"2991",15,13,15,13,14,13
"2992",1,2,1,2,2,1
"2993",3,3,3,3,3,3
"2994",3,3,3,3,3,3
"2995",5,6,5,2,4,5
"2996",2,2,1,2,2,2
"2997",17,17,16,18,19,15
"2998",17,17,18,20,21,20
"2999",6,5,6,5,6,5
"3000",1,5,2,3,1,5
"3001",3,3,3,2,2,3
"3002",3,7,6,5,4,5
"3003",6,6,6,4,7,5
"3004",1,2,2,1,1,2
"3005",4,6,4,3,4,6
"3008",18,15,15,19,17,16
"3009",4,4,4,3,4,4
"3010",3,2,4,4,1,4
"3011",3,5,4,4,2,4
"3012",7,7,7,7,7,7
"3014",16,18,18,16,16,19
"3015",5,8,6,9,7,7
"3016",5,7,6,5,5,7
"3017",2,3,3,2,1,3
"3018",20,24,20,21,21,21
"3020",3,1,2,1,2,2
"3021",5,6,7,6,4,7
"3022",13,13,14,14,14,14
"3023",3,2,2,3,3,2
"3025",8,7,7,7,6,7
"3026",1,1,1,1,3,1
"3027",5,5,6,5,5,5
"3029",1,1,2,1,1,2
"3030",10,13,12,8,8,11
"3031",2,1,3,1,2,3
"3032",9,8,10,8,9,7
"3033",4,7,6,5,3,6
"3034",8,6,9,7,7,7
"3035",2,3,3,1,2,2
"3036",20,16,18,18,20,16
"3038",2,1,2,1,2,2
"3039",2,1,1,2,2,2
"3041",2,3,3,3,1,2
"3042",1,2,1,1,1,1
"3044",13,13,13,13,13,13
"3045",2,1,2,1,1,1
"3046",12,14,17,11,10,18
"3047",2,4,4,2,2,5
"3048",17,26,26,19,20,24
"3049",19,19,17,16,18,18
"3050",1,1,2,1,1,2
"3052",3,3,3,1,3,3
"3053",1,3,3,2,2,3
"3055",4,9,9,7,4,7
"3056",4,4,4,3,3,4
"3057",5,5,3,4,3,7
"3058",4,4,6,1,2,5
"3061",1,2,2,2,2,2
"3062",8,11,12,8,6,12
"3063",8,7,7,7,7,6
"3064",1,1,2,1,1,2
"3066",5,5,4,5,4,4
"3067",5,11,9,6,3,9
"3069",5,5,5,5,5,5
"3070",6,7,7,6,6,7
"3072",9,10,12,10,9,11
"3075",4,5,5,5,5,5
"3076",3,1,2,3,3,2
"3078",6,9,8,8,6,9
"3082",36,39,37,39,35,38
"3084",5,7,7,5,7,9
"3085",2,3,1,2,4,2
"3086",9,10,10,10,10,10
"3087",2,2,2,2,2,2
"3089",4,6,5,3,3,6
"3090",5,4,5,5,5,5
"3091",3,5,4,3,3,4
"3092",5,7,6,5,3,7
"3093",9,9,8,9,9,9
"3094",9,9,9,8,8,9
"3095",5,7,7,5,4,7
"3096",10,15,13,8,8,13
"3097",2,2,2,2,1,2
"3098",7,10,6,8,6,9
"3099",6,12,10,7,6,11
"3100",7,7,7,5,6,7
"3102",2,2,2,1,2,3
"3103",3,3,1,3,1,1
"3104",2,2,2,2,2,2
"3105",12,19,18,13,14,18
"3106",5,7,5,5,3,6
"3108",6,7,7,6,6,7
"3109",2,5,4,2,4,4
"3110",3,3,3,3,3,2
"3111",2,3,3,2,3,3
"3112",1,3,3,1,1,3
"3113",1,1,2,1,2,1
"3114",4,8,8,4,4,7
"3115",10,13,13,11,12,13
"3116",2,2,2,1,2,2
"3118",4,3,4,5,5,3
"3119",6,7,7,4,6,6
"3120",12,11,8,8,9,11
"3122",4,6,5,3,3,6
"3123",5,6,7,7,6,5
"3124",1,2,2,1,1,2
"3125",2,4,3,3,4,3
"3126",8,8,6,8,8,6
"3127",14,12,11,11,13,11
"3128",19,22,19,19,22,20
"3130",6,6,6,6,4,6
"3131",7,8,6,7,6,8
"3132",2,3,3,2,2,4
"3133",13,11,12,9,11,11
"3135",1,2,1,1,1,2
"3136",2,1,2,1,1,1
"3137",2,1,1,2,2,1
"3138",2,2,2,2,2,2
"3139",7,11,12,7,7,11
"3141",3,4,4,3,2,3
"3143",5,9,6,4,4,9
"3144",5,7,8,5,3,7
"3145",6,4,1,3,6,3
"3146",4,3,3,4,3,3
"3147",1,2,1,2,1,2
"3149",3,6,9,3,3,9
"3151",3,4,4,3,3,5
"3152",2,3,3,2,2,3
"3153",1,3,4,1,3,4
"3156",11,11,11,11,12,12
"3157",7,7,7,7,7,7
"3158",7,7,7,7,6,7
"3159",11,10,8,10,10,10
"3160",1,2,2,1,1,2
"3162",2,2,2,2,1,2
"3163",3,3,3,2,3,3
"3164",11,14,14,13,11,13
"3165",2,3,2,2,2,2
"3166",14,16,16,15,11,16
"3167",1,2,2,1,2,2
"3168",9,17,12,11,9,17
"3170",1,2,1,1,2,2
"3171",7,7,7,7,7,7
"3173",2,3,4,2,1,2
"3174",3,3,3,3,3,3
"3175",1,2,1,1,1,1
"3176",4,4,2,5,5,5
"3177",12,14,11,12,12,12
"3178",1,3,4,1,2,4
"3179",12,12,12,12,12,12
"3180",9,8,9,7,7,8
"3182",2,3,2,2,2,2
"3183",2,2,2,1,2,2
"3184",4,4,6,4,3,4
"3185",3,3,4,3,4,5
"3186",44,41,44,43,41,44
"3187",5,7,7,3,4,6
"3188",4,4,4,4,4,4
"3189",11,9,10,11,10,10
"3191",8,6,6,9,5,6
"3192",17,17,15,18,15,15
"3193",6,5,6,5,5,7
"3194",2,2,1,3,1,3
"3197",5,7,5,6,2,7
"3199",4,4,6,6,3,8
"3200",4,8,9,5,5,9
"3202",2,2,3,2,2,2
"3203",11,15,14,12,13,13
"3204",13,15,15,15,14,16
"3207",7,7,6,6,6,6
"3208",8,12,11,10,9,11
"3209",5,8,8,4,6,6
"3210",3,4,5,2,3,6
"3211",3,4,4,3,2,5
"3212",29,28,29,29,29,26
"3213",9,10,9,9,9,9
"3214",15,15,16,13,16,13
"3215",43,37,37,40,39,40
"3216",2,2,2,2,3,3
"3217",12,14,13,13,15,14
"3218",4,4,6,5,6,5
"3219",9,9,7,9,10,9
"3220",9,10,10,10,10,10
"3222",10,11,12,10,9,11
"3223",2,3,4,1,2,2
"3224",3,4,4,2,4,4
"3225",2,5,5,3,2,4
"3226",2,3,2,2,2,3
"3228",7,7,8,8,8,7
"3229",6,6,7,6,6,7
"3231",4,6,4,4,2,4
"3232",3,6,4,4,3,3
"3233",2,2,2,2,2,2
"3234",11,13,13,12,11,13
"3235",10,11,11,9,8,10
"3236",4,5,4,3,3,5
"3237",1,2,3,1,1,1
"3238",7,8,9,8,5,9
"3239",5,6,5,5,6,6
"3240",3,4,4,3,3,4
"3241",1,1,1,1,1,1
"3245",1,2,2,1,1,2
"3246",2,2,2,2,1,2
"3247",1,2,2,1,1,2
"3248",9,11,11,10,10,11
"3250",8,11,9,7,8,7
"3252",3,7,6,7,5,6
"3253",3,4,4,3,4,5
"3254",2,2,3,1,1,4
"3255",4,5,7,5,5,6
"3256",5,4,5,3,4,4
"3257",3,4,4,2,2,3
"3258",2,5,3,2,3,5
"3259",2,3,4,2,2,3
"3260",5,5,5,5,5,5
"3261",13,13,13,13,12,13
"3262",4,5,8,5,6,7
"3263",2,2,2,2,2,2
"3264",1,2,1,2,1,1
"3265",4,3,6,2,2,5
"3266",5,6,5,6,5,7
"3267",4,4,4,4,4,4
"3268",7,9,9,8,7,8
"3269",1,2,2,2,2,2
"3270",5,7,6,4,5,7
"3271",4,5,5,5,5,5
"3272",10,12,11,10,11,12
"3273",5,8,9,5,6,7
"3274",4,5,9,4,5,9
"3275",4,4,5,4,2,4
"3277",2,2,2,2,2,2
"3278",8,8,10,9,9,9
"3279",3,5,4,3,3,5
"3281",1,2,4,1,2,2
"3283",3,3,3,3,2,3
"3284",2,4,4,1,4,5
"3285",1,1,1,1,1,1
"3286",2,6,9,4,6,7
"3287",1,1,1,1,1,1
"3288",2,2,2,2,2,2
"3289",4,7,7,5,5,7
"3291",2,2,1,1,2,1
"3292",13,12,14,14,13,13
"3293",15,15,13,17,17,15
"3294",4,2,5,4,5,4
"3296",3,2,3,3,3,2
"3297",6,5,7,7,6,5
"3299",9,11,7,10,10,10
"3300",4,3,3,4,4,3
"3301",14,16,16,16,13,14
"3302",14,11,15,9,14,11
"3303",9,8,9,9,8,8
"3304",11,11,11,10,11,10
"3305",29,31,28,31,30,31
"3307",21,20,20,23,22,21
"3308",1,2,1,1,1,1
"3309",2,2,2,2,2,2
"3311",9,8,9,9,8,6
"3312",1,2,1,2,2,2
"3313",5,7,5,7,5,6
"3314",6,8,8,7,7,6
"3315",4,5,5,6,3,5
"3316",7,4,5,7,6,4
"3317",9,7,8,9,8,5
"3318",4,4,5,3,3,3
"3319",2,2,2,2,2,2
"3320",1,1,1,2,1,1
"3321",26,26,24,30,29,24
"3322",9,10,8,10,9,9
"3323",4,4,4,6,4,6
"3324",7,6,6,9,7,6
"3325",10,7,9,10,9,8
"3326",4,3,4,5,4,5
"3327",3,3,2,2,2,2
"3329",8,8,7,7,6,8
"3330",8,8,8,8,8,8
"3331",7,7,7,7,7,6
"3332",6,6,6,6,6,6
"3333",6,7,7,6,7,6
"3334",17,17,16,18,18,16
"3335",5,5,5,5,5,5
"3337",2,2,2,2,2,2
"3338",29,28,28,28,26,28
"3339",8,7,7,5,7,6
"3340",7,6,9,10,9,10
"3341",9,9,8,8,8,9
"3342",4,4,4,3,5,3
"3343",8,6,7,8,8,7
"3344",7,7,7,5,6,6
"3345",24,24,24,24,25,24
"3346",2,3,2,2,1,3
"3347",16,15,14,16,14,17
"3348",14,13,14,13,13,13
"3349",6,6,3,6,4,4
"3350",17,16,17,16,17,16
"3351",14,16,16,15,15,16
"3353",4,4,3,4,4,4
"3354",8,8,8,8,8,8
"3355",2,2,2,2,2,2
"3356",9,11,10,12,11,11
"3357",2,2,2,2,2,1
"3358",3,3,3,3,3,3
"3359",17,17,15,18,16,17
"3360",2,1,2,2,2,1
"3361",5,4,5,5,4,4
"3362",18,20,16,19,20,18
"3363",26,25,23,25,22,25
"3365",3,3,4,3,3,2
"3366",15,15,16,15,14,17
"3367",3,2,2,1,1,2
"3368",11,12,11,12,12,12
"3369",5,4,5,4,5,5
"3370",5,5,6,6,5,6
"3371",3,2,2,2,1,3
"3372",3,2,3,2,2,2
"3373",6,7,7,9,8,8
"3374",3,4,3,4,4,4
"3375",2,2,1,2,2,2
"3376",5,5,5,6,5,5
"3377",9,11,11,10,9,9
"3378",3,3,1,2,2,2
"3379",13,11,10,12,12,13
"3380",10,9,10,10,10,8
"3381",7,6,8,9,8,10
"3382",3,2,3,2,2,3
"3383",10,12,10,11,12,11
"3384",3,1,1,2,2,1
"3385",6,6,5,7,8,6
"3386",13,10,11,14,13,12
"3387",9,8,7,7,7,8
"3388",7,5,6,7,6,4
"3389",3,2,2,4,4,3
"3390",13,8,12,9,9,9
"3391",3,3,2,2,2,3
"3392",6,6,6,5,5,6
"3393",4,4,4,4,4,3
"3394",7,6,8,8,7,8
"3395",10,9,11,9,9,8
"3396",19,18,19,18,18,18
"3397",12,11,11,11,11,11
"3398",9,8,9,7,7,8
"3399",6,5,6,7,6,6
"3400",3,2,2,4,3,3
"3402",13,14,14,13,13,14
"3403",9,7,8,8,7,8
"3404",3,3,3,3,3,3
"3405",2,3,2,3,2,2
"3406",30,30,31,33,32,31
"3407",3,3,3,3,4,3
"3408",6,5,6,4,5,5
"3409",3,3,3,3,3,3
"3410",11,11,10,11,11,11
"3411",13,11,11,13,14,13
"3412",5,3,3,3,5,1
"3414",7,7,4,7,6,7
"3415",6,5,3,4,5,3
"3416",5,7,5,6,7,7
"3417",6,9,7,9,10,9
"3418",35,30,29,33,33,28
"3420",21,20,21,20,18,18
"3421",9,8,9,8,8,9
"3422",18,18,17,19,17,15
"3423",2,2,2,1,2,2
"3424",2,2,1,1,2,2
"3425",3,4,1,4,3,2
"3427",3,3,2,2,2,3
"3428",22,19,20,18,22,19
"3429",93,94,92,96,96,91
"3430",10,8,11,10,10,10
"3431",4,5,4,5,5,5
"3432",12,13,12,14,12,13
"3433",6,7,8,8,7,8
"3434",8,8,10,11,8,8
"3435",4,5,5,3,4,4
"3436",10,9,9,12,9,9
"3438",53,54,55,55,56,52
"3439",6,5,5,4,4,5
"3440",2,2,1,2,2,2
"3441",3,4,4,4,3,4
"3442",1,2,2,1,2,1
"3443",10,10,10,10,10,9
"3444",9,10,10,10,9,9
"3445",3,2,3,2,3,2
"3446",15,15,14,14,14,14
"3447",5,3,5,4,5,3
"3448",3,2,1,4,3,3
"3449",34,34,33,35,31,32
"3452",10,10,10,10,9,9
"3453",8,8,9,8,9,9
"3454",7,9,8,7,8,8
"3455",24,23,26,21,25,24
"3456",9,5,9,9,11,9
"3457",11,8,10,7,10,7
"3458",17,20,19,19,20,19
"3459",2,2,1,2,2,1
"3460",16,15,19,16,13,16
"3461",19,19,18,18,17,16
"3462",5,5,4,6,6,4
"3463",27,28,26,25,26,28
"3464",8,7,7,7,8,5
"3465",3,2,3,3,3,3
"3467",8,6,7,8,7,8
"3468",25,26,22,23,24,21
"3469",10,10,10,11,11,11
"3470",3,3,4,3,3,4
"3471",13,10,11,11,11,11
"3472",27,24,27,27,27,24
"3473",16,16,16,16,15,15
"3474",47,48,48,46,51,47
"3475",6,6,5,7,6,5
"3476",13,16,13,15,17,17
"3477",8,8,10,8,10,8
"3478",1,1,2,2,2,2
"3479",11,14,11,12,12,12
"3480",3,4,4,4,4,4
"3481",2,2,2,2,4,3
"3482",8,7,6,8,7,7
"3483",15,14,12,16,12,13
"3484",10,11,10,11,9,10
"3485",16,19,17,17,19,19
"3486",26,21,24,23,25,17
"3487",3,4,3,4,2,3
"3488",5,4,5,5,5,4
"3489",33,34,34,32,34,34
"3490",2,3,1,3,1,2
"3491",1,2,1,2,1,2
"3492",10,7,11,13,11,11
"3493",1,1,2,1,1,1
"3494",25,24,23,25,25,23
"3495",1,2,2,2,2,2
"3496",7,6,6,5,7,5
"3498",6,6,6,6,6,6
"3499",3,3,2,2,3,2
"3500",10,11,11,10,10,9
"3501",2,2,1,3,2,2
"3502",4,4,3,4,4,3
"3503",10,8,10,8,7,8
"3504",11,10,11,11,11,11
"3505",8,9,9,8,9,8
"3506",4,3,4,4,4,3
"3507",4,3,2,3,2,1
"3508",65,56,56,65,61,67
"3509",17,17,15,17,14,16
"3510",3,3,2,2,2,2
"3511",19,19,17,18,18,18
"3512",8,8,8,8,8,8
"3513",16,16,17,17,16,16
"3514",7,8,7,7,7,7
"3515",9,11,12,11,10,13
"3516",7,7,7,7,6,7
"3517",2,1,1,2,2,1
"3518",3,3,3,2,2,3
"3519",6,5,6,4,4,6
"3520",6,5,6,4,6,4
"3521",16,16,15,15,15,16
"3522",9,8,9,8,8,8
"3523",5,5,5,5,5,5
"3524",5,4,5,4,4,3
"3525",2,3,2,3,3,3
"3526",2,1,2,1,2,2
"3527",35,33,32,37,34,31
"3528",8,7,6,7,6,6
"3529",5,5,4,7,4,5
"3530",4,5,4,6,7,5
"3531",10,9,8,9,9,8
"3532",20,17,19,20,21,19
"3533",2,3,4,2,3,3
"3534",7,7,7,4,7,6
"3535",2,1,2,1,1,2
"3536",4,5,6,4,3,4
"3537",2,1,2,1,2,1
"3538",11,8,12,10,9,7
"3539",21,22,21,22,21,21
"3540",1,2,1,1,2,1
"3541",3,3,4,2,2,4
"3542",3,4,5,3,4,4
"3543",1,1,1,1,2,1
"3544",6,6,5,5,6,5
"3545",3,3,3,2,2,1
"3546",10,10,10,11,9,9
"3547",4,4,3,4,4,3
"3548",8,9,8,6,8,7
"3549",5,5,6,5,6,3
"3550",2,1,2,1,2,1
"3551",1,1,1,2,1,1
"3552",12,13,13,12,13,14
"3553",12,10,11,12,10,11
"3554",12,11,11,12,12,11
"3555",3,3,3,4,4,3
"3556",4,4,3,5,3,4
"3558",8,9,8,8,7,8
"3559",1,2,2,2,1,2
"3560",6,6,6,7,7,6
"3561",10,8,11,7,10,8
"3562",2,2,1,1,1,3
"3563",4,4,4,4,4,4
"3564",15,10,13,10,12,9
"3565",1,1,2,2,1,2
"3566",2,3,2,2,3,1
"3567",10,10,11,11,10,11
"3568",6,4,6,5,5,4
"3569",7,6,6,7,6,7
"3570",14,13,12,14,11,13
"3571",4,4,4,3,4,4
"3572",7,9,8,9,9,9
"3573",22,22,22,21,21,21
"3574",4,4,4,4,4,4
"3575",19,17,15,18,17,15
"3576",9,9,9,8,7,9
"3577",32,32,31,30,29,30
"3580",4,4,5,3,3,3
"3581",8,9,7,8,9,8
"3582",13,14,13,15,14,15
"3583",2,1,2,2,1,1
"3584",4,4,3,2,4,3
"3585",7,7,7,8,7,8
"3586",6,7,7,8,8,7
"3587",3,3,3,3,3,3
"3588",11,11,9,11,10,10
"3589",23,23,22,22,23,23
"3590",11,10,10,11,10,12
"3591",4,4,4,4,4,4
"3593",2,2,3,3,3,2
"3595",4,3,4,3,4,4
"3597",4,3,3,5,4,4
"3599",7,7,9,7,8,7
"3600",7,6,7,7,6,7
"3601",5,5,4,3,4,3
"3602",8,9,7,7,9,9
"3603",2,2,2,2,2,2
"3604",1,4,1,3,3,1
"3605",17,16,16,16,15,17
"3606",3,3,2,3,3,3
"3607",17,18,19,20,16,19
"3608",5,4,4,4,3,4
"3609",21,21,18,19,22,21
"3610",20,19,20,20,21,16
"3611",14,16,14,15,16,16
"3613",13,14,12,13,12,13
"3614",5,3,6,4,4,3
"3615",12,12,9,12,10,10
"3619",6,4,5,5,4,5
"3620",4,4,4,4,4,4
"3621",2,2,2,2,2,1
"3622",1,2,1,2,1,1
"3623",4,5,5,5,5,5
"3624",2,3,3,3,3,3
"3625",4,1,3,3,2,3
"3626",6,5,6,5,6,5
"3628",2,1,1,1,1,1
"3629",7,6,5,4,6,5
"3630",1,2,1,1,1,2
"3631",8,5,6,6,5,6
"3632",4,1,2,2,2,2
"3633",6,2,1,7,5,3
"3634",6,6,5,7,6,6
"3635",7,7,4,6,6,4
"3636",2,3,4,3,3,4
"3637",3,3,3,3,3,3
"3638",3,4,2,3,5,2
"3640",1,1,1,2,1,1
"3641",3,1,3,4,4,4
"3642",1,2,1,2,1,2
"3646",10,7,7,10,9,9
"3647",6,5,7,6,6,5
"3648",5,4,4,5,5,5
"3649",3,2,3,1,3,2
"3650",5,4,6,5,4,4
"3651",2,2,1,2,2,1
"3652",11,13,13,13,12,12
"3653",4,4,4,4,4,3
"3654",5,5,5,5,5,4
"3655",2,3,2,2,2,1
"3656",1,1,1,1,1,1
"3658",2,3,3,2,3,3
"3659",1,1,1,1,1,1
"3660",1,1,1,1,1,1
"3661",12,13,11,13,13,12
"3662",1,1,1,1,2,2
"3663",4,2,4,6,6,6
"3664",2,1,2,1,1,1
"3665",17,16,17,17,16,16
"3666",14,11,16,13,14,12
"3667",8,8,7,8,8,8
"3668",3,4,7,6,3,7
"3669",12,13,12,11,11,11
"3670",3,3,3,3,3,3
"3672",6,4,5,6,6,6
"3673",3,3,3,3,3,2
"3675",13,13,14,14,15,14
"3676",2,1,2,2,2,2
"3677",2,1,2,2,2,2
"3678",5,5,5,5,5,5
"3679",18,17,16,17,15,14
"3680",5,5,5,5,5,5
"3681",8,5,6,8,7,7
"3682",5,8,6,7,7,5
"3683",3,3,2,1,1,2
"3685",1,3,3,1,3,2
"3686",3,2,2,2,3,2
"3688",2,3,2,2,3,3
"3689",3,3,3,2,2,2
"3690",1,2,2,2,1,2
"3691",60,58,62,59,60,59
"3692",2,3,2,1,3,3
"3693",6,6,7,6,7,6
"3694",5,5,5,5,2,5
"3695",9,9,9,8,8,7
"3696",3,4,4,3,2,3
"3698",11,8,10,10,9,7
"3699",6,7,7,6,5,6
"3700",3,3,2,3,3,3
"3701",14,13,14,12,11,11
"3703",3,4,3,5,2,5
"3704",10,9,6,11,9,9
"3706",4,4,3,3,4,3
"3707",5,3,7,6,6,4
"3708",2,1,2,2,1,1
"3709",3,3,4,2,3,3
"3710",5,4,5,6,4,7
"3711",1,3,3,2,2,4
"3712",3,2,3,2,4,2
"3713",16,20,15,20,17,19
"3714",3,3,2,4,4,4
"3716",5,4,4,5,4,4
"3717",1,1,1,1,1,1
"3718",4,2,3,2,3,3
"3719",2,2,2,2,2,2
"3720",7,4,5,5,5,6
"3721",6,6,4,5,3,5
"3722",5,6,4,4,4,4
"3723",4,3,4,3,4,1
"3724",7,6,6,5,6,5
"3725",7,6,6,8,6,6
"3726",1,1,1,1,2,1
"3727",2,2,2,1,2,2
"3728",3,3,3,2,3,2
"3729",11,9,10,10,10,9
"3730",2,2,2,2,2,2
"3731",2,2,2,2,2,3
"3732",1,2,2,2,1,2
"3733",4,5,5,4,3,4
"3734",10,8,9,9,8,7
"3735",4,3,5,5,4,5
"3736",7,6,7,5,8,5
"3740",4,3,4,2,4,3
"3741",6,5,7,7,3,4
"3742",2,3,3,3,4,4
"3743",1,1,1,2,1,1
"3744",8,5,9,7,7,5
"3745",3,5,4,5,4,6
"3746",3,2,3,2,3,2
"3747",5,5,4,5,2,3
"3749",7,7,7,7,7,7
"3750",13,10,10,11,12,10
"3751",5,7,5,6,7,6
"3753",3,2,3,3,3,3
"3754",2,3,3,4,4,2
"3755",2,2,1,2,1,2
"3756",22,20,19,22,20,22
"3757",1,1,2,2,1,2
"3758",61,61,62,59,60,61
"3760",5,7,5,7,6,7
"3761",10,7,5,6,9,6
"3762",5,4,4,3,4,3
"3763",1,1,2,2,2,1
"3764",2,1,1,1,1,1
"3765",9,8,8,9,8,8
"3766",4,4,3,4,4,5
"3767",9,6,6,6,6,6
"3768",3,4,2,2,5,3
"3769",5,5,5,7,4,5
"3770",10,9,10,10,9,9
"3771",21,21,22,22,19,18
"3772",6,4,6,5,6,4
"3773",8,8,8,8,9,7
"3774",2,3,3,3,2,3
"3775",13,12,14,12,13,14
"3776",9,10,10,11,10,10
"3777",3,1,3,3,3,1
"3778",3,3,3,2,3,2
"3779",1,2,2,2,1,1
"3780",7,8,8,9,8,8
"3783",5,5,5,4,5,5
"3785",7,6,5,7,7,8
"3786",3,5,4,4,3,4
"3787",6,6,6,6,6,5
"3788",7,7,7,7,7,7
"3789",3,2,3,2,3,2
"3790",3,1,2,2,2,1
"3791",13,13,14,11,12,13
"3792",9,9,9,8,8,8
"3793",4,4,4,4,4,4
"3794",1,1,2,1,1,1
"3795",6,3,4,4,7,5
"3796",15,14,16,14,15,12
"3797",42,39,40,39,38,38
"3798",31,30,29,25,26,27
"3799",10,8,8,12,11,11
"3800",6,6,5,6,7,6
"3801",20,20,21,21,22,18
"3802",11,12,12,11,12,10
"3803",7,8,5,10,8,8
"3804",3,3,3,3,3,3
"3805",12,10,11,11,10,10
"3806",4,5,3,6,5,3
"3807",6,7,6,7,8,7
"3808",2,1,3,3,1,3
"3809",2,1,3,1,1,1
"3810",6,8,5,8,9,11
"3811",4,4,4,5,4,6
"3812",9,8,9,7,8,6
"3813",18,18,16,18,16,16
"3814",2,2,2,2,2,3
"3816",11,13,10,12,11,11
"3818",8,6,8,4,4,5
"3819",4,4,2,2,4,1
"3820",1,1,1,1,1,1
"3821",7,10,9,9,9,9
"3822",1,1,1,1,2,1
"3823",4,4,4,4,3,3
"3824",8,6,7,8,9,6
"3825",2,2,2,3,1,1
"3827",8,9,8,7,6,8
"3829",2,2,1,2,2,2
"3831",3,3,3,3,3,3
"3832",6,5,6,5,6,6
"3833",3,4,2,4,2,3
"3834",7,5,5,4,6,5
"3835",7,9,7,6,7,7
"3836",6,5,6,5,6,3
"3838",36,31,37,41,35,34
"3839",8,8,7,8,8,8
"3840",2,1,1,2,2,2
"3841",2,2,1,3,2,3
"3842",1,1,2,2,1,2
"3843",2,2,2,2,2,1
"3844",4,3,4,3,4,4
"3846",2,1,1,2,2,2
"3848",3,2,3,2,2,2
"3849",1,1,1,1,1,1
"3850",4,2,4,1,3,2
"3851",7,7,7,7,7,7
"3852",2,3,3,3,1,2
"3853",4,4,4,5,3,3
"3854",3,2,1,2,1,1
"3855",4,4,4,4,4,5
"3857",3,4,4,4,3,5
"3858",8,6,9,7,7,6
"3859",14,17,14,15,16,15
"3860",11,10,10,10,8,8
"3861",21,19,17,18,16,20
"3864",5,5,5,5,5,5
"3865",2,1,2,2,2,2
"3866",8,9,8,7,8,8
"3867",23,22,25,24,22,24
"3869",1,2,2,2,2,2
"3870",5,5,4,5,5,5
"3871",5,5,7,4,5,3
"3872",6,6,8,8,7,6
"3873",2,2,2,2,2,2
"3874",2,3,3,3,3,2
"3875",11,11,11,12,9,9
"3876",4,3,4,2,3,4
"3877",3,2,3,3,3,2
"3878",21,19,19,19,18,18
"3879",2,1,2,2,1,2
"3880",13,11,14,11,13,7
"3882",12,13,12,14,12,13
"3884",5,5,5,4,7,3
"3885",1,1,1,1,1,1
"3886",2,1,1,2,2,1
"3887",3,2,2,4,3,3
"3888",1,1,1,1,1,1
"3889",4,5,4,6,5,4
"3890",2,1,1,1,1,1
"3891",2,2,1,2,2,2
"3892",4,4,5,4,3,4
"3894",3,3,2,2,2,2
"3895",1,2,2,1,2,1
"3897",13,13,13,13,12,14
"3899",3,1,2,2,4,4
"3900",6,6,6,8,8,6
"3901",2,1,2,1,1,1
"3902",13,14,13,15,14,14
"3903",15,16,16,18,18,17
"3904",2,2,2,2,4,2
"3905",5,7,6,9,6,7
"3906",4,3,2,4,3,3
"3907",16,14,15,17,14,16
"3908",5,7,6,6,7,7
"3909",5,5,6,7,5,7
"3910",11,9,9,10,11,9
"3912",3,1,3,3,3,3
"3913",3,3,3,3,3,3
"3914",1,2,3,2,3,2
"3915",9,9,10,9,10,10
"3917",2,3,1,2,1,2
"3918",3,3,3,3,2,3
"3919",14,14,14,15,14,15
"3920",12,15,15,17,16,16
"3921",6,5,6,4,5,4
"3922",2,2,1,2,2,2
"3923",10,9,9,8,8,9
"3924",1,1,1,1,2,1
"3925",15,14,15,14,11,16
"3926",6,5,5,5,5,5
"3928",13,17,11,14,15,15
"3929",2,2,2,2,3,2
"3930",2,1,2,3,2,2
"3931",4,3,3,4,4,3
"3932",3,4,3,2,3,3
"3933",4,3,1,3,4,4
"3934",19,19,21,18,18,19
"3935",5,6,6,6,4,5
"3936",27,25,27,28,26,26
"3937",8,8,6,9,11,8
"3938",19,17,17,18,18,15
"3939",3,2,3,3,3,2
"3940",3,3,3,4,3,2
"3941",3,2,2,2,2,2
"3943",2,2,2,1,2,2
"3944",2,2,2,1,1,1
"3945",7,6,7,5,5,7
"3946",5,4,4,4,4,6
"3948",3,2,3,3,2,4
"3949",4,4,4,3,4,3
"3950",4,1,5,5,4,2
"3951",3,3,1,3,2,2
"3952",2,1,1,2,1,1
"3953",2,2,2,2,3,2
"3954",2,3,3,3,4,3
"3955",7,8,6,9,7,8
"3956",8,8,7,7,7,8
"3957",4,3,2,3,4,3
"3958",9,6,8,9,7,7
"3959",3,3,3,4,3,4
"3961",9,9,9,11,9,12
"3962",6,4,6,3,4,4
"3963",2,2,2,2,2,2
"3964",2,1,1,1,2,2
"3966",3,3,3,3,3,2
"3967",8,5,6,5,5,5
"3968",2,1,1,1,2,1
"3969",4,4,4,4,4,3
"3970",2,3,2,3,3,3
"3971",10,10,10,11,11,9
"3972",2,2,2,4,4,3
"3973",2,2,1,2,2,2
"3974",2,2,2,2,2,1
"3976",6,6,6,5,6,7
"3977",10,11,9,9,11,11
"3978",4,4,5,4,4,3
"3979",2,2,1,1,1,1
"3980",1,2,1,2,1,2
"3981",17,17,17,18,17,16
"3983",4,2,4,3,3,2
"3984",2,1,2,1,1,1
"3985",2,1,2,2,1,2
"3986",3,2,3,2,3,2
"3987",2,3,3,4,5,4
"3988",6,7,5,6,6,6
"3989",16,13,13,13,15,15
"3991",2,2,3,2,3,2
"3992",4,3,4,5,4,3
"3993",2,1,2,2,3,2
"3994",12,8,10,10,11,7
"3995",4,4,3,3,4,2
"3997",2,3,3,1,3,2
"3998",8,7,5,7,8,8
"3999",8,4,6,5,7,4
"4000",5,5,5,4,4,4
"4001",5,6,5,7,7,5
"4003",3,2,2,3,3,3
"4004",3,2,3,2,2,2
"4005",2,2,2,2,2,1
"4006",23,20,22,19,22,21
"4007",20,20,18,19,18,18
"4009",2,2,1,2,1,2
"4011",3,2,2,2,1,1
"4012",1,1,1,2,2,2
"4013",1,1,1,1,1,1
"4014",3,2,3,5,3,4
"4015",3,4,2,2,3,1
"4016",11,10,13,13,12,11
"4017",7,5,6,6,5,6
"4019",4,2,2,3,2,2
"4021",4,3,3,4,4,4
"4022",3,4,3,3,3,4
"4023",7,6,6,6,5,4
"4024",2,1,2,1,1,2
"4026",1,2,1,2,2,2
"4027",13,17,17,14,14,14
"4028",4,3,4,5,2,4
"4030",2,2,1,2,3,2
"4031",10,9,12,10,10,8
"4032",2,3,2,1,2,2
"4033",2,2,2,2,2,2
"4034",12,13,15,15,14,11
"4035",25,27,25,27,23,24
"4036",15,13,19,14,15,15
"4037",7,7,9,7,4,8
"4038",2,2,1,2,2,2
"4039",4,2,4,3,4,4
"4040",5,3,4,4,3,3
"4041",5,5,4,5,5,6
"4042",8,7,8,8,7,7
"4043",6,7,6,6,6,5
"4044",3,1,2,3,1,1
"4046",5,5,4,5,6,4
"4048",2,2,2,2,2,2
"4049",3,3,2,3,3,3
"4050",4,4,3,2,3,3
"4051",14,16,18,14,19,18
"4052",35,34,35,34,33,33
"4053",2,2,2,2,2,2
"4055",2,2,2,1,2,2
"4056",1,2,1,2,1,2
"4057",2,2,1,2,2,2
"4058",3,3,2,3,2,4
"4059",5,4,4,5,4,4
"4060",2,4,1,2,3,3
"4061",2,2,2,2,1,2
"4062",10,10,9,10,10,10
"4063",15,15,15,15,15,13
"4064",5,6,5,6,5,6
"4065",3,2,2,2,3,3
"4066",3,4,4,4,4,4
"4067",5,7,7,7,6,7
"4070",20,21,21,23,21,23
"4071",11,8,10,10,9,8
"4072",8,8,8,6,5,6
"4073",3,3,3,3,3,3
"4074",2,2,3,2,2,1
"4075",3,3,2,3,2,3
"4076",10,8,9,8,10,8
"4077",5,6,7,5,7,5
"4078",8,9,9,9,9,8
"4079",5,5,5,5,5,5
"4080",2,4,2,4,4,4
"4081",5,4,1,4,3,4
"4083",3,4,3,4,3,2
"4084",6,5,4,6,4,5
"4085",24,24,21,23,25,23
"4086",4,4,4,4,4,4
"4087",3,2,3,2,2,2
"4088",2,4,2,3,3,4
"4090",5,3,5,5,6,5
"4092",1,2,2,1,2,1
"4093",7,6,6,6,6,6
"4094",2,3,3,3,3,3
"4095",2,3,3,3,2,2
"4096",30,31,30,32,32,29
"4097",10,11,10,10,9,10
"4098",3,3,3,3,3,2
"4099",6,3,2,5,3,3
"4100",7,4,8,10,5,4
"4101",9,10,4,9,9,8
"4102",65,65,66,66,60,62
"4103",8,7,10,8,8,8
"4104",27,28,25,27,28,27
"4106",5,4,3,4,5,4
"4107",3,4,3,4,4,3
"4108",4,4,4,4,4,4
"4109",2,2,2,3,2,3
"4110",3,3,2,1,2,2
"4111",6,5,6,5,6,6
"4112",2,2,2,1,1,1
"4113",2,2,3,2,2,1
"4114",5,4,4,4,4,4
"4115",6,5,6,6,3,6
"4116",3,4,4,3,3,6
"4117",12,9,9,12,9,12
"4118",2,2,2,3,3,3
"4119",3,1,3,3,2,2
"4120",2,1,2,1,1,2
"4121",19,20,20,21,19,19
"4122",23,20,24,22,23,21
"4123",6,6,6,6,5,6
"4124",17,19,19,20,15,18
"4125",7,7,7,5,7,4
"4126",3,4,3,5,4,4
"4127",32,30,26,30,31,28
"4128",6,5,5,6,6,6
"4129",2,2,1,1,1,2
"4130",10,10,10,10,9,8
"4131",27,29,27,29,30,29
"4132",8,9,10,8,8,9
"4133",26,25,25,27,27,26
"4134",19,19,18,19,19,19
"4135",20,18,19,20,17,17
"4136",9,8,9,9,9,8
"4137",1,2,2,2,2,2
"4138",13,16,17,16,15,15
"4139",27,28,26,30,27,31
"4140",6,6,6,6,7,5
"4141",1,1,1,1,1,1
"4142",7,5,6,6,5,6
"4144",1,1,1,1,2,1
"4145",7,8,8,8,8,8
"4146",4,3,4,4,4,4
"4147",5,2,3,2,2,2
"4148",1,2,2,2,2,2
"4149",3,2,4,2,2,2
"4150",10,9,7,10,8,10
"4151",13,13,13,12,13,11
"4152",2,2,2,1,2,2
"4153",2,2,3,3,2,2
"4155",3,3,3,3,3,3
"4156",6,5,6,4,6,5
"4157",11,11,9,12,9,11
"4158",7,7,7,7,7,7
"4159",3,3,4,4,3,4
"4161",22,23,22,22,23,22
"4162",6,5,4,7,4,7
"4163",3,2,3,3,3,2
"4165",2,3,2,3,1,1
"4166",5,6,6,6,6,6
"4167",3,3,2,3,2,3
"4168",3,2,3,2,3,2
"4169",4,4,4,3,3,2
"4170",3,3,2,3,3,3
"4173",3,1,1,2,3,3
"4174",9,10,11,9,8,9
"4175",3,3,4,3,2,3
"4176",2,1,2,1,2,1
"4177",3,2,3,3,3,3
"4178",8,9,8,6,8,8
"4179",3,3,2,3,3,2
"4180",10,9,10,10,10,9
"4181",3,2,3,2,3,2
"4182",8,9,8,8,7,8
"4183",4,4,4,3,4,3
"4184",6,6,6,6,6,4
"4185",3,2,2,3,3,2
"4186",2,3,3,4,4,4
"4187",7,5,7,6,5,5
"4188",8,11,10,12,10,12
"4189",1,1,1,1,1,1
"4190",10,9,9,11,8,10
"4192",2,3,3,2,3,4
"4193",2,3,4,4,4,4
"4194",9,8,9,8,9,8
"4195",4,3,3,2,3,2
"4196",14,13,13,14,13,14
"4197",2,2,1,2,2,1
"4198",2,2,2,2,2,2
"4199",2,4,4,2,1,3
"4200",2,1,2,2,2,1
"4201",2,2,2,2,1,2
"4202",1,2,2,1,1,1
"4203",3,1,2,2,2,1
"4204",5,5,5,3,3,3
"4205",3,3,3,3,2,2
"4206",5,5,5,3,5,5
"4208",4,3,4,3,3,4
"4209",1,2,1,2,2,2
"4210",10,10,9,10,9,10
"4211",2,3,2,1,2,1
"4212",3,3,3,3,3,3
"4213",7,6,6,6,7,6
"4214",2,6,5,6,4,5
"4216",6,6,6,5,6,9
"4217",2,3,2,2,3,3
"4218",1,1,1,1,1,1
"4219",2,2,2,1,2,1
"4220",1,1,1,1,1,1
"4221",14,11,15,13,11,12
"4222",9,10,9,9,10,9
"4224",11,12,13,12,11,12
"4225",2,3,1,3,2,1
"4226",2,1,1,2,2,2
"4227",6,7,7,6,9,6
"4228",3,3,2,2,3,3
"4229",9,10,11,10,12,10
"4230",2,2,2,2,2,2
"4231",7,7,7,6,6,7
"4232",4,3,3,3,3,3
"4233",4,4,4,4,4,4
"4234",6,5,5,5,6,6
"4235",5,4,3,4,6,2
"4236",5,7,6,7,7,4
"4237",11,10,9,11,11,8
"4238",5,5,5,5,5,5
"4239",1,1,1,2,1,1
"4240",3,4,3,3,4,4
"4241",3,3,3,3,2,2
"4242",13,14,14,15,14,14
"4243",3,3,4,4,3,4
"4244",2,2,3,4,2,3
"4245",1,1,2,2,1,1
"4246",10,8,8,10,10,8
"4248",16,16,16,18,17,16
"4249",10,9,10,10,10,9
"4251",11,8,9,9,9,8
"4252",4,3,2,3,4,3
"4253",4,3,4,3,4,3
"4254",7,5,6,7,7,7
"4255",5,4,4,4,5,6
"4256",2,1,2,1,1,1
"4257",2,2,1,2,1,1
"4258",10,8,10,9,10,9
"4259",3,4,4,4,2,3
"4260",6,2,4,3,4,4
"4261",2,2,1,2,2,2
"4262",2,2,1,3,2,3
"4263",6,4,4,3,5,3
"4265",4,4,4,4,4,4
"4266",9,6,8,6,7,5
"4267",13,10,13,12,12,12
"4268",7,3,7,8,7,6
"4269",4,3,4,3,4,3
"4270",15,15,13,15,16,14
"4271",9,8,9,8,7,8
"4274",2,1,1,1,1,1
"4275",1,2,2,2,2,2
"4276",1,1,2,3,1,2
"4278",2,1,4,3,3,3
"4280",7,5,5,4,5,5
"4281",2,1,1,1,1,1
"4282",3,3,3,2,2,5
"4283",4,3,3,3,3,3
"4284",10,9,9,8,7,9
"4285",17,17,17,17,18,19
"4287",2,2,2,2,2,2
"4288",7,9,6,10,6,9
"4290",13,14,14,15,15,14
"4291",4,5,5,2,4,5
"4292",6,6,6,6,6,7
"4293",17,15,15,16,17,16
"4294",2,3,3,3,3,3
"4295",12,11,11,9,9,9
"4296",4,4,4,3,4,3
"4297",3,2,3,3,3,1
"4298",14,12,14,12,14,13
"4299",3,3,3,2,2,3
"4300",9,8,8,10,6,10
"4301",1,1,1,2,1,1
"4302",3,3,3,2,3,2
"4303",3,1,2,3,3,3
"4304",7,9,7,7,5,7
"4305",1,2,1,1,1,1
"4306",8,6,6,7,3,6
"4307",14,15,14,14,13,14
"4308",4,3,1,2,3,4
"4309",11,8,9,7,7,8
"4310",4,4,4,4,4,4
"4311",6,8,7,9,9,9
"4312",4,3,4,4,4,4
"4313",2,3,3,3,3,3
"4315",2,1,1,1,1,1
"4316",5,4,5,4,5,4
"4317",10,10,9,9,9,10
"4318",7,6,5,6,6,4
"4319",4,4,5,5,5,5
"4320",4,4,3,4,3,5
"4321",8,7,7,8,7,6
"4322",15,11,12,13,13,13
"4323",5,6,6,8,7,6
"4324",5,4,6,4,7,6
"4325",4,3,3,4,5,3
"4327",1,1,2,1,1,2
"4329",2,2,4,4,2,2
"4330",1,2,4,2,1,2
"4331",2,3,2,1,1,2
"4332",5,5,5,4,2,5
"4333",4,4,4,4,4,4
"4334",3,5,3,5,3,5
"4335",8,9,9,9,9,9
"4336",10,9,9,9,9,10
"4337",7,6,7,6,6,6
"4338",24,26,26,26,26,23
"4339",23,23,22,20,21,21
"4340",4,5,4,4,5,5
"4341",6,7,7,6,6,5
"4342",11,11,11,11,11,11
"4343",4,2,3,4,3,2
"4344",2,3,4,3,1,3
"4345",10,10,8,7,9,8
"4346",7,8,4,6,5,7
"4347",9,10,8,8,9,11
"4348",12,10,9,10,11,10
"4349",1,1,2,1,1,1
"4350",3,2,3,1,3,3
"4351",2,2,2,2,2,2
"4352",10,13,9,12,11,11
"4353",7,7,5,7,6,6
"4354",18,19,18,18,18,18
"4355",11,9,9,8,10,9
"4356",14,12,11,12,11,12
"4357",2,1,1,1,1,1
"4358",2,1,2,3,2,3
"4359",12,13,13,14,13,13
"4360",16,17,18,18,15,16
"4361",10,9,9,11,9,11
"4362",4,3,4,4,2,3
"4363",13,12,13,12,12,12
"4364",5,4,5,4,6,4
"4365",5,5,6,6,6,5
"4366",10,10,10,10,9,10
"4367",9,7,9,9,8,7
"4368",4,3,4,3,3,3
"4369",1,1,2,1,2,1
"4370",23,24,22,21,20,22
"4371",6,5,6,6,6,6
"4373",5,4,3,4,4,5
"4374",2,4,3,3,3,3
"4375",23,22,24,21,22,22
"4376",8,8,9,8,8,9
"4377",7,7,7,6,8,7
"4378",12,11,12,11,10,10
"4379",7,8,8,7,7,7
"4380",9,7,9,8,8,8
"4382",13,11,12,10,12,9
"4383",3,3,3,3,2,3
"4384",1,1,1,1,1,1
"4385",9,10,10,11,10,11
"4386",1,2,2,2,2,2
"4387",11,9,9,12,11,11
"4388",3,2,3,3,3,3
"4389",7,6,6,7,8,7
"4390",2,2,2,2,2,2
"4391",2,2,1,2,2,1
"4392",8,8,7,7,8,9
"4393",3,3,3,3,2,2
"4394",4,4,4,4,4,4
"4395",21,19,19,17,21,19
"4396",1,2,1,2,2,1
"4397",1,1,3,3,2,2
"4398",8,9,8,8,9,7
"4399",4,4,4,4,4,4
"4401",3,2,4,2,3,2
"4402",2,2,2,2,1,3
"4403",2,2,2,2,2,2
"4404",3,2,1,4,3,3
"4405",7,4,6,6,4,5
"4406",2,1,3,1,2,2
"4407",4,4,5,4,5,4
"4408",6,6,6,6,4,7
"4409",3,1,3,2,2,1
"4410",1,2,1,2,2,1
"4411",3,3,1,2,3,1
"4412",2,2,2,1,2,2
"4413",5,4,6,4,4,4
"4414",2,3,4,3,4,2
"4415",3,2,2,2,2,2
"4416",9,8,9,10,9,11
"4417",6,4,4,6,4,5
"4418",4,5,4,5,5,5
"4419",3,2,4,3,3,4
"4420",3,3,2,2,3,2
"4421",10,7,11,12,10,10
"4422",11,10,10,10,10,10
"4425",2,3,3,4,2,4
"4426",11,11,11,13,10,11
"4427",5,4,4,4,5,3
"4429",3,3,5,3,5,5
"4430",7,7,7,6,5,6
"4431",5,4,6,5,5,4
"4432",4,3,4,4,4,2
"4433",6,7,6,6,7,6
"4434",1,1,2,2,1,1
"4435",9,5,10,8,9,7
"4436",4,6,6,7,7,6
"4437",4,3,3,3,2,4
"4438",2,3,3,3,3,3
"4439",6,7,7,7,6,6
"4440",2,3,2,2,3,2
"4441",12,10,10,10,9,10
"4442",2,1,1,2,2,1
"4443",10,10,9,13,15,12
"4444",5,3,4,4,5,6
"4445",1,1,1,1,1,1
"4446",4,3,4,4,3,3
"4447",17,14,15,15,17,15
"4448",3,2,2,3,1,2
"4449",1,2,2,2,2,2
"4450",6,6,8,7,6,7
"4451",9,7,9,8,8,8
"4452",4,4,5,5,5,5
"4453",9,8,10,9,8,10
"4454",4,3,4,5,1,4
"4455",3,3,3,1,3,3
"4456",6,6,8,8,5,6
"4457",2,2,3,2,3,3
"4458",2,1,2,2,1,1
"4459",5,5,5,4,3,6
"4460",6,5,4,5,7,5
"4461",13,12,12,14,15,13
"4462",5,4,4,3,3,4
"4463",11,11,9,11,9,9
"4464",5,5,6,6,5,5
"4465",8,6,7,9,7,8
"4466",8,7,9,8,9,6
"4467",8,8,9,7,7,8
"4468",1,2,1,2,1,2
"4469",3,4,2,4,4,3
"4470",3,3,1,4,3,4
"4471",12,12,12,11,11,12
"4472",7,7,5,7,6,5
"4473",13,13,12,11,13,13
"4474",2,3,2,1,2,2
"4475",6,5,4,5,4,4
"4476",4,4,4,4,4,4
"4477",9,8,8,9,9,9
"4478",5,6,6,6,5,6
"4479",2,1,1,1,1,1
"4480",24,24,24,26,24,21
"4481",5,5,6,5,5,6
"4482",12,13,12,12,12,11
"4483",19,19,20,20,20,19
"4484",5,1,3,3,4,2
"4485",6,5,6,5,3,4
"4486",2,3,3,3,3,3
"4488",4,5,3,3,2,5
"4489",4,2,2,3,3,2
"4490",4,4,3,4,4,4
"4491",2,2,2,2,3,2
"4492",5,5,3,3,4,3
"4493",16,14,15,15,17,15
"4494",7,6,7,8,6,7
"4495",5,5,4,5,5,4
"4496",2,3,3,3,3,3
"4497",3,2,1,3,3,3
"4498",4,4,4,3,4,3
"4499",4,4,4,3,3,5
"4500",4,4,4,4,4,4
"4501",8,8,7,8,8,8
"4502",2,3,2,2,2,2
"4503",2,1,1,2,1,1
"4504",2,1,1,3,1,1
"4505",8,5,5,7,6,5
"4506",3,4,3,4,2,3
"4507",5,6,5,6,5,5
"4508",8,7,8,8,6,6
"4509",2,2,1,4,3,3
"4510",2,1,3,2,3,2
"4511",3,2,2,2,2,1
"4513",12,12,11,11,11,11
"4515",2,1,1,2,2,1
"4516",5,3,4,5,3,4
"4517",11,10,11,12,12,9
"4518",2,1,2,1,2,1
"4519",5,3,3,4,4,5
"4520",14,9,11,11,12,14
"4521",2,2,2,3,3,2
"4523",6,5,5,6,6,6
"4524",12,13,12,9,11,13
"4525",2,2,2,1,2,2
"4526",3,2,1,2,1,2
"4527",8,8,7,8,8,8
"4528",5,7,7,6,7,7
"4529",2,4,4,4,4,3
"4530",5,5,6,6,6,6
"4531",4,4,4,3,5,4
"4532",2,2,2,2,1,3
"4533",4,4,5,5,3,3
"4534",7,7,7,7,8,7
"4535",6,7,6,5,6,6
"4536",2,3,3,3,3,2
"4537",6,4,3,6,6,5
"4538",7,8,4,6,7,8
"4539",2,4,3,4,4,4
"4540",15,15,14,14,16,12
"4541",2,2,2,1,1,1
"4542",4,5,5,6,5,6
"4543",12,12,11,10,12,11
"4544",3,3,2,1,1,2
"4545",4,3,4,4,3,4
"4546",3,2,3,1,3,2
"4548",3,3,2,3,3,3
"4549",3,3,3,3,2,1
"4550",8,7,8,10,8,6
"4551",3,3,3,3,3,3
"4552",1,2,2,1,1,2
"4554",2,2,2,1,1,2
"4555",6,5,5,4,5,3
"4557",3,3,3,3,3,3
"4559",2,2,1,2,2,2
"4560",4,4,3,2,4,1
"4561",3,3,2,2,3,4
"4562",4,4,2,2,2,3
"4564",3,3,3,3,3,3
"4565",14,11,15,15,12,13
"4567",4,6,5,8,6,8
"4568",6,9,7,8,7,7
"4569",6,7,7,9,11,9
"4570",9,10,10,11,10,8
"4571",5,5,6,5,3,5
"4572",3,4,3,4,5,1
"4573",6,7,5,6,6,7
"4574",3,3,3,4,3,2
"4575",13,14,13,13,12,13
"4577",5,5,5,5,5,5
"4578",2,1,1,2,2,2
"4579",7,5,5,6,5,5
"4580",8,8,6,7,7,6
"4581",2,2,2,3,3,3
"4582",7,4,5,7,5,6
"4583",15,14,14,15,13,14
"4584",3,2,2,1,2,2
"4585",5,5,5,5,5,5
"4587",4,2,4,3,2,3
"4589",2,2,2,2,2,2
"4590",16,18,17,17,18,16
"4591",3,3,3,3,3,3
"4593",3,4,4,3,3,4
"4594",4,5,2,3,2,3
"4595",7,7,6,7,7,6
"4596",17,17,15,16,17,18
"4597",11,8,9,9,9,7
"4598",34,30,35,35,32,32
"4599",1,2,2,3,4,3
"4600",3,3,3,2,2,2
"4601",1,1,1,2,1,2
"4602",10,10,8,11,8,8
"4603",12,14,12,13,13,13
"4605",12,11,12,12,12,13
"4606",3,2,1,3,3,3
"4607",1,1,2,1,1,1
"4608",3,3,2,3,3,2
"4609",9,9,6,11,9,8
"4610",8,8,8,8,8,8
"4611",2,1,2,4,3,3
"4612",5,6,5,5,6,6
"4614",4,3,4,3,3,3
"4615",3,4,6,4,6,5
"4616",2,2,1,3,3,3
"4617",2,2,2,2,1,1
"4618",1,3,1,3,3,3
"4619",2,1,2,3,1,3
"4620",9,9,8,10,9,10
"4621",5,5,5,5,5,4
"4622",2,2,1,2,2,3
"4624",6,6,6,5,6,6
"4625",3,3,3,2,3,2
"4626",7,9,8,6,9,8
"4628",3,3,3,3,3,2
"4629",2,1,1,2,1,2
"4630",3,3,2,2,3,3
"4631",2,2,2,3,3,2
"4632",4,3,3,2,4,1
"4633",4,4,4,2,2,2
"4634",5,4,3,4,5,3
"4635",7,6,5,6,5,7
"4636",6,6,6,7,7,7
"4637",2,2,2,1,1,2
"4638",4,4,4,4,4,4
"4640",4,4,2,3,4,2
"4641",6,6,5,5,6,6
"4642",4,3,3,4,4,1
"4643",2,2,1,2,1,3
"4644",3,2,3,3,3,3
"4645",6,7,4,5,5,5
"4646",20,19,22,23,22,19
"4647",6,5,6,6,5,5
"4649",11,10,11,10,10,9
"4651",1,2,1,1,1,1
"4652",6,6,6,6,5,6
"4653",3,2,3,3,4,3
"4654",7,3,5,5,6,5
"4655",10,11,11,9,9,10
"4656",5,5,5,5,6,3
"4657",6,5,4,5,5,2
"4658",20,18,18,15,18,17
"4659",2,2,1,2,1,1
"4660",7,6,6,7,6,4
"4661",2,2,3,2,3,3
"4662",5,5,5,5,5,4
"4663",9,9,6,9,9,6
"4664",2,2,1,1,1,2
"4665",3,1,1,2,2,2
"4666",4,5,3,5,3,5
"4667",3,5,4,5,4,5
"4669",3,3,3,3,5,4
"4670",5,4,4,4,4,4
"4672",2,2,2,2,2,2
"4673",6,6,5,5,4,5
"4674",6,5,6,4,4,5
"4675",7,5,4,5,6,6
"4676",3,3,3,3,3,3
"4677",4,4,4,4,4,4
"4678",3,3,3,3,3,3
"4679",5,5,5,5,5,5
"4680",6,3,4,4,6,5
"4681",2,2,2,2,2,2
"4682",4,3,2,5,5,4
"4683",9,9,10,8,9,9
"4684",3,3,4,3,3,4
"4685",4,4,4,3,4,3
"4686",2,2,1,1,3,2
"4687",3,2,3,3,3,2
"4688",6,4,6,4,6,5
"4689",2,2,2,2,2,2
"4690",2,4,2,3,3,3
"4691",8,8,7,8,8,7
"4693",9,9,9,9,9,9
"4694",3,2,3,3,3,2
"4695",4,4,5,7,7,6
"4696",5,4,3,4,4,5
"4697",4,5,3,5,5,6
"4698",8,7,7,8,8,8
"4699",1,2,2,1,1,1
"4700",7,6,4,5,8,6
"4701",1,1,1,1,1,2
"4702",3,3,2,2,3,3
"4704",7,5,5,7,5,5
"4705",11,9,9,10,11,5
"4706",5,4,4,4,4,5
"4707",5,6,6,6,6,5
"4708",29,29,30,31,30,29
"4709",3,4,4,4,3,4
"4710",10,9,10,11,11,9
"4711",8,6,7,7,7,6
"4712",13,13,12,14,14,12
"4713",6,5,5,4,6,5
"4714",2,3,3,2,4,3
"4715",8,4,8,7,7,5
"4716",2,2,2,1,1,2
"4718",8,8,8,8,8,7
"4719",6,4,6,6,5,3
"4720",5,5,4,5,5,4
"4721",4,4,3,3,2,3
"4722",6,7,6,6,6,6
"4723",2,2,2,2,2,2
"4724",2,2,2,3,1,2
"4725",10,9,6,10,7,8
"4726",5,6,6,5,6,6
"4727",4,3,3,3,5,3
"4728",3,2,2,2,3,2
"4729",5,4,6,4,4,3
"4730",22,20,21,19,19,19
"4731",12,13,12,12,11,13
"4732",1,2,1,2,2,1
"4733",5,4,5,5,5,5
"4734",7,7,7,9,8,8
"4735",9,6,9,6,8,8
"4736",5,4,2,4,4,4
"4737",3,3,2,3,3,2
"4738",27,18,24,25,25,22
"4739",14,15,15,14,15,15
"4740",2,2,1,2,2,2
"4741",2,1,2,2,2,1
"4742",16,15,15,14,14,12
"4743",28,26,28,27,25,21
"4744",3,4,3,2,3,1
"4745",3,5,2,4,3,4
"4746",4,4,5,5,5,4
"4747",3,3,2,4,4,2
"4748",8,5,8,8,8,7
"4749",2,2,2,2,2,2
"4750",9,6,7,6,9,7
"4751",8,7,8,6,7,7
"4752",12,16,15,11,14,14
"4753",3,3,2,1,1,2
"4754",3,3,4,4,4,4
"4755",5,6,3,4,4,5
"4756",2,2,2,2,2,2
"4757",2,2,2,3,3,3
"4758",4,3,3,4,3,2
"4759",1,2,2,3,3,3
"4760",2,1,2,2,1,1
"4761",13,12,12,11,12,12
"4762",1,1,1,1,2,1
"4763",7,8,6,7,8,4
"4765",8,8,9,7,7,8
"4766",2,2,4,2,1,3
"4767",16,14,19,16,16,14
"4768",11,12,10,13,12,14
"4769",6,5,3,5,5,5
"4771",4,3,4,4,4,4
"4772",5,4,3,5,5,5
"4773",1,1,2,2,3,2
"4774",14,14,15,15,15,14
"4775",3,3,2,3,3,3
"4776",2,3,3,3,5,4
"4777",3,2,3,2,3,3
"4778",4,4,4,5,3,4
"4779",2,1,2,2,2,1
"4780",3,2,1,4,3,3
"4781",8,8,9,8,9,7
"4782",6,6,5,6,6,5
"4784",10,10,8,10,11,10
"4785",5,5,4,4,4,5
"4786",2,1,2,1,2,1
"4787",2,2,3,3,2,2
"4788",9,8,10,7,9,8
"4789",2,1,2,1,2,1
"4790",2,3,2,2,2,1
"4791",1,1,1,1,1,2
"4792",4,2,4,3,2,1
"4793",5,3,4,4,3,4
"4794",2,2,2,2,2,2
"4795",3,4,4,4,4,4
"4796",1,2,1,3,3,2
"4797",2,3,3,3,2,3
"4798",3,2,2,1,3,2
"4799",2,1,1,2,1,1
"4800",4,4,5,7,3,6
"4801",2,1,1,2,1,2
"4804",4,4,3,4,4,4
"4805",4,5,4,5,4,5
"4806",4,5,4,5,4,5
"4807",2,2,2,1,1,2
"4808",5,4,5,5,4,5
"4809",7,7,8,7,7,7
"4810",8,5,8,5,6,5
"4811",2,1,2,2,2,2
"4812",5,5,5,3,5,3
"4813",1,2,2,1,1,1
"4814",8,9,8,7,7,9
"4815",10,8,8,10,10,8
"4816",3,1,2,2,2,2
"4817",2,2,3,1,2,1
"4818",3,2,2,3,3,2
"4819",3,3,3,4,3,3
"4820",7,5,8,6,8,7
"4822",3,4,4,4,3,4
"4823",5,7,6,6,6,6
"4824",12,9,15,12,12,11
"4825",6,7,7,7,8,8
"4826",11,9,10,9,10,8
"4827",8,7,7,7,6,6
"4828",12,12,12,11,12,11
"4829",6,7,8,8,9,6
"4830",3,3,3,3,3,3
"4831",4,3,3,4,5,3
"4832",4,2,4,2,3,2
"4833",6,4,5,5,4,7
"4834",3,3,3,3,3,2
"4835",8,9,6,8,9,8
"4836",6,5,5,4,5,3
"4837",6,3,2,4,3,4
"4839",4,5,4,4,5,4
"4840",6,7,7,8,6,8
"4841",6,5,6,7,6,5
"4842",3,2,3,2,3,2
"4844",2,2,1,1,1,1
"4845",20,20,21,20,21,19
"4846",9,11,10,8,7,9
"4847",7,5,5,7,7,7
"4848",2,4,3,3,4,3
"4849",2,3,4,4,4,4
"4850",2,3,3,2,2,3
"4851",11,10,10,10,8,10
"4853",2,2,2,2,2,2
"4854",2,1,2,2,1,1
"4855",3,3,3,3,4,3
"4856",5,6,4,6,5,5
"4857",4,3,3,3,3,3
"4858",2,3,3,3,2,3
"4859",4,2,3,3,3,2
"4860",1,3,2,3,2,3
"4861",7,7,7,7,6,6
"4863",2,2,2,3,2,2
"4865",1,1,1,1,1,2
"4866",18,18,16,18,18,17
"4867",2,2,1,1,1,1
"4868",2,1,2,2,2,2
"4869",9,8,8,8,8,9
"4870",9,7,8,9,7,8
"4871",4,4,4,5,4,7
"4872",7,7,8,8,7,5
"4873",30,29,30,31,31,29
"4874",7,9,10,9,10,8
"4875",3,3,3,3,2,1
"4876",6,7,5,7,6,7
"4879",13,14,12,12,14,14
"4880",2,2,2,2,2,2
"4881",7,7,7,6,10,5
"4882",4,4,3,4,3,2
"4883",8,12,7,11,7,6
"4884",7,6,7,6,7,7
"4885",12,13,14,13,10,13
"4886",2,3,2,3,2,3
"4887",14,12,10,10,13,12
"4888",1,1,1,2,1,1
"4889",2,4,2,4,3,3
"4890",12,10,10,10,10,10
"4893",3,3,3,2,2,3
"4894",6,6,6,6,6,6
"4895",7,8,7,8,7,8
"4896",8,8,7,8,7,8
"4897",5,5,5,5,5,5
"4898",6,6,6,6,7,6
"4899",2,1,2,2,2,1
"4900",17,18,17,18,19,17
"4901",3,3,3,3,3,3
"4902",13,8,10,6,7,9
"4903",4,4,4,4,3,3
"4904",5,5,5,5,5,5
"4905",2,2,2,2,2,2
"4906",3,1,3,1,3,1
"4907",3,3,3,2,3,3
"4909",4,4,3,3,4,2
"4910",7,6,6,5,7,6
"4911",2,2,1,2,2,2
"4912",16,14,12,18,16,14
"4913",7,6,6,7,7,7
"4916",2,2,2,2,2,2
"4918",5,4,5,5,3,5
"4920",1,2,2,2,1,2
"4921",4,3,4,4,4,4
"4922",4,5,5,5,6,5
"4923",13,13,11,12,12,11
"4924",11,10,9,10,11,11
"4925",3,1,3,2,3,3
"4926",13,14,13,13,13,14
"4927",8,9,7,8,8,9
"4928",10,8,7,9,8,7
"4929",2,1,3,4,2,3
"4930",3,2,4,3,3,3
"4931",4,4,3,4,5,4
"4932",1,3,2,1,2,1
"4933",2,2,2,1,2,1
"4934",2,3,2,3,3,2
"4935",3,1,4,3,4,1
"4936",5,4,5,5,5,4
"4937",15,13,14,15,13,14
"4938",5,5,7,7,7,6
"4939",5,5,5,5,5,5
"4940",1,2,2,2,2,2
"4941",6,6,6,5,6,5
"4942",6,4,5,5,6,6
"4943",14,14,14,14,13,13
"4944",4,4,3,4,4,5
"4945",15,15,15,16,16,16
"4947",1,2,2,2,2,2
"4949",1,3,1,2,1,3
"4950",2,3,2,3,4,4
"4952",1,1,1,2,2,2
"4953",3,2,2,2,2,2
"4954",8,8,8,9,9,10
"4955",8,7,8,7,6,7
"4956",10,7,9,9,9,7
"4958",3,2,3,3,3,4
"4959",8,9,8,7,7,8
"4960",4,3,6,7,3,7
"4961",2,1,2,3,1,1
"4962",8,10,9,10,11,10
"4963",5,5,5,5,5,3
"4965",5,5,6,6,5,5
"4966",1,1,2,2,1,1
"4967",10,9,7,9,9,9
"4969",16,11,17,17,15,15
"4970",2,4,3,5,3,4
"4971",8,8,9,8,9,9
"4972",8,5,7,5,6,5
"4973",9,9,10,10,12,10
"4974",7,6,6,6,8,5
"4975",23,23,23,23,21,21
"4976",4,3,5,4,4,3
"4977",10,11,12,11,12,11
"4978",10,8,10,9,8,7
"4979",3,2,1,3,2,2
"4981",2,1,2,1,1,1
"4982",2,1,1,2,1,1
"4983",2,3,3,2,1,2
"4984",5,5,6,4,4,4
"4985",2,2,2,3,3,2
"4986",5,7,5,6,7,6
"4987",6,4,5,3,5,4
"4988",7,6,5,6,6,5
"4989",3,3,4,3,4,4
"4990",4,4,4,2,3,4
"4991",9,9,8,6,5,7
"4992",4,2,1,3,4,2
"4993",11,11,11,10,10,10
"4994",9,11,11,11,10,10
"4996",6,6,6,7,6,7
"4997",5,5,6,5,6,6
"4998",2,2,1,2,2,2
"4999",14,15,16,14,15,14
"5000",6,5,5,6,6,4
"5002",3,4,3,4,3,4
"5003",6,5,5,5,5,4
"5004",2,3,2,3,3,4
"5005",8,8,9,8,8,8
"5006",5,5,3,4,4,5
"5007",6,6,6,8,7,7
"5008",4,4,3,5,5,5
"5009",6,6,5,7,7,6
"5010",14,14,15,15,13,15
"5011",9,9,8,8,10,7
"5012",4,4,4,5,5,5
"5013",5,6,7,7,5,6
"5014",7,6,7,6,6,7
"5016",18,16,15,14,16,12
"5017",11,12,11,11,12,11
"5018",41,41,35,33,34,31
"5019",4,5,3,2,5,5
"5020",9,10,10,9,8,9
"5021",11,8,8,9,9,8
"5022",3,1,3,3,3,2
"5023",10,9,7,8,8,6
"5024",9,9,9,10,8,8
"5026",4,1,2,4,3,2
"5027",26,25,24,26,25,29
"5028",18,17,17,17,18,18
"5029",4,4,6,4,5,5
"5030",21,23,23,18,20,21
"5031",6,7,8,10,7,8
"5032",4,3,4,4,4,4
"5033",2,2,1,1,1,2
"5034",7,7,7,7,9,8
"5035",17,17,17,15,17,16
"5036",1,2,2,2,2,2
"5037",3,3,3,3,3,3
"5038",7,5,6,6,7,6
"5039",2,1,2,2,1,2
"5040",17,16,17,18,17,17
"5041",6,3,7,4,5,7
"5042",17,17,16,17,17,17
"5043",12,13,13,12,12,13
"5044",2,4,3,4,4,3
"5045",9,9,9,9,9,9
"5046",15,15,17,16,13,15
"5047",2,2,2,2,2,2
"5048",3,3,2,3,4,3
"5049",9,7,10,8,10,8
"5050",1,1,1,1,1,1
"5051",7,6,5,5,6,5
"5052",5,4,5,4,4,5
"5053",4,4,2,1,3,1
"5054",12,7,8,11,8,8
"5055",6,5,4,5,6,5
"5056",7,6,7,6,7,7
"5057",2,2,2,2,2,2
"5058",2,2,2,2,3,3
"5059",2,2,2,2,2,1
"5060",1,2,2,2,2,2
"5061",7,6,6,6,7,6
"5062",4,5,4,4,5,5
"5063",4,4,5,4,4,5
"5064",3,3,3,3,3,3
"5065",16,14,13,15,14,15
"5066",11,10,8,11,9,9
"5067",13,13,12,14,12,13
"5068",13,15,10,12,13,13
"5070",3,2,3,3,4,2
"5071",3,2,4,3,3,3
"5072",6,5,8,8,7,8
"5073",4,4,5,4,4,4
"5075",3,3,2,3,3,3
"5076",4,4,5,4,5,4
"5077",9,9,9,9,8,8
"5078",13,13,13,13,13,13
"5080",1,2,1,2,2,2
"5081",3,4,3,3,3,3
"5082",9,9,9,7,10,9
"5083",5,6,6,4,4,5
"5084",5,6,5,4,5,5
"5085",3,4,4,4,5,4
"5086",3,3,3,4,3,4
"5087",3,3,3,3,3,3
"5088",6,5,5,6,5,5
"5089",1,1,1,1,2,1
"5090",4,2,4,3,3,3
"5091",3,3,3,3,3,2
"5092",4,4,4,5,3,4
"5093",1,2,2,2,1,1
"5094",3,2,2,1,1,1
"5095",1,2,2,2,2,2
"5096",1,2,2,4,3,4
"5097",7,5,7,5,5,5
"5098",1,2,2,2,1,1
"5099",3,3,3,3,3,3
"5100",15,15,16,15,14,14
"5101",14,15,12,15,15,13
"5102",3,2,3,3,3,3
"5103",3,3,3,5,4,3
"5104",1,1,1,1,1,1
"5105",4,3,4,4,3,5
"5106",2,2,2,2,2,2
"5107",9,9,10,11,9,11
"5108",3,4,2,3,3,2
"5109",4,4,3,4,4,5
"5110",2,2,2,2,3,2
"5111",3,1,1,2,3,3
"5112",9,11,10,10,12,10
"5113",2,2,2,1,2,1
"5114",14,16,14,17,16,12
"5115",2,4,4,4,4,5
"5117",77,76,78,77,80,76
"5118",8,6,8,3,5,4
"5119",3,2,3,3,2,2
"5120",6,6,5,5,6,7
"5121",7,6,7,8,8,7
"5122",3,2,3,3,2,3
"5123",30,29,28,26,31,28
"5124",2,2,2,2,2,1
"5125",22,22,23,24,21,20
"5126",2,1,2,2,2,2
"5127",1,1,2,1,1,2
"5128",9,7,7,8,8,8
"5129",14,14,13,14,14,15
"5130",12,11,11,9,14,9
"5131",2,3,3,3,3,3
"5132",3,3,4,3,1,3
"5133",8,7,7,7,7,8
"5134",3,2,2,2,2,2
"5135",21,23,23,28,23,26
"5136",1,2,1,2,2,1
"5137",4,4,4,4,4,4
"5138",6,6,6,6,6,5
"5139",1,2,1,1,1,1
"5140",2,2,1,1,1,2
"5141",7,6,6,7,6,6
"5142",12,10,9,9,11,10
"5143",5,5,5,5,4,5
"5144",22,23,23,25,24,24
"5145",7,8,7,8,8,7
"5146",2,2,2,2,2,2
"5147",5,4,5,5,5,4
"5148",3,3,3,4,3,4
"5149",11,10,11,12,12,12
"5150",17,14,14,12,14,13
"5151",3,3,3,2,3,2
"5152",19,19,19,18,18,21
"5153",5,4,4,5,4,4
"5155",4,4,3,4,6,3
"5156",1,2,1,2,2,2
"5157",8,8,8,9,7,7
"5158",5,3,2,4,3,3
"5159",5,5,5,5,5,5
"5161",8,9,10,9,9,8
"5162",7,7,7,7,8,8
"5163",3,3,4,1,2,5
"5164",3,4,3,4,3,3
"5165",5,6,6,6,5,5
"5166",2,2,2,2,2,2
"5167",9,6,7,9,9,8
"5168",16,16,15,14,14,15
"5169",2,1,1,2,1,2
"5170",6,5,4,3,5,5
"5171",20,21,19,19,20,21
"5172",12,10,10,8,10,10
"5173",7,7,5,6,4,6
"5174",2,1,1,1,2,2
"5175",12,12,13,12,14,13
"5176",2,1,1,2,1,1
"5177",5,6,5,7,7,7
"5178",3,2,1,2,3,2
"5179",4,5,4,5,4,5
"5180",4,4,4,3,3,4
"5181",13,14,13,13,13,14
"5183",14,15,13,17,16,14
"5184",3,3,3,3,3,3
"5185",4,2,3,2,3,2
"5186",4,3,3,4,3,2
"5187",1,2,1,2,3,2
"5188",9,10,8,12,11,11
"5190",3,2,2,2,2,2
"5191",2,2,2,2,1,2
"5192",3,3,3,4,4,4
"5193",2,3,2,2,1,3
"5194",1,1,1,1,1,1
"5195",13,12,14,13,12,13
