"","number_of_peptides_A_3","number_of_peptides_A_2","number_of_peptides_B_3","number_of_peptides_B_1","number_of_peptides_B_2","number_of_peptides_A_1"
"1",8,7,8,6,7,5
"2",14,13,15,10,13,13
"4",10,10,13,9,10,7
"5",15,12,14,14,14,14
"6",16,11,12,13,15,11
"7",14,15,15,12,18,13
"10",30,25,19,31,30,29
"11",14,14,11,18,12,14
"12",8,6,7,8,8,8
"13",17,15,17,20,17,19
"14",24,20,23,21,23,17
"15",43,40,40,38,41,43
"17",2,2,3,2,4,1
"19",12,12,12,7,8,11
"21",9,7,7,9,7,7
"23",6,8,7,7,7,7
"24",63,64,71,66,61,60
"25",14,13,12,12,15,12
"26",13,11,8,11,10,13
"27",7,5,6,6,6,6
"28",11,11,10,13,13,12
"29",25,23,25,28,22,25
"31",60,52,55,48,54,48
"33",9,8,12,10,10,7
"34",18,8,15,14,11,9
"36",56,54,65,64,61,51
"37",13,10,9,8,11,10
"38",6,7,7,11,8,10
"39",16,15,18,13,14,13
"41",6,5,6,5,4,5
"42",6,7,10,8,8,9
"43",7,8,8,8,7,5
"44",14,14,16,13,17,14
"45",8,9,8,7,8,6
"46",4,5,4,4,5,5
"47",24,23,29,23,29,26
"48",41,40,46,40,48,43
"49",11,9,11,12,11,11
"50",2,4,3,5,4,5
"52",8,7,7,9,8,5
"54",6,7,7,5,8,7
"56",6,7,8,8,8,7
"57",54,53,59,55,52,51
"58",9,9,10,6,11,9
"60",10,8,10,8,10,12
"61",1,2,3,3,3,2
"62",16,14,14,16,17,13
"63",14,14,14,15,16,12
"64",2,6,4,5,5,2
"65",4,6,5,6,5,6
"66",8,9,10,9,10,10
"68",4,3,4,4,5,3
"69",15,14,13,19,15,13
"70",10,8,11,9,7,9
"71",16,22,18,22,16,18
"72",2,2,2,2,2,2
"73",9,9,8,12,11,12
"74",9,8,8,9,8,7
"75",13,14,13,13,14,13
"76",10,9,9,10,11,9
"78",19,19,19,20,18,21
"79",6,4,7,5,4,4
"81",6,8,6,8,10,8
"82",4,5,6,5,8,4
"83",17,11,17,17,10,11
"85",9,9,8,9,10,8
"86",1,1,1,1,1,2
"87",11,12,9,9,9,8
"88",13,12,16,16,15,11
"89",21,23,19,20,17,20
"91",10,8,10,11,10,11
"92",25,24,31,27,31,28
"95",4,4,5,6,4,4
"96",13,12,11,10,11,14
"97",10,16,17,13,17,16
"101",6,6,5,5,8,8
"103",15,14,14,13,12,12
"104",10,9,10,8,10,9
"105",3,2,4,2,2,2
"106",6,5,6,6,6,6
"107",23,27,26,21,24,21
"108",15,13,16,14,17,17
"109",9,10,9,10,10,9
"110",11,11,10,8,10,11
"112",9,7,9,7,9,8
"113",3,7,6,8,5,7
"116",5,4,4,4,3,2
"117",5,6,5,9,6,9
"118",6,5,4,4,6,5
"119",2,1,3,2,2,3
"120",8,6,8,7,7,6
"122",8,5,8,5,10,5
"123",9,5,6,4,5,11
"124",33,31,36,26,32,26
"125",10,12,14,14,13,12
"126",7,8,8,7,8,9
"127",13,11,14,13,14,15
"128",4,3,6,6,5,4
"129",7,7,8,10,9,8
"130",5,7,6,6,8,8
"131",14,14,18,18,16,15
"132",19,17,20,21,18,20
"134",21,21,17,15,17,22
"135",6,5,7,7,6,5
"137",37,32,39,34,39,34
"138",20,19,26,25,27,21
"139",9,8,9,9,9,9
"140",5,6,5,6,6,7
"141",9,6,6,4,8,8
"142",12,6,11,10,6,6
"143",22,29,23,27,26,24
"144",13,16,16,14,13,12
"145",25,28,30,27,22,28
"146",28,22,28,22,27,26
"147",8,8,6,6,7,11
"148",13,9,14,10,10,9
"149",18,12,13,11,17,15
"150",3,4,3,3,3,4
"151",12,12,12,11,11,12
"152",7,5,7,5,7,7
"154",41,39,44,47,41,41
"155",31,33,37,42,37,31
"156",28,28,19,22,18,25
"159",40,42,49,42,47,43
"160",3,2,4,6,5,1
"161",5,6,7,4,7,5
"162",3,3,3,3,4,3
"164",20,18,19,18,19,22
"165",18,21,12,14,16,21
"166",9,9,5,5,5,9
"167",4,3,5,4,4,4
"168",8,8,9,7,8,7
"169",15,17,12,17,16,17
"170",23,26,28,27,28,25
"171",21,24,24,24,21,21
"172",30,33,34,34,33,33
"173",3,3,4,4,3,5
"174",6,6,5,8,6,8
"175",3,5,8,4,4,4
"176",25,26,32,28,29,25
"178",5,7,7,8,7,6
"179",33,35,38,38,30,32
"180",12,15,12,13,12,11
"181",63,59,49,52,46,65
"182",9,9,5,8,6,7
"183",15,16,16,18,15,18
"184",25,27,30,26,23,24
"185",4,2,5,3,2,4
"186",5,5,5,7,6,5
"187",19,18,17,21,16,21
"188",6,6,6,6,3,7
"189",19,18,21,21,19,16
"190",5,5,4,7,5,6
"191",6,5,5,4,4,5
"192",32,34,34,29,30,28
"193",9,11,12,11,8,9
"194",7,6,8,6,7,7
"195",9,9,9,12,10,12
"197",9,8,8,10,9,7
"198",15,14,15,13,13,13
"199",8,7,7,8,9,5
"200",5,4,5,5,6,5
"201",9,9,12,10,11,9
"202",4,4,7,7,5,6
"203",5,2,4,5,4,4
"204",2,2,2,2,2,2
"205",38,35,41,41,36,37
"207",11,9,9,14,12,11
"208",12,12,10,13,10,12
"210",5,7,6,6,10,3
"211",23,21,23,23,25,24
"212",18,17,13,19,17,13
"213",22,25,25,29,22,25
"214",9,8,7,6,5,7
"215",10,9,11,4,7,13
"216",21,24,22,20,22,21
"217",24,26,23,18,18,21
"218",32,33,43,37,30,31
"219",12,13,7,7,9,14
"220",19,16,15,18,14,15
"221",22,22,22,17,22,20
"222",7,8,4,7,8,6
"223",5,6,7,7,7,8
"224",107,106,115,107,111,113
"225",37,35,41,38,39,37
"226",45,38,39,42,46,38
"227",4,5,4,5,5,4
"228",17,15,14,19,18,14
"229",36,41,38,37,40,34
"232",28,29,30,27,27,28
"233",19,21,21,22,20,19
"234",20,18,20,19,21,18
"235",43,44,44,48,49,42
"236",31,31,33,33,30,33
"237",6,6,7,6,7,6
"238",44,43,45,45,44,39
"239",49,44,42,39,31,45
"240",8,6,10,6,5,7
"241",29,28,31,27,30,27
"242",7,7,8,6,7,8
"245",25,21,24,22,24,25
"247",18,16,12,8,8,15
"249",11,15,9,13,13,16
"250",15,17,8,11,13,12
"251",8,7,9,6,7,6
"254",31,26,32,27,32,28
"255",9,12,7,9,8,10
"256",6,5,8,9,4,5
"257",9,9,10,9,10,8
"259",6,5,3,4,3,10
"261",29,28,30,27,25,23
"264",4,5,5,4,5,3
"265",9,10,12,10,12,8
"266",11,9,12,10,12,10
"267",4,1,6,6,5,4
"268",8,5,6,7,7,8
"269",4,5,7,6,6,6
"271",5,7,7,8,9,6
"272",26,27,33,28,28,22
"274",2,2,2,3,2,2
"276",15,18,16,20,17,16
"277",21,16,22,20,22,17
"278",27,23,27,24,25,23
"281",6,8,10,7,6,5
"282",9,8,9,11,10,10
"284",23,24,30,29,22,26
"286",17,15,18,15,17,14
"287",9,11,10,11,10,11
"288",8,9,12,14,9,11
"289",20,20,23,21,19,20
"290",11,6,8,8,7,7
"291",4,4,5,4,5,4
"292",9,13,9,10,10,10
"294",4,9,9,10,7,9
"295",25,26,25,27,18,24
"296",17,16,15,16,12,14
"297",7,8,12,12,9,11
"299",11,7,6,4,4,8
"301",2,2,2,3,3,3
"302",3,3,4,4,3,4
"303",7,11,8,8,8,9
"304",3,6,5,5,4,3
"306",38,42,31,28,29,36
"307",5,5,6,7,7,6
"308",32,35,37,39,39,36
"309",5,6,6,4,7,6
"310",8,10,11,7,10,7
"311",13,15,17,16,13,16
"312",12,12,10,8,9,13
"313",8,6,5,5,4,6
"317",14,16,18,14,14,10
"318",10,10,5,7,7,9
"319",1,2,2,1,1,1
"321",5,5,4,3,5,6
"322",1,1,1,2,1,1
"325",4,3,5,5,6,5
"327",11,11,13,10,13,10
"328",22,21,15,18,20,22
"329",9,8,7,8,7,8
"331",8,9,6,6,6,7
"332",13,12,13,11,12,12
"333",4,4,4,5,6,3
"336",3,4,3,3,3,4
"337",14,12,12,12,13,11
"340",3,5,2,2,3,3
"341",3,4,4,4,3,3
"343",15,14,16,15,14,15
"345",7,6,7,5,6,5
"346",6,9,7,9,10,8
"347",23,26,24,21,23,19
"349",54,44,39,37,37,44
"350",20,18,18,15,17,25
"351",38,34,30,24,27,34
"355",3,4,2,2,4,5
"356",27,28,33,32,30,23
"358",17,16,12,10,12,15
"361",8,7,5,5,7,8
"362",22,17,20,18,18,19
"363",8,9,7,9,11,9
"364",10,9,11,11,13,9
"365",31,32,33,33,33,30
"366",11,9,10,9,11,10
"368",7,7,7,9,8,7
"369",7,5,8,6,6,6
"371",10,9,9,10,11,5
"373",14,12,8,8,8,8
"374",5,6,5,4,4,5
"375",12,13,10,7,6,13
"376",14,12,14,15,10,14
"377",11,13,9,9,8,11
"378",9,7,11,8,9,9
"379",6,7,9,11,4,7
"380",21,21,23,22,23,22
"382",6,7,5,5,4,8
"383",15,23,19,20,21,17
"384",11,13,12,11,11,12
"385",22,17,22,20,20,17
"387",5,6,6,6,6,7
"389",9,10,8,9,8,9
"390",14,9,11,14,8,9
"391",8,9,8,9,10,10
"392",12,11,13,16,14,12
"393",34,35,28,30,27,30
"394",12,13,13,12,13,8
"395",9,10,9,7,9,11
"398",5,5,4,5,5,5
"399",5,5,5,6,5,4
"401",4,4,5,6,6,7
"404",7,8,7,8,8,8
"405",8,9,6,7,8,7
"406",10,11,6,7,5,6
"407",13,12,11,9,10,13
"409",5,6,6,5,3,6
"410",3,2,3,3,3,3
"411",6,3,6,8,8,9
"412",8,7,5,5,6,3
"413",30,30,22,30,21,34
"414",10,9,10,10,9,12
"415",4,4,3,4,4,5
"416",7,7,6,7,7,7
"417",31,30,25,27,24,32
"420",8,6,7,7,6,9
"421",20,20,29,24,26,20
"422",12,16,14,14,14,10
"423",5,7,6,3,7,7
"427",7,7,7,5,4,8
"428",9,10,8,10,11,10
"431",7,6,5,5,4,8
"432",13,10,12,13,8,13
"434",35,32,37,38,39,36
"435",19,19,18,18,22,19
"437",5,5,3,4,4,5
"439",4,5,3,3,4,4
"440",6,6,5,4,6,5
"444",32,32,33,32,30,30
"445",4,3,3,3,3,3
"446",5,3,7,4,8,4
"447",6,5,7,6,4,6
"448",11,10,8,6,6,8
"449",15,19,17,17,17,19
"450",6,5,3,4,6,5
"451",5,5,3,5,3,4
"452",31,30,32,32,31,28
"453",7,5,7,7,5,4
"455",6,5,6,7,5,5
"459",31,35,23,25,23,30
"463",10,7,7,8,11,8
"465",5,7,6,9,6,7
"466",5,5,5,6,5,5
"467",17,12,18,16,13,13
"468",6,7,6,6,6,7
"469",19,13,14,19,17,16
"471",16,15,16,17,16,13
"472",9,6,10,6,6,5
"473",8,5,9,6,8,6
"475",5,4,3,4,4,5
"476",20,18,24,23,20,20
"477",8,8,7,9,9,9
"478",25,26,26,25,24,24
"479",32,31,31,34,37,33
"480",7,10,7,9,6,6
"481",9,10,11,11,12,11
"482",20,19,18,22,18,19
"483",10,9,12,9,10,10
"484",18,15,15,14,15,16
"485",33,37,39,38,37,34
"486",26,24,31,28,28,25
"489",7,10,16,14,12,8
"490",1,1,2,2,2,1
"491",14,15,10,11,10,15
"492",42,37,39,38,38,32
"495",22,22,15,13,18,18
"496",35,32,33,34,34,35
"497",26,22,26,22,25,21
"498",74,79,87,79,79,71
"501",3,5,2,6,7,6
"503",5,4,5,8,5,5
"504",11,13,7,10,8,13
"505",16,18,14,19,15,17
"506",36,36,39,33,36,34
"507",13,16,12,16,16,15
"508",31,24,28,26,24,24
"510",9,9,6,3,5,6
"511",13,12,15,11,11,9
"512",31,35,27,21,23,29
"513",15,13,15,14,15,14
"514",12,10,8,6,9,7
"517",5,5,6,4,6,5
"518",8,8,8,8,11,10
"519",10,9,9,10,6,5
"520",21,19,23,19,24,21
"521",19,21,24,23,25,26
"522",7,11,9,8,10,7
"523",7,5,14,12,10,5
"525",47,43,47,46,50,43
"526",7,13,11,8,12,11
"527",10,8,9,8,7,8
"528",9,11,9,7,8,12
"529",10,10,9,11,11,9
"530",14,9,24,25,30,9
"532",24,21,27,27,24,23
"533",33,32,34,38,34,31
"534",14,15,15,14,15,13
"535",12,10,9,8,9,8
"536",5,6,4,4,4,5
"537",19,17,15,14,15,16
"538",12,13,16,12,12,13
"539",8,9,9,12,8,7
"541",53,53,58,55,56,55
"543",24,23,15,17,19,21
"545",64,66,44,54,40,64
"546",14,16,17,19,17,9
"547",32,30,22,21,26,32
"549",9,7,6,9,5,4
"550",23,21,21,20,19,19
"551",12,17,12,14,12,13
"554",18,19,16,22,18,19
"556",13,18,20,17,16,14
"557",16,7,20,9,14,12
"560",15,13,14,13,12,14
"561",17,17,20,19,21,22
"562",61,55,45,41,38,54
"563",16,15,11,9,11,13
"565",5,5,3,4,5,4
"566",5,7,6,6,7,5
"567",12,9,13,12,11,10
"568",12,12,13,13,12,10
"569",6,6,9,10,5,7
"570",15,18,13,12,11,16
"571",6,4,6,7,7,6
"574",21,22,21,19,21,20
"575",51,45,50,49,43,47
"576",52,48,47,47,45,54
"577",12,14,14,15,16,12
"578",3,2,3,2,3,3
"579",20,22,21,21,21,20
"580",5,7,1,6,5,6
"581",33,35,39,35,34,33
"582",10,9,10,11,10,11
"584",23,18,18,17,19,20
"585",54,63,68,57,62,57
"587",7,8,3,6,9,6
"588",7,6,5,6,7,6
"590",12,10,9,10,10,8
"591",13,9,12,12,12,10
"592",19,19,20,18,20,20
"593",9,13,13,11,10,11
"594",37,38,39,39,37,39
"595",10,9,14,9,11,11
"597",15,16,14,13,15,17
"598",24,20,25,23,20,18
"600",13,15,13,14,15,16
"601",19,16,15,19,18,18
"602",40,44,31,33,31,42
"603",34,32,35,32,34,30
"604",8,8,6,5,6,6
"605",70,62,79,72,78,69
"606",8,10,9,9,9,10
"607",10,10,7,9,11,9
"608",8,8,10,9,11,6
"609",13,8,12,9,12,7
"610",20,21,25,20,21,19
"611",18,14,17,17,16,17
"614",10,10,11,12,10,11
"616",16,12,15,12,15,16
"618",65,59,68,66,65,63
"619",7,8,8,10,8,7
"620",7,5,7,6,7,6
"621",12,13,11,14,14,11
"622",9,7,8,7,5,7
"623",59,62,71,69,66,66
"624",22,20,18,18,17,22
"625",13,10,10,10,11,11
"626",16,10,21,16,17,12
"628",38,34,39,50,40,44
"629",19,17,18,18,17,13
"630",10,11,8,10,11,10
"633",8,9,7,7,9,10
"634",101,102,115,102,109,100
"635",16,20,18,18,18,15
"636",41,39,41,39,38,33
"639",15,16,18,16,15,15
"640",5,4,8,8,8,5
"641",8,8,9,8,10,9
"642",20,25,27,24,24,23
"643",21,17,22,17,16,14
"644",23,24,22,21,21,27
"645",39,37,38,42,41,35
"646",19,16,16,14,18,18
"647",20,19,20,18,19,16
"648",1,5,3,6,4,3
"649",12,11,11,12,13,13
"652",17,17,10,10,13,20
"653",9,9,5,8,6,10
"654",10,7,7,7,9,8
"655",10,13,15,16,19,12
"656",4,4,3,4,3,6
"657",25,29,30,27,24,24
"658",3,3,4,4,4,4
"659",12,12,11,13,13,13
"660",3,6,3,2,2,4
"661",15,14,13,15,16,13
"663",23,23,25,19,26,23
"665",9,7,12,13,15,15
"666",8,7,17,13,13,7
"669",11,9,8,7,7,8
"670",23,22,23,25,25,26
"671",24,24,27,25,26,23
"672",33,31,33,33,28,33
"673",8,9,10,9,10,8
"675",8,5,8,8,8,8
"677",4,4,5,3,4,5
"679",15,15,15,13,17,17
"680",15,14,13,14,13,18
"681",46,46,30,31,30,40
"682",10,13,14,16,15,12
"683",20,17,16,22,18,18
"684",9,9,5,7,4,10
"685",9,9,12,9,8,7
"686",3,3,4,4,2,3
"690",21,25,28,27,22,17
"691",5,4,7,6,6,6
"692",13,11,14,16,15,16
"693",10,9,9,10,9,9
"694",7,8,5,8,10,10
"695",9,8,8,9,8,7
"696",9,9,7,10,10,9
"697",4,9,7,7,8,6
"698",13,13,10,11,9,11
"701",9,9,15,17,18,9
"702",7,9,10,9,9,9
"703",21,15,22,18,20,17
"704",23,22,23,25,22,22
"705",31,26,19,18,20,26
"706",8,8,11,11,9,7
"707",6,5,5,5,4,6
"708",17,16,16,14,16,14
"709",20,13,14,16,13,17
"710",8,8,7,8,10,10
"711",13,11,9,8,10,14
"714",27,30,28,33,27,32
"715",14,16,16,13,16,12
"716",17,16,10,10,12,13
"719",16,14,15,15,15,13
"720",114,93,117,109,104,105
"722",6,4,5,8,5,7
"724",36,36,39,37,38,35
"725",6,8,9,14,7,9
"726",14,16,17,13,17,13
"727",14,10,15,12,10,12
"728",6,10,5,6,5,12
"729",4,9,11,10,9,12
"731",26,25,24,21,21,24
"732",45,41,43,43,41,41
"733",10,7,18,15,21,12
"734",26,24,26,28,25,26
"735",9,6,10,8,11,8
"736",49,51,48,48,53,45
"737",19,14,20,20,23,13
"739",4,10,10,11,7,8
"740",1,4,5,4,4,5
"741",56,59,64,63,57,59
"744",7,7,7,8,6,7
"745",11,12,14,14,13,14
"746",7,9,11,10,9,9
"747",7,10,9,7,12,8
"748",22,24,26,21,23,22
"749",8,8,5,6,8,7
"751",17,17,14,19,20,12
"752",27,27,28,25,23,23
"753",24,24,25,23,21,18
"754",5,7,9,10,7,5
"755",2,2,3,2,3,1
"756",14,17,21,15,15,17
"757",32,31,35,33,32,29
"758",36,32,34,36,36,30
"759",14,9,11,6,13,11
"760",9,5,8,5,9,10
"761",5,5,5,6,7,7
"762",14,12,10,10,13,10
"766",7,10,10,10,11,9
"767",4,4,4,4,4,3
"768",12,11,14,12,8,11
"769",6,5,6,7,7,6
"770",17,17,13,11,13,17
"772",40,37,37,35,38,38
"774",3,4,3,4,3,4
"775",4,3,4,3,3,4
"776",7,9,6,7,9,6
"778",15,13,15,16,18,17
"779",7,7,8,7,8,6
"780",3,5,5,7,5,5
"781",2,4,4,5,6,5
"782",13,10,8,6,7,12
"783",13,10,10,14,13,15
"785",12,6,13,13,13,9
"789",26,26,15,19,21,20
"790",29,28,26,27,32,28
"792",15,19,19,16,15,12
"793",53,49,52,51,60,53
"794",52,59,41,47,44,54
"795",5,6,6,6,6,7
"796",10,8,9,8,5,7
"799",13,11,11,10,11,10
"800",13,7,6,7,5,13
"801",10,8,7,7,6,6
"802",15,11,14,15,12,13
"803",14,10,14,8,13,13
"804",7,5,7,4,6,4
"805",8,10,7,6,9,9
"806",10,9,9,11,11,14
"807",17,16,17,15,16,16
"810",12,9,13,10,10,11
"811",16,16,21,17,17,12
"812",22,19,13,21,19,25
"814",7,10,7,5,8,10
"815",20,19,20,21,20,19
"816",17,17,19,18,18,19
"818",17,17,12,13,9,17
"820",11,10,10,9,9,13
"821",15,15,26,25,27,17
"823",5,4,3,4,5,6
"824",20,22,20,19,21,19
"825",6,6,5,5,6,6
"826",3,4,4,5,3,5
"827",8,6,3,6,2,6
"828",13,14,10,12,9,9
"829",4,5,4,3,5,5
"830",10,9,9,10,8,7
"833",19,15,17,19,19,15
"834",6,8,10,9,7,10
"835",48,46,49,46,49,44
"836",7,4,8,5,10,10
"837",4,3,3,3,3,5
"839",21,20,22,21,22,20
"840",14,17,8,11,12,15
"842",5,4,6,3,5,4
"843",18,20,26,20,23,17
"846",8,7,7,8,6,8
"847",6,5,8,6,6,4
"849",6,4,14,14,15,10
"850",22,20,20,17,23,18
"851",11,9,13,9,11,12
"852",4,4,3,2,3,3
"854",6,7,9,6,10,5
"855",11,12,14,15,17,17
"857",23,21,13,20,16,23
"859",8,8,4,5,3,5
"860",33,30,37,36,38,32
"861",9,10,10,9,10,10
"862",23,25,22,22,25,22
"863",12,10,10,11,10,8
"867",18,18,20,19,20,18
"871",16,14,17,19,17,15
"872",15,12,10,9,10,10
"873",35,33,34,37,33,31
"874",4,5,5,6,5,5
"875",13,13,11,11,11,12
"878",9,12,8,13,10,9
"883",7,6,9,5,7,7
"884",6,4,5,11,7,8
"885",20,23,22,16,18,21
"886",8,12,9,9,8,12
"890",89,75,90,83,81,87
"891",15,16,16,16,15,11
"892",21,20,22,23,23,22
"899",30,33,29,32,28,29
"901",16,15,15,15,14,16
"902",11,16,8,13,14,14
"903",41,38,43,48,39,39
"904",22,24,25,25,25,23
"905",5,5,8,12,8,8
"906",8,9,12,12,11,10
"907",9,9,9,9,10,9
"908",5,5,7,5,6,4
"909",6,3,5,7,6,3
"910",14,12,18,14,17,14
"911",11,12,13,13,14,13
"912",36,40,28,25,32,34
"913",37,32,41,37,41,39
"916",7,8,8,6,7,7
"917",30,25,30,27,27,23
"918",26,26,26,27,18,20
"923",6,6,10,9,10,5
"924",8,11,11,12,10,14
"926",9,5,10,3,5,3
"927",13,10,8,3,5,10
"929",14,13,15,14,11,11
"930",16,16,15,17,14,17
"933",20,23,17,17,16,24
"934",4,6,6,6,6,4
"935",16,15,19,20,15,19
"936",5,5,4,6,6,8
"937",22,16,16,18,18,15
"938",7,5,6,7,4,5
"939",18,20,23,19,20,21
"940",12,11,14,9,11,11
"941",5,6,5,5,4,4
"942",4,5,2,2,2,5
"943",14,16,12,15,15,13
"944",58,51,63,54,60,50
"945",5,7,6,4,7,5
"946",15,12,14,12,16,11
"947",8,6,10,9,11,9
"949",5,8,5,7,6,9
"950",7,6,5,11,10,7
"953",13,14,11,13,15,15
"954",66,67,82,70,65,67
"955",35,31,35,31,29,35
"956",7,10,9,6,10,12
"957",58,55,62,65,63,56
"958",7,6,5,5,7,6
"959",13,13,14,16,16,12
"960",8,8,10,6,7,7
"961",38,40,40,41,40,32
"962",15,13,15,16,12,14
"963",4,4,4,3,6,6
"964",34,32,38,37,32,34
"965",10,10,16,9,14,7
"971",8,9,9,9,12,10
"973",6,8,7,8,7,7
"974",22,17,25,19,21,13
"975",8,5,7,6,5,7
"976",7,7,8,6,9,6
"977",19,15,16,13,13,16
"978",27,29,26,24,25,26
"979",13,12,15,20,15,14
"981",1,4,2,3,2,2
"982",12,11,11,6,8,13
"983",18,14,14,15,12,13
"985",4,2,2,2,2,4
"986",26,26,44,48,45,27
"988",4,4,2,6,3,4
"989",6,6,4,7,3,6
"990",35,33,38,42,40,40
"991",25,23,25,21,20,21
"992",12,13,12,15,12,13
"994",12,11,10,13,13,9
"995",34,34,34,32,34,28
"996",25,26,25,29,26,29
"998",34,33,36,37,31,32
"999",13,9,15,15,12,15
"1000",43,34,39,44,43,39
"1003",18,16,24,22,28,20
"1005",14,13,17,15,12,12
"1006",12,12,9,9,10,8
"1007",11,10,9,9,9,10
"1009",5,7,5,6,8,6
"1010",4,4,4,3,4,5
"1011",12,14,18,16,15,15
"1012",13,13,10,11,9,13
"1013",13,16,7,9,11,16
"1017",6,6,6,7,5,5
"1020",14,13,10,10,11,14
"1021",17,19,20,20,22,19
"1024",11,10,4,3,3,8
"1026",7,10,7,11,9,11
"1027",64,56,51,48,40,54
"1028",3,2,4,6,4,5
"1029",11,9,12,9,11,7
"1030",10,11,14,16,13,8
"1031",28,30,30,29,30,24
"1032",15,17,17,18,13,12
"1033",10,10,11,14,13,10
"1034",6,8,11,7,6,6
"1035",17,19,20,21,20,20
"1036",11,10,10,13,10,11
"1037",33,31,37,32,34,37
"1038",28,27,38,31,31,23
"1039",24,23,26,21,25,22
"1040",19,25,22,24,25,23
"1042",7,9,8,5,6,8
"1043",12,14,15,16,14,17
"1044",27,29,25,32,26,26
"1045",6,9,14,13,12,11
"1046",9,9,7,9,8,8
"1050",8,5,14,15,16,9
"1051",50,51,60,57,59,56
"1052",21,24,25,22,24,24
"1053",28,28,28,23,27,22
"1054",16,19,16,19,20,17
"1057",28,22,31,30,25,28
"1059",11,11,10,14,12,10
"1061",23,22,21,24,20,22
"1062",19,14,20,15,17,19
"1064",7,7,7,7,7,7
"1066",19,14,30,32,30,17
"1067",46,50,52,53,48,42
"1069",7,10,7,5,7,8
"1071",26,22,26,23,23,23
"1072",18,19,21,18,17,15
"1073",9,6,8,6,7,8
"1075",9,13,12,4,10,9
"1076",20,13,18,16,17,17
"1078",9,9,8,7,7,9
"1080",3,4,3,3,4,3
"1081",36,31,34,30,32,30
"1082",6,7,7,8,9,5
"1083",4,6,6,6,6,7
"1084",32,33,23,25,23,33
"1085",38,37,25,26,29,35
"1086",24,24,26,23,23,22
"1087",18,20,18,23,20,20
"1088",26,28,30,23,28,24
"1089",34,40,25,27,24,42
"1090",22,21,20,18,23,19
"1091",5,6,6,6,6,4
"1093",23,24,30,24,23,18
"1094",11,9,21,19,19,12
"1095",3,3,2,2,3,5
"1097",19,15,20,14,16,12
"1100",5,5,6,6,5,6
"1101",10,10,9,9,8,10
"1103",9,6,6,6,9,6
"1105",16,11,11,12,9,13
"1106",8,8,14,9,10,7
"1107",37,34,39,35,36,36
"1108",4,4,5,6,6,3
"1110",12,15,14,12,14,12
"1111",28,28,29,21,28,26
"1112",22,19,14,17,16,21
"1113",26,24,21,21,17,22
"1119",11,8,13,9,8,6
"1120",11,14,13,14,14,10
"1122",14,12,17,11,13,13
"1123",9,8,8,9,8,8
"1124",19,17,21,21,24,17
"1125",10,7,8,10,7,7
"1126",13,11,11,12,13,13
"1127",10,10,12,8,8,10
"1128",9,9,11,8,9,12
"1129",16,16,16,14,15,13
"1130",5,4,5,3,4,4
"1133",21,19,23,18,15,17
"1135",42,37,49,39,42,34
"1136",9,12,10,10,9,9
"1138",24,26,24,29,23,21
"1139",20,20,14,16,13,17
"1141",4,7,16,15,15,5
"1143",20,18,17,14,17,17
"1144",6,9,5,4,5,6
"1145",7,7,6,8,6,7
"1146",17,16,13,13,12,14
"1148",16,13,15,13,14,11
"1149",13,16,24,23,22,15
"1151",24,19,10,10,11,23
"1152",13,13,10,14,12,12
"1154",4,3,4,4,4,3
"1156",10,7,9,6,9,10
"1157",10,9,9,11,9,9
"1159",18,21,27,21,24,24
"1160",13,11,11,11,12,12
"1161",4,3,4,5,4,3
"1162",17,16,15,11,16,15
"1164",8,8,8,8,8,8
"1165",30,24,30,24,27,28
"1167",10,7,6,6,5,7
"1168",14,14,19,16,16,12
"1169",10,7,6,9,8,9
"1170",25,29,35,30,32,30
"1172",17,20,22,18,18,16
"1173",24,19,16,23,17,19
"1175",10,6,7,7,7,6
"1176",22,22,19,23,23,19
"1177",5,9,11,6,10,8
"1178",14,11,15,10,8,9
"1179",5,5,4,4,4,4
"1180",15,13,12,15,12,11
"1181",6,9,14,13,12,9
"1185",16,14,14,12,10,11
"1186",18,14,22,24,20,14
"1188",11,8,12,8,10,9
"1189",11,10,14,12,15,14
"1190",29,27,16,19,19,20
"1191",21,20,21,21,21,18
"1192",13,12,14,17,16,13
"1193",32,30,26,30,26,22
"1195",12,14,13,14,13,14
"1199",9,10,10,9,8,9
"1202",8,6,16,18,15,4
"1203",5,8,5,6,7,6
"1205",21,18,18,21,22,19
"1206",16,18,18,20,20,20
"1207",9,6,7,5,7,5
"1208",8,8,5,7,5,6
"1209",15,15,15,11,11,19
"1210",14,13,13,13,18,14
"1211",6,6,6,5,4,6
"1212",7,5,7,6,7,5
"1213",2,1,2,1,2,1
"1214",9,13,7,12,7,9
"1215",8,10,7,10,10,9
"1217",10,9,8,8,9,10
"1218",7,2,7,5,7,4
"1219",3,4,5,5,4,4
"1220",20,18,21,21,24,20
"1221",26,28,25,28,22,23
"1222",9,5,9,6,8,8
"1224",19,20,20,16,19,20
"1225",6,6,6,7,6,5
"1226",5,7,3,6,3,4
"1227",5,6,4,6,6,6
"1228",10,7,9,9,13,10
"1229",2,2,3,3,3,3
"1232",21,16,11,12,12,16
"1233",14,14,14,16,15,15
"1234",23,25,26,29,25,26
"1235",14,20,22,19,18,19
"1237",4,3,6,4,3,5
"1238",19,15,17,17,18,15
"1239",8,6,3,1,2,7
"1242",3,2,2,2,2,4
"1244",13,14,9,8,9,13
"1245",11,8,11,7,11,7
"1247",6,7,6,7,6,4
"1248",11,11,11,8,8,10
"1249",4,3,7,7,6,5
"1251",11,11,11,13,14,11
"1252",11,13,11,11,10,13
"1253",22,15,19,17,24,16
"1254",13,12,13,11,14,13
"1255",26,23,25,21,26,21
"1260",11,7,8,11,8,11
"1261",8,6,7,6,8,8
"1262",7,10,6,6,6,7
"1263",22,19,23,22,21,17
"1264",21,16,20,19,22,22
"1265",8,8,5,7,7,9
"1266",19,17,19,19,20,21
"1269",9,9,10,8,9,12
"1270",13,9,11,12,8,10
"1271",16,17,13,18,17,14
"1272",28,29,36,33,31,29
"1273",18,21,14,12,17,23
"1274",22,20,15,18,19,20
"1275",18,21,25,21,19,16
"1276",18,17,14,14,13,16
"1278",7,5,7,6,5,6
"1279",7,7,10,8,10,10
"1280",14,11,9,13,12,12
"1281",4,4,3,2,3,3
"1282",13,11,12,11,12,15
"1283",8,10,7,6,8,9
"1284",16,15,16,14,15,14
"1286",6,7,5,5,5,6
"1290",43,36,46,40,36,38
"1291",20,24,21,19,18,24
"1292",29,19,27,24,28,20
"1293",14,12,15,14,12,10
"1295",13,8,13,12,13,12
"1296",9,8,9,8,10,10
"1297",22,13,19,19,19,15
"1298",10,11,7,5,10,7
"1299",3,6,5,2,6,4
"1301",9,6,17,16,16,9
"1304",8,7,5,4,9,4
"1305",10,10,9,12,11,10
"1307",15,10,10,7,7,11
"1308",16,15,16,16,17,14
"1310",7,10,7,6,3,12
"1311",16,14,19,13,17,11
"1313",9,6,9,10,8,9
"1315",12,10,18,9,13,10
"1316",11,8,9,8,7,10
"1318",8,8,5,9,6,5
"1319",7,5,6,7,7,8
"1321",9,8,7,7,8,7
"1323",19,19,14,13,15,18
"1324",5,6,4,6,6,7
"1326",8,6,2,5,4,5
"1327",14,11,6,10,7,10
"1328",12,9,14,10,12,11
"1329",62,51,38,37,39,56
"1330",17,15,7,9,7,21
"1331",9,6,6,5,6,4
"1333",15,14,17,15,15,11
"1334",6,6,10,10,11,6
"1336",27,25,25,28,26,24
"1337",14,13,14,16,15,15
"1338",19,20,17,14,17,17
"1340",28,23,29,24,26,26
"1341",8,11,7,7,5,10
"1344",39,36,42,39,42,36
"1345",7,7,9,8,7,7
"1349",3,4,4,3,3,5
"1350",9,11,5,5,6,9
"1351",16,15,14,13,18,14
"1352",20,19,18,25,19,16
"1357",39,34,31,29,32,36
"1358",15,14,17,18,16,15
"1360",8,9,6,9,11,10
"1361",10,10,12,13,10,13
"1362",5,10,9,9,8,8
"1364",11,10,6,4,7,8
"1365",19,20,22,21,21,19
"1367",27,30,22,20,22,26
"1368",60,54,56,52,60,53
"1371",4,4,2,3,5,3
"1373",13,13,13,12,13,16
"1375",20,20,21,20,22,17
"1376",9,9,10,12,8,10
"1377",8,9,10,8,9,10
"1378",19,17,16,18,13,18
"1379",12,11,14,11,9,11
"1380",19,20,28,23,25,20
"1382",7,8,4,4,3,9
"1383",18,18,22,16,20,15
"1384",3,2,2,5,4,4
"1386",6,6,6,7,5,5
"1388",14,16,15,16,14,16
"1389",6,7,9,8,7,9
"1390",8,6,8,5,5,7
"1392",6,7,6,6,10,9
"1393",2,2,2,3,1,2
"1394",10,8,5,5,4,9
"1396",15,9,15,20,14,13
"1397",12,13,14,15,16,12
"1399",20,18,21,15,15,15
"1400",26,21,27,26,27,24
"1401",8,8,23,25,22,9
"1402",5,5,4,7,6,7
"1403",18,19,22,25,18,21
"1405",4,3,5,5,4,3
"1406",13,14,5,7,7,12
"1407",5,4,5,2,3,4
"1408",2,1,3,3,3,3
"1411",26,22,12,12,14,18
"1412",1,2,3,3,2,3
"1416",16,10,14,14,16,17
"1419",21,18,24,20,24,22
"1421",3,2,3,6,5,3
"1422",8,6,8,8,8,7
"1423",19,20,25,23,21,21
"1425",11,14,13,15,17,16
"1426",19,16,20,14,13,14
"1427",11,11,13,9,9,10
"1428",12,16,3,10,7,15
"1429",7,6,6,7,6,7
"1431",20,20,8,13,11,18
"1432",16,19,12,13,14,18
"1433",18,15,15,14,15,16
"1434",16,18,18,18,19,19
"1435",9,6,7,5,8,6
"1437",16,13,19,18,17,18
"1438",8,8,8,9,5,7
"1439",12,8,16,10,12,8
"1440",1,1,3,2,1,2
"1444",24,24,26,27,22,28
"1445",15,18,15,15,17,14
"1447",15,16,18,18,19,14
"1448",7,4,9,7,10,9
"1449",11,13,14,14,11,12
"1451",7,5,8,6,9,8
"1452",9,6,4,5,5,8
"1453",21,22,28,20,22,21
"1454",8,11,13,11,8,11
"1455",5,2,5,6,3,6
"1456",12,10,9,8,8,10
"1457",18,14,19,19,17,15
"1459",5,3,7,7,7,5
"1460",13,10,7,11,9,11
"1462",7,12,9,9,13,9
"1464",12,12,12,12,11,13
"1465",41,38,51,44,43,38
"1466",15,13,16,17,15,15
"1468",6,7,6,6,6,6
"1469",18,19,23,21,18,18
"1472",16,15,20,11,16,14
"1474",12,8,12,9,9,9
"1476",10,8,6,3,6,7
"1478",5,5,6,2,5,5
"1479",7,3,7,4,7,5
"1480",45,49,50,47,53,47
"1482",12,12,9,9,8,11
"1483",5,6,6,5,6,7
"1486",43,45,41,47,42,42
"1488",13,10,12,12,13,12
"1491",4,4,5,2,5,2
"1496",32,31,20,19,15,32
"1499",17,16,18,18,20,17
"1500",15,19,17,18,21,15
"1502",9,6,7,7,9,8
"1503",9,12,12,12,12,13
"1504",10,11,13,12,9,10
"1505",13,11,14,18,13,15
"1507",23,20,23,21,15,19
"1508",31,26,33,28,29,29
"1510",8,11,11,13,10,13
"1511",25,24,27,29,23,25
"1515",20,23,21,23,22,20
"1518",6,5,7,6,6,7
"1519",6,6,7,7,4,6
"1520",16,13,15,12,11,14
"1523",9,3,7,5,7,7
"1525",7,7,6,10,9,10
"1526",13,10,13,11,13,13
"1528",10,8,9,6,7,10
"1529",34,25,30,34,32,30
"1530",8,13,9,13,16,12
"1531",2,2,9,4,4,3
"1532",11,12,8,7,9,13
"1535",5,7,6,8,7,6
"1536",19,14,21,14,14,22
"1537",9,12,7,10,11,11
"1538",24,25,28,24,26,25
"1541",11,10,14,17,10,13
"1543",24,24,31,24,25,21
"1544",25,26,24,27,26,27
"1545",24,23,26,27,26,25
"1546",5,6,4,3,4,3
"1547",9,9,7,9,10,10
"1548",12,17,21,16,18,19
"1549",8,11,5,7,4,9
"1550",8,8,6,8,12,9
"1551",9,9,9,13,12,8
"1553",23,17,17,19,21,17
"1556",19,16,13,10,8,15
"1557",4,5,4,5,3,5
"1558",30,30,23,21,21,29
"1560",4,4,3,6,5,4
"1561",8,10,6,8,7,9
"1562",23,21,22,20,22,14
"1563",7,6,6,6,6,9
"1564",8,8,9,11,12,12
"1566",34,31,32,33,34,33
"1567",15,13,8,4,7,10
"1570",10,9,11,11,11,9
"1571",15,17,12,12,14,15
"1572",11,9,7,4,5,9
"1573",17,9,15,14,14,9
"1574",12,10,11,13,10,14
"1575",4,3,4,2,3,3
"1576",4,2,4,5,5,4
"1581",21,16,20,22,17,20
"1583",17,14,19,13,17,18
"1585",13,14,13,16,16,15
"1587",11,11,7,6,6,11
"1588",8,8,8,8,9,8
"1589",9,5,9,9,6,7
"1590",15,16,11,11,12,17
"1591",10,7,7,6,8,6
"1593",10,9,12,10,13,10
"1594",15,14,13,12,12,13
"1596",21,16,15,21,22,18
"1598",9,9,8,10,10,11
"1599",27,27,25,27,28,26
"1601",20,18,17,20,17,15
"1603",10,11,16,14,15,11
"1604",22,16,9,15,14,22
"1605",4,4,2,6,4,5
"1609",22,22,25,22,23,22
"1611",14,12,17,10,16,14
"1612",30,32,12,21,17,30
"1613",7,7,7,5,6,6
"1618",8,9,8,9,6,11
"1619",22,22,26,20,23,21
"1621",16,22,18,17,22,17
"1624",8,10,7,6,8,8
"1627",7,6,6,5,6,8
"1628",11,13,8,9,8,8
"1629",6,5,4,4,8,5
"1630",22,24,29,22,24,21
"1631",19,17,25,17,19,14
"1632",2,3,3,2,3,2
"1636",7,8,5,8,10,9
"1637",4,5,7,6,6,5
"1638",30,29,36,28,32,24
"1639",21,15,22,16,19,15
"1641",14,10,15,15,12,12
"1642",9,6,10,8,7,7
"1643",5,5,8,6,5,7
"1644",18,18,17,15,14,15
"1645",4,4,5,5,6,5
"1648",6,8,5,8,9,7
"1649",12,9,7,5,8,8
"1651",5,5,5,6,5,4
"1656",15,18,16,18,19,16
"1657",56,54,44,42,40,55
"1658",11,8,9,11,12,9
"1660",6,3,5,7,6,5
"1661",13,9,13,10,12,9
"1663",23,26,25,26,22,24
"1665",10,6,7,10,11,7
"1666",17,19,16,18,18,17
"1669",9,11,11,11,13,9
"1670",7,9,8,7,9,8
"1672",4,4,8,5,7,6
"1674",19,16,18,17,18,14
"1675",9,11,11,13,12,9
"1676",10,9,6,5,6,9
"1678",21,19,16,14,13,18
"1684",29,25,32,33,34,27
"1685",27,31,39,37,35,25
"1688",16,15,21,18,19,17
"1690",17,17,19,19,21,15
"1691",12,10,8,4,12,11
"1692",10,7,8,12,6,10
"1694",7,9,10,11,9,9
"1696",11,10,6,8,4,10
"1697",48,44,52,51,49,40
"1698",14,11,11,15,12,11
"1699",14,11,17,14,16,14
"1700",14,16,17,11,17,15
"1701",5,2,3,4,2,2
"1702",8,6,7,8,6,7
"1703",3,4,4,6,6,3
"1707",6,9,7,11,8,12
"1709",13,16,23,23,22,17
"1710",9,11,12,16,8,13
"1712",6,3,5,5,7,7
"1713",22,25,15,14,15,21
"1715",4,5,5,6,4,6
"1716",14,22,22,14,18,22
"1719",10,13,10,14,15,10
"1721",6,5,7,6,7,5
"1722",8,7,7,8,6,6
"1723",24,26,24,26,30,24
"1724",37,39,30,29,31,43
"1725",14,15,27,25,25,15
"1727",9,7,8,7,10,8
"1730",8,8,9,11,10,8
"1731",7,11,13,9,7,11
"1732",5,3,4,5,5,4
"1734",6,5,5,5,6,5
"1735",6,8,8,7,7,10
"1736",5,9,10,7,6,4
"1737",5,5,5,5,6,4
"1740",5,7,5,6,4,5
"1741",14,14,8,7,8,14
"1743",12,15,7,11,9,15
"1745",7,7,10,7,8,5
"1746",26,23,19,17,18,26
"1748",11,8,5,5,5,6
"1749",1,2,1,2,1,1
"1750",21,21,9,9,6,21
"1751",11,10,10,9,8,9
"1754",7,7,9,7,7,7
"1755",5,8,7,6,7,6
"1757",15,12,17,17,17,12
"1758",11,11,11,12,12,9
"1759",7,8,9,12,9,8
"1760",10,7,11,12,9,8
"1761",6,9,4,4,6,6
"1763",45,46,51,48,53,42
"1764",7,6,6,6,7,5
"1765",20,13,19,14,19,13
"1766",31,35,19,18,25,31
"1767",7,11,12,9,10,11
"1768",5,4,3,3,3,2
"1769",9,10,10,12,9,9
"1770",4,3,4,4,5,4
"1772",7,8,10,9,9,8
"1775",12,7,13,9,13,10
"1777",9,8,6,6,6,8
"1780",21,17,20,25,23,18
"1784",13,10,8,9,12,7
"1785",10,8,12,10,12,9
"1786",7,4,6,7,8,8
"1789",2,2,2,3,2,2
"1790",13,9,7,8,7,8
"1791",10,15,6,4,6,11
"1793",14,12,7,6,9,7
"1794",15,17,11,11,9,13
"1795",9,12,12,10,11,9
"1796",18,16,15,11,12,16
"1797",29,32,35,31,37,29
"1800",4,4,4,6,5,5
"1801",7,5,3,4,7,4
"1803",5,4,7,8,4,6
"1804",21,20,24,19,19,16
"1806",16,16,18,16,21,15
"1808",11,11,11,11,11,11
"1809",9,9,8,9,8,8
"1812",8,8,8,9,8,8
"1813",6,3,6,6,5,5
"1815",15,16,16,14,13,14
"1818",15,14,13,15,11,12
"1819",37,35,40,39,35,36
"1823",18,15,19,19,17,17
"1825",16,15,16,11,14,12
"1826",12,10,12,11,12,14
"1828",5,4,6,3,5,3
"1829",8,12,9,6,9,10
"1833",13,14,14,19,15,8
"1836",5,4,6,8,6,5
"1837",11,12,11,11,12,12
"1838",3,4,3,4,4,4
"1839",15,9,14,12,13,10
"1841",12,11,18,10,12,12
"1844",22,21,25,24,23,22
"1846",6,6,7,5,10,5
"1847",6,4,6,5,7,5
"1850",7,5,3,3,2,8
"1851",4,5,3,4,4,6
"1853",17,17,20,18,17,17
"1854",8,12,8,10,11,9
"1855",17,24,15,13,14,18
"1856",14,10,15,11,12,11
"1857",14,13,12,12,12,12
"1864",25,25,30,28,23,27
"1865",30,32,36,35,37,27
"1866",13,13,15,14,11,14
"1871",3,3,3,3,2,3
"1872",11,12,12,13,11,11
"1874",22,23,27,24,25,23
"1875",17,16,16,15,17,18
"1876",7,7,6,10,7,5
"1879",2,3,2,6,5,4
"1880",11,11,10,12,11,15
"1882",11,10,11,10,11,10
"1883",11,13,7,6,9,13
"1884",8,7,5,3,4,5
"1885",17,16,17,22,19,19
"1886",16,14,14,16,12,15
"1887",5,7,5,3,4,5
"1888",12,13,14,12,14,13
"1889",8,6,7,7,8,4
"1890",20,19,21,27,22,19
"1891",2,4,4,4,6,2
"1892",5,5,7,8,7,6
"1893",3,3,4,4,4,3
"1894",5,5,4,6,5,7
"1896",12,16,14,15,17,12
"1897",8,11,12,9,10,10
"1898",6,6,13,15,14,8
"1900",9,11,14,12,15,12
"1901",2,4,8,5,7,3
"1903",14,15,18,20,14,15
"1905",5,6,6,6,4,4
"1908",7,6,7,6,6,5
"1909",7,8,7,5,7,5
"1915",8,9,5,8,4,8
"1917",16,15,18,18,18,16
"1919",22,25,21,23,24,26
"1921",22,21,21,24,22,21
"1922",5,7,6,7,6,6
"1924",64,60,70,59,58,56
"1926",16,16,15,14,11,12
"1927",10,10,12,8,11,10
"1928",9,7,7,5,8,7
"1929",13,12,10,13,11,14
"1930",7,7,6,7,9,5
"1931",20,19,23,23,19,18
"1932",7,8,9,8,10,5
"1933",10,6,8,6,4,9
"1934",8,5,6,9,6,8
"1935",7,7,9,7,8,9
"1938",4,3,8,4,3,4
"1939",16,17,21,18,19,17
"1941",7,7,5,6,7,7
"1943",4,6,6,6,5,4
"1946",13,13,7,8,7,11
"1947",7,6,7,6,7,6
"1949",16,16,13,14,15,13
"1951",12,11,12,11,10,10
"1952",12,16,18,15,15,17
"1953",18,19,16,19,17,17
"1955",20,23,28,24,27,23
"1957",10,13,10,8,7,13
"1959",17,16,11,9,8,11
"1961",7,6,8,10,14,6
"1963",5,5,6,4,3,4
"1964",4,4,6,4,4,5
"1965",6,6,5,4,6,4
"1967",16,17,18,14,14,14
"1968",32,30,29,32,28,30
"1969",9,8,9,6,9,8
"1971",2,2,3,3,2,2
"1972",11,10,12,13,10,10
"1973",9,9,9,8,7,11
"1974",12,14,14,15,15,14
"1976",5,5,6,5,3,7
"1977",7,6,7,5,6,6
"1978",7,7,13,8,8,8
"1980",30,26,32,33,31,26
"1981",6,7,5,5,6,4
"1982",16,20,12,9,9,18
"1983",19,15,17,14,19,16
"1984",16,15,10,10,9,17
"1986",27,28,25,26,24,22
"1988",9,7,10,10,13,12
"1991",14,15,13,10,11,10
"1992",14,11,14,11,9,12
"1997",8,12,13,15,9,10
"2000",11,10,12,13,11,10
"2004",7,5,10,8,8,8
"2006",15,18,17,19,15,21
"2007",33,32,36,36,35,30
"2008",15,12,13,14,13,13
"2009",30,26,20,24,18,26
"2010",15,15,15,18,16,12
"2011",7,6,5,6,7,7
"2012",12,11,10,12,9,10
"2015",3,3,3,4,3,4
"2018",21,18,21,20,19,19
"2019",10,9,9,11,10,12
"2022",11,12,9,12,12,9
"2025",6,9,9,10,8,9
"2026",12,10,8,5,8,6
"2028",3,3,4,3,3,2
"2029",12,13,12,13,15,11
"2030",12,9,11,12,12,9
"2033",9,8,8,8,10,8
"2034",14,11,15,14,12,11
"2035",7,6,6,8,8,8
"2036",10,7,14,7,9,11
"2038",17,17,20,18,16,16
"2040",17,16,17,14,16,14
"2041",15,15,12,17,16,15
"2045",7,7,11,7,7,8
"2046",6,7,8,8,5,8
"2047",15,17,19,18,19,19
"2048",7,6,9,10,6,9
"2051",4,5,8,7,5,6
"2057",9,8,7,7,4,10
"2058",14,12,13,10,10,14
"2059",4,4,4,4,4,4
"2060",8,5,6,2,2,8
"2062",3,3,2,3,3,3
"2064",18,21,13,16,14,21
"2066",11,11,7,10,10,12
"2067",29,31,28,28,31,27
"2069",17,16,20,16,15,17
"2070",3,5,3,3,4,4
"2073",11,12,13,8,10,8
"2075",20,15,18,17,18,20
"2077",13,13,13,10,10,10
"2078",12,12,18,14,13,16
"2081",13,12,8,13,11,14
"2082",10,13,7,8,10,9
"2085",12,12,13,10,12,9
"2087",7,7,12,10,12,5
"2090",10,9,10,8,10,8
"2092",14,13,11,10,13,11
"2093",17,14,16,17,17,14
"2094",5,6,6,6,6,7
"2095",17,12,13,13,13,20
"2102",8,7,7,7,7,7
"2103",5,4,4,5,5,5
"2104",10,10,10,11,8,7
"2107",6,5,5,3,6,6
"2108",8,10,10,10,10,9
"2109",12,17,12,13,18,14
"2110",18,18,23,15,22,11
"2111",21,23,18,12,14,21
"2113",9,9,7,3,6,7
"2114",7,7,2,4,2,8
"2115",10,11,13,13,15,15
"2120",21,23,23,25,23,21
"2122",9,9,11,9,10,8
"2123",5,8,7,5,9,7
"2124",18,21,21,20,21,21
"2125",3,6,5,6,6,5
"2128",29,28,21,16,21,30
"2131",12,10,12,9,11,10
"2132",4,4,4,4,4,4
"2133",7,10,9,12,11,10
"2135",5,5,4,6,8,5
"2136",8,8,10,8,10,10
"2137",3,5,3,4,5,5
"2138",10,10,7,11,13,11
"2141",8,7,13,6,9,7
"2142",10,11,13,15,13,13
"2143",14,14,12,9,10,14
"2144",27,27,17,18,20,25
"2148",9,4,6,8,5,4
"2150",5,5,4,5,5,4
"2152",3,4,4,4,4,4
"2156",22,19,28,22,29,23
"2157",11,9,9,10,9,11
"2158",15,17,18,22,22,17
"2159",6,6,5,4,3,5
"2160",7,6,5,5,6,6
"2161",10,11,8,10,9,9
"2162",14,14,19,18,15,14
"2167",8,7,8,6,8,6
"2168",8,6,8,10,12,8
"2169",13,13,14,13,14,11
"2171",18,19,20,17,20,16
"2173",5,5,5,6,5,7
"2174",4,3,14,17,14,4
"2176",8,9,9,7,7,5
"2177",11,12,6,9,9,12
"2178",14,15,11,9,12,16
"2179",6,5,13,7,9,8
"2180",9,9,8,13,12,9
"2182",9,6,4,5,4,5
"2183",22,19,19,21,20,19
"2185",11,10,13,11,12,11
"2186",11,10,9,10,9,9
"2187",7,7,7,7,7,7
"2188",8,11,10,9,10,11
"2189",7,5,6,3,7,5
"2191",12,9,13,14,15,13
"2192",22,23,20,19,19,21
"2194",15,18,16,17,19,13
"2195",2,1,2,3,3,2
"2197",13,8,11,10,14,8
"2198",8,7,9,7,9,8
"2199",9,9,8,12,8,8
"2201",8,9,7,9,10,9
"2204",5,4,7,7,7,7
"2205",8,7,10,9,8,6
"2206",12,13,12,8,9,12
"2207",14,13,12,10,12,11
"2208",11,13,14,10,12,13
"2209",12,7,12,8,9,6
"2211",2,4,3,4,7,4
"2213",9,8,7,6,8,5
"2214",19,14,16,15,15,14
"2218",11,13,9,9,9,11
"2219",3,2,2,2,2,2
"2222",9,9,6,8,6,8
"2225",6,7,7,6,5,5
"2226",5,5,4,5,5,2
"2227",5,6,8,7,6,10
"2229",10,11,9,9,9,11
"2234",25,24,17,10,16,17
"2235",24,22,20,22,15,23
"2236",14,12,16,14,14,13
"2237",3,2,4,6,4,4
"2239",15,12,10,11,9,11
"2241",10,9,9,10,9,8
"2243",15,17,12,12,11,14
"2244",11,14,13,9,11,11
"2245",7,9,12,8,11,5
"2247",3,5,4,4,6,5
"2248",6,6,9,5,7,8
"2249",15,15,19,16,14,18
"2250",8,8,4,4,6,8
"2251",16,14,19,16,19,14
"2253",13,17,15,18,15,16
"2254",14,15,13,14,16,12
"2255",10,10,11,8,11,10
"2256",3,4,4,3,3,5
"2257",13,9,15,11,15,12
"2259",3,3,2,2,2,3
"2261",10,9,16,17,11,12
"2262",4,4,5,5,4,4
"2263",7,6,7,7,8,6
"2266",5,6,4,5,6,3
"2268",17,16,17,20,19,18
"2270",12,11,12,14,11,11
"2271",2,3,2,1,1,2
"2273",8,9,9,8,10,8
"2274",8,11,11,11,10,11
"2275",8,9,5,6,4,6
"2277",10,6,9,9,8,6
"2279",10,9,8,8,10,10
"2280",12,11,13,10,14,10
"2282",29,27,30,24,27,28
"2283",25,28,28,24,27,27
"2284",27,29,30,24,30,26
"2285",5,5,6,4,4,3
"2287",12,14,9,6,8,14
"2288",3,3,3,4,3,3
"2290",18,26,17,23,22,22
"2291",8,6,7,5,5,6
"2292",17,13,16,14,13,13
"2293",9,9,9,7,10,7
"2294",35,35,37,37,35,35
"2295",9,8,10,9,8,8
"2296",7,8,6,6,4,10
"2298",12,10,12,12,10,12
"2301",10,11,12,13,10,11
"2303",4,4,4,3,4,3
"2304",3,4,4,4,5,4
"2305",15,11,15,13,14,14
"2306",5,6,4,6,6,7
"2307",19,14,12,15,18,14
"2308",14,16,10,11,11,12
"2310",25,26,28,21,28,28
"2312",7,6,7,7,7,7
"2313",10,9,9,9,9,9
"2315",29,25,32,25,29,24
"2317",9,7,4,4,4,11
"2318",13,11,17,20,17,13
"2319",9,11,8,6,7,12
"2322",31,38,39,36,35,35
"2323",14,15,14,15,14,16
"2324",5,6,7,4,5,7
"2325",8,7,9,6,6,7
"2326",15,13,15,12,13,14
"2327",7,6,6,7,6,7
"2328",10,10,10,9,10,8
"2329",4,2,4,3,4,5
"2330",21,23,26,22,22,20
"2331",7,7,8,6,7,6
"2332",4,5,5,4,4,5
"2333",7,7,6,8,8,9
"2334",4,3,3,3,4,3
"2335",9,9,7,7,5,6
"2336",28,29,19,15,19,29
"2337",27,30,25,35,29,27
"2341",11,13,9,9,10,10
"2342",18,26,22,21,21,20
"2344",9,10,11,9,11,9
"2347",3,4,5,4,4,4
"2350",6,6,6,9,6,6
"2353",6,6,6,4,4,8
"2355",18,14,18,21,18,19
"2358",18,16,16,17,18,17
"2359",16,14,10,11,10,11
"2360",14,16,10,10,8,14
"2361",30,26,33,29,30,25
"2363",23,26,27,26,24,22
"2364",7,8,9,7,8,7
"2367",6,7,9,7,7,8
"2368",8,12,10,8,11,7
"2369",16,16,21,19,20,19
"2370",15,14,10,9,14,14
"2371",21,16,14,14,9,19
"2372",3,3,1,2,2,3
"2377",2,2,1,2,2,1
"2379",7,9,8,5,5,10
"2380",7,6,10,5,8,7
"2382",10,11,14,10,14,11
"2383",18,24,22,19,18,13
"2388",19,19,20,21,21,20
"2392",22,23,24,22,22,22
"2395",11,12,15,10,14,16
"2396",7,6,12,11,14,5
"2402",15,12,19,13,15,13
"2403",5,4,5,5,5,5
"2405",7,8,6,2,3,6
"2406",14,11,16,16,12,13
"2407",12,14,14,12,16,11
"2411",32,24,29,29,31,28
"2412",7,7,7,6,7,5
"2413",8,7,7,6,8,5
"2415",9,7,9,9,9,9
"2417",18,11,16,11,12,16
"2420",23,19,20,19,21,23
"2421",10,13,18,12,13,14
"2422",8,7,16,13,15,9
"2423",8,5,4,9,8,9
"2428",5,4,3,3,4,4
"2429",3,3,3,2,3,3
"2430",9,9,11,8,11,11
"2431",19,15,20,19,18,18
"2434",5,4,4,4,4,4
"2435",28,28,30,29,30,30
"2440",15,14,21,18,20,18
"2441",13,14,10,6,10,13
"2442",15,13,15,12,11,14
"2443",5,8,5,10,5,10
"2444",14,11,14,13,13,13
"2446",5,7,5,5,7,6
"2447",13,14,14,14,16,11
"2448",24,28,27,28,23,27
"2449",22,22,17,13,14,23
"2450",25,25,16,16,16,22
"2451",11,6,11,12,11,9
"2454",12,13,11,10,11,15
"2457",5,7,7,7,6,8
"2459",8,9,10,11,10,9
"2460",4,3,3,4,4,3
"2461",5,4,5,8,7,3
"2463",5,5,5,7,7,6
"2466",17,18,20,22,19,16
"2469",14,14,10,8,12,16
"2470",7,6,7,6,7,6
"2471",12,12,14,13,13,12
"2472",2,2,2,4,2,3
"2473",15,13,12,12,9,14
"2476",1,1,2,1,2,2
"2477",11,11,10,11,11,11
"2478",7,7,8,6,6,8
"2479",17,18,20,19,16,22
"2482",4,5,7,3,5,4
"2483",5,4,4,5,4,4
"2484",18,20,23,22,25,20
"2485",18,25,24,24,27,23
"2486",8,6,7,6,6,6
"2488",8,9,4,6,5,6
"2489",15,14,14,11,13,12
"2490",8,9,9,6,6,8
"2491",21,19,22,18,22,20
"2492",8,9,11,12,12,12
"2496",4,4,4,5,5,6
"2497",6,5,5,6,6,5
"2499",8,9,9,9,9,7
"2500",12,11,11,10,11,16
"2507",43,34,39,37,41,34
"2510",15,17,17,14,20,16
"2511",9,8,9,7,7,10
"2512",17,14,15,20,20,18
"2513",4,3,2,1,2,1
"2514",13,12,13,11,13,11
"2515",10,7,7,6,5,4
"2516",6,5,5,7,6,7
"2517",10,9,12,10,11,10
"2518",13,13,10,11,9,11
"2521",6,4,7,9,9,9
"2522",20,18,21,17,19,18
"2525",6,3,3,1,2,2
"2526",12,10,12,11,13,9
"2527",7,5,8,10,7,7
"2530",6,8,6,6,7,8
"2532",9,7,6,6,6,7
"2533",12,10,5,6,8,10
"2534",11,9,6,5,11,8
"2536",18,15,17,15,16,18
"2538",20,18,11,13,10,17
"2539",10,9,11,9,13,9
"2540",9,8,13,11,10,9
"2541",13,11,9,7,7,7
"2543",8,5,7,9,9,6
"2544",17,18,9,9,13,21
"2547",25,28,29,27,26,27
"2548",6,6,7,7,6,4
"2550",7,4,8,6,7,5
"2551",4,4,6,7,5,3
"2554",6,6,7,6,9,7
"2556",16,14,16,12,13,13
"2561",3,4,3,5,3,4
"2564",9,8,6,4,3,8
"2565",10,7,10,10,10,7
"2566",16,12,15,18,15,9
"2568",11,10,10,11,10,11
"2571",12,12,14,15,16,9
"2572",15,12,14,13,14,13
"2573",9,6,9,7,10,11
"2574",14,14,14,14,15,13
"2575",24,29,33,33,30,23
"2576",13,11,7,11,8,13
"2577",11,9,20,16,17,11
"2578",9,6,9,5,11,8
"2579",6,7,6,7,5,5
"2580",8,11,10,11,11,12
"2584",8,7,8,8,6,8
"2586",9,7,10,9,7,9
"2587",34,30,27,28,28,32
"2588",4,3,3,2,1,2
"2589",3,4,2,3,1,4
"2591",9,8,11,7,10,7
"2595",17,14,15,14,13,11
"2596",7,6,6,6,6,4
"2598",6,8,6,7,5,5
"2599",6,6,6,6,7,8
"2601",14,14,11,9,12,8
"2602",13,14,14,14,14,14
"2605",12,8,14,10,11,7
"2606",3,4,4,6,4,5
"2607",5,6,6,6,7,3
"2610",5,8,8,5,6,7
"2613",9,8,5,7,6,8
"2617",7,6,7,6,7,7
"2619",4,3,3,6,5,3
"2621",7,6,5,3,4,4
"2622",11,9,11,12,14,11
"2623",10,8,9,9,8,5
"2630",9,9,9,7,9,9
"2631",11,11,14,14,11,8
"2632",12,11,12,13,13,12
"2638",5,5,4,6,4,5
"2640",16,19,12,14,12,19
"2642",6,5,4,7,6,11
"2644",4,4,4,4,5,4
"2646",12,11,13,10,10,14
"2648",10,9,11,15,9,10
"2649",8,8,10,11,8,9
"2650",22,22,26,25,25,19
"2654",6,6,5,3,6,5
"2655",7,6,8,6,7,4
"2656",8,6,6,8,7,9
"2662",5,5,4,4,4,6
"2665",8,7,5,6,5,6
"2668",8,6,9,6,5,7
"2670",7,8,4,6,6,8
"2671",11,9,8,4,8,10
"2672",26,23,25,23,24,20
"2675",18,17,17,18,22,20
"2680",7,8,7,10,10,7
"2682",8,8,10,12,10,5
"2683",6,6,4,6,6,7
"2685",5,3,6,6,8,6
"2686",13,6,10,7,9,7
"2690",27,31,24,19,24,30
"2691",8,12,10,10,9,10
"2694",14,14,22,24,23,11
"2695",14,16,15,20,15,17
"2696",15,16,17,20,9,15
"2697",7,6,3,6,4,8
"2698",6,6,7,5,6,7
"2699",14,16,15,16,16,14
"2700",13,11,15,10,12,10
"2701",8,7,9,4,7,4
"2703",9,8,8,9,7,6
"2704",5,4,8,6,6,7
"2705",6,7,7,6,8,7
"2709",4,5,5,7,5,7
"2710",12,11,13,13,13,11
"2712",13,12,11,9,10,15
"2715",23,20,23,23,22,24
"2717",7,4,6,5,6,6
"2720",6,6,6,6,4,7
"2721",14,13,12,12,14,12
"2722",14,15,11,11,11,12
"2725",25,22,26,26,24,23
"2726",22,18,22,17,19,21
"2727",2,2,3,2,2,2
"2729",13,13,14,13,11,13
"2731",19,19,21,20,19,18
"2732",5,4,4,5,4,4
"2734",7,5,5,7,6,4
"2735",5,6,7,9,8,6
"2737",7,9,6,7,7,9
"2738",9,5,5,4,5,4
"2739",7,7,6,5,3,8
"2742",8,4,4,7,4,4
"2744",13,11,8,8,6,10
"2747",2,1,3,3,3,4
"2750",9,9,12,12,10,10
"2755",5,3,6,7,6,7
"2756",10,11,14,8,11,11
"2759",13,14,12,12,11,11
"2760",12,12,14,18,15,13
"2763",12,10,8,8,9,18
"2764",9,12,10,5,10,8
"2768",18,14,15,14,20,18
"2770",5,4,8,8,8,5
"2773",9,7,3,4,3,6
"2774",7,9,10,6,10,7
"2775",9,9,7,8,11,11
"2776",10,9,10,10,7,12
"2777",15,16,20,17,18,16
"2778",11,11,15,14,11,10
"2779",6,6,8,6,8,6
"2782",10,10,9,9,11,8
"2785",10,9,19,23,18,11
"2789",13,16,16,17,13,14
"2790",16,15,18,17,18,13
"2792",2,2,6,4,4,3
"2796",9,11,10,10,10,12
"2797",4,5,4,3,4,6
"2799",18,21,16,21,17,17
"2802",9,7,7,5,6,8
"2805",17,13,16,15,17,15
"2807",6,4,4,5,7,7
"2808",7,13,7,8,8,12
"2809",4,4,4,4,3,3
"2810",7,6,7,5,7,5
"2812",24,22,24,26,21,23
"2813",13,15,15,15,15,15
"2817",8,7,7,6,6,8
"2818",24,30,31,33,26,24
"2820",9,13,13,13,9,10
"2824",18,16,18,15,10,17
"2826",8,8,9,7,8,8
"2827",6,4,5,7,4,5
"2829",3,4,2,2,1,2
"2830",6,4,5,5,3,5
"2832",27,23,16,15,18,24
"2833",6,7,10,9,10,10
"2836",10,14,10,9,11,9
"2838",4,4,6,6,4,4
"2839",13,13,15,16,14,12
"2841",10,9,9,14,13,11
"2842",5,7,6,8,6,5
"2843",10,9,11,10,9,7
"2845",5,4,5,4,5,5
"2850",10,10,9,9,5,8
"2852",16,17,15,15,19,16
"2854",8,7,7,7,7,9
"2868",17,14,17,18,16,13
"2869",7,6,9,8,11,10
"2871",8,7,8,8,9,5
"2873",8,8,6,7,6,8
"2875",8,8,9,6,9,8
"2877",8,9,9,11,12,9
"2879",7,8,7,7,7,7
"2880",5,6,5,6,3,6
"2881",8,7,8,8,7,7
"2884",8,9,12,13,10,9
"2885",11,10,11,9,9,10
"2886",1,1,1,1,1,1
"2887",10,13,11,12,15,14
"2889",13,10,10,6,8,10
"2890",8,12,8,6,11,11
"2891",13,10,7,11,8,13
"2892",4,4,5,4,4,4
"2897",13,8,15,8,11,8
"2898",19,17,14,13,10,15
"2899",11,11,9,6,10,9
"2904",8,8,7,8,9,8
"2906",10,9,8,10,10,8
"2907",12,13,13,15,12,13
"2909",11,13,12,14,9,10
"2911",5,5,5,3,4,4
"2912",35,36,37,39,36,36
"2913",8,9,9,10,8,9
"2915",5,5,3,3,5,5
"2916",4,4,4,4,4,5
"2917",25,27,28,24,25,27
"2919",4,4,3,5,3,3
"2924",11,7,11,8,8,10
"2928",16,18,17,20,16,17
"2930",3,5,6,6,6,5
"2933",3,3,2,3,3,3
"2935",3,2,4,5,1,2
"2942",16,14,17,15,18,17
"2944",2,2,2,2,4,2
"2946",18,13,15,20,20,17
"2949",6,5,6,5,6,5
"2952",4,5,7,6,7,9
"2954",13,13,8,6,7,11
"2956",3,6,5,5,6,5
"2957",11,12,11,10,7,10
"2958",8,9,7,9,10,13
"2959",6,4,4,4,4,5
"2963",12,11,12,13,11,9
"2964",10,9,8,7,11,8
"2965",6,9,8,5,6,8
"2968",8,9,10,8,7,9
"2970",12,12,11,7,12,18
"2975",6,8,5,7,6,7
"2976",4,8,9,7,5,4
"2977",6,5,4,5,5,7
"2978",10,9,9,9,11,7
"2979",15,14,16,17,14,14
"2982",6,4,5,4,6,4
"2986",8,6,8,6,6,6
"2987",2,2,4,4,3,3
"2992",13,13,16,12,14,13
"2994",9,10,9,8,8,5
"2996",9,4,6,6,8,6
"2997",20,18,19,20,20,20
"3000",24,26,24,26,31,25
"3001",15,13,7,9,9,13
"3004",12,8,13,10,12,11
"3005",8,6,6,3,5,6
"3009",12,12,11,10,10,13
"3012",16,11,11,9,10,17
"3018",10,9,11,8,8,8
"3022",12,8,8,4,8,8
"3025",5,5,6,3,2,3
"3026",33,32,32,32,30,29
"3027",10,15,18,12,13,13
"3029",9,10,5,6,4,6
"3030",13,17,12,11,13,16
"3031",10,8,7,7,8,6
"3032",6,7,6,8,3,9
"3033",7,10,8,11,6,8
"3035",3,4,3,4,3,4
"3037",7,6,9,8,6,4
"3044",2,4,4,2,3,3
"3047",10,9,11,12,10,9
"3048",9,8,8,8,4,8
"3049",8,11,8,5,6,10
"3050",9,11,6,9,9,12
"3054",7,7,7,7,7,8
"3057",14,13,13,13,15,13
"3058",5,4,6,6,5,6
"3060",5,4,5,5,5,4
"3061",11,9,9,10,9,9
"3064",9,12,9,12,11,9
"3067",8,4,5,5,6,5
"3068",13,9,11,8,11,7
"3069",9,6,6,7,5,9
"3070",10,11,9,9,8,11
"3073",4,4,4,4,3,3
"3074",12,13,16,17,16,15
"3075",13,12,14,11,13,12
"3080",20,21,16,19,18,24
"3082",4,6,5,7,6,5
"3091",5,4,3,3,4,4
"3092",6,6,5,3,5,6
"3093",4,4,5,4,4,4
"3095",12,11,14,16,16,13
"3096",4,5,7,6,5,5
"3098",9,6,13,10,11,10
"3099",4,7,4,5,6,6
"3102",9,9,11,7,7,6
"3105",4,4,4,5,3,3
"3107",8,9,7,8,9,6
"3109",7,6,7,5,8,6
"3112",12,8,14,10,13,10
"3115",16,11,9,7,8,12
"3117",8,6,7,10,7,7
"3118",8,8,8,6,9,11
"3120",11,14,14,15,14,13
"3122",9,8,6,8,6,7
"3123",12,11,9,8,10,12
"3130",7,8,9,8,8,8
"3131",8,10,8,10,11,10
"3133",2,1,3,2,2,3
"3134",6,4,4,6,7,6
"3135",4,5,7,4,5,5
"3136",11,13,12,15,16,17
"3137",13,9,15,11,12,7
"3138",1,5,5,3,3,3
"3140",16,14,16,15,12,15
"3145",24,20,14,12,14,21
"3147",4,4,3,3,4,5
"3148",13,11,15,13,13,13
"3150",9,10,5,9,8,8
"3151",4,5,3,3,6,4
"3152",16,18,21,20,20,17
"3153",3,5,11,14,13,2
"3158",6,7,7,8,8,6
"3159",5,5,4,3,3,3
"3161",6,5,6,7,6,6
"3162",5,8,3,3,5,7
"3164",16,14,16,14,15,12
"3167",5,5,7,6,6,5
"3169",8,7,7,6,4,7
"3170",12,13,9,7,4,16
"3174",15,15,14,17,15,13
"3175",9,14,8,8,13,12
"3178",3,3,3,4,4,5
"3179",7,7,8,7,5,5
"3180",14,14,13,13,12,17
"3181",10,10,10,11,11,9
"3183",8,6,6,5,5,6
"3184",10,9,13,9,12,9
"3186",5,4,2,2,3,3
"3190",5,5,7,7,7,4
"3191",8,7,5,3,5,5
"3194",5,6,6,8,5,5
"3195",13,12,14,12,13,12
"3199",6,6,4,4,4,5
"3202",4,5,4,4,5,6
"3203",2,4,5,3,3,3
"3205",12,9,9,9,12,8
"3206",11,11,12,15,9,14
"3209",9,11,10,10,11,7
"3210",6,7,6,7,6,9
"3212",2,7,2,4,2,1
"3213",7,5,7,3,6,7
"3214",6,4,5,5,5,4
"3216",9,9,3,5,6,10
"3221",6,6,5,5,5,5
"3225",3,3,2,1,1,1
"3226",20,20,13,17,13,22
"3228",4,5,4,3,4,6
"3229",3,4,3,7,4,4
"3233",7,7,4,3,2,7
"3234",14,13,13,11,10,8
"3240",4,3,3,4,2,3
"3241",11,8,9,7,6,8
"3244",10,8,12,10,9,8
"3248",7,7,3,7,7,6
"3250",6,5,8,7,5,6
"3251",12,8,8,10,11,12
"3252",7,9,7,6,8,5
"3253",7,6,7,6,5,7
"3254",9,9,9,8,8,8
"3257",10,15,11,11,8,12
"3260",9,13,6,9,4,15
"3261",3,3,3,3,3,3
"3262",5,8,7,6,5,6
"3265",3,5,6,3,5,3
"3266",7,3,10,7,7,4
"3267",13,10,11,9,9,9
"3268",1,4,2,3,2,4
"3270",10,10,10,10,7,13
"3271",14,11,6,10,11,12
"3275",8,7,5,4,5,6
"3279",15,14,16,17,20,16
"3281",7,7,3,3,4,6
"3283",3,3,3,3,3,3
"3285",5,3,5,4,6,7
"3286",6,7,5,5,7,8
"3295",11,12,9,6,8,12
"3303",3,3,4,4,3,2
"3304",5,6,5,5,5,5
"3308",8,7,6,5,7,9
"3310",9,7,13,9,9,7
"3311",8,7,6,7,6,7
"3312",9,8,9,10,10,10
"3314",9,7,11,12,15,8
"3315",13,10,13,13,15,9
"3319",12,12,7,14,9,12
"3321",6,8,11,10,10,3
"3324",18,18,22,24,21,22
"3332",8,10,14,19,19,8
"3334",6,6,6,6,5,5
"3335",5,8,8,6,7,6
"3338",9,7,7,5,9,9
"3345",15,16,16,19,14,14
"3352",11,9,7,8,6,7
"3354",2,1,1,1,1,1
"3355",9,6,11,10,9,6
"3361",8,5,9,9,10,7
"3362",16,12,8,6,9,17
"3363",2,5,8,6,9,5
"3364",8,10,8,12,9,13
"3369",5,7,5,6,6,5
"3371",9,8,10,7,8,8
"3372",22,23,27,26,23,25
"3374",2,2,5,3,4,5
"3376",8,8,7,10,11,7
"3377",4,4,4,4,3,4
"3382",10,9,8,3,5,8
"3383",4,4,6,7,6,7
"3393",8,5,10,5,7,6
"3397",6,4,4,5,6,5
"3399",7,6,6,6,6,6
"3401",12,12,4,6,9,17
"3402",6,3,10,11,9,3
"3404",11,10,13,9,12,9
"3409",11,11,12,11,9,7
"3410",5,5,8,7,8,6
"3412",9,7,8,8,7,9
"3415",13,12,11,11,8,10
"3416",17,11,14,12,12,15
"3419",4,4,6,4,5,4
"3422",12,11,10,11,12,7
"3424",5,3,6,6,5,4
"3425",6,4,5,3,5,3
"3426",4,4,3,4,3,5
"3427",3,4,4,3,3,4
"3428",4,6,7,6,6,6
"3436",8,11,17,11,14,10
"3441",17,12,16,12,13,11
"3443",5,6,7,6,7,6
"3446",8,8,9,8,10,5
"3448",15,14,17,18,17,12
"3451",5,9,8,9,5,7
"3453",5,3,4,5,3,3
"3456",5,5,5,5,5,5
"3458",20,21,23,23,22,20
"3459",10,12,12,9,14,9
"3465",5,5,5,5,4,5
"3469",11,12,5,6,6,11
"3470",3,4,3,4,4,4
"3472",6,6,7,8,7,7
"3478",8,6,3,2,3,7
"3479",9,15,13,16,17,11
"3481",14,18,7,10,11,14
"3482",7,8,5,4,6,9
"3484",4,3,3,4,3,3
"3486",4,4,3,7,7,7
"3488",13,10,12,12,11,11
"3489",11,7,9,12,12,8
"3494",12,14,4,6,7,11
"3495",5,6,5,9,6,6
"3498",6,5,6,9,7,8
"3499",7,6,5,3,5,6
"3501",5,4,5,3,5,3
"3502",3,5,5,3,3,4
"3506",5,5,7,7,6,6
"3508",7,4,6,5,6,7
"3511",7,6,6,6,7,6
"3513",8,11,9,10,8,8
"3514",13,12,15,10,14,9
"3515",18,19,18,18,19,17
"3517",6,7,8,6,7,5
"3518",4,4,5,5,5,4
"3519",6,5,5,4,6,7
"3531",13,12,15,12,10,12
"3533",11,8,10,12,7,12
"3537",4,5,5,5,8,7
"3543",10,9,7,12,5,11
"3544",5,5,3,2,4,4
"3545",4,8,4,6,4,6
"3547",2,2,1,1,2,1
"3548",4,7,5,4,8,7
"3550",7,8,3,6,8,8
"3551",14,14,9,9,9,14
"3554",17,12,19,17,17,13
"3558",15,11,12,12,10,10
"3560",13,13,10,11,10,12
"3562",7,6,7,7,11,8
"3563",5,6,10,5,8,6
"3564",3,1,3,2,2,2
"3566",4,3,4,5,4,2
"3568",3,4,4,3,4,3
"3572",8,9,7,9,10,9
"3575",9,4,2,2,1,4
"3576",13,11,16,14,14,11
"3578",8,7,9,8,8,8
"3580",8,10,6,6,7,8
"3582",7,11,9,11,11,8
"3583",7,10,5,6,8,7
"3585",3,3,3,3,5,3
"3586",6,5,7,5,9,6
"3588",4,5,4,6,5,3
"3589",6,6,5,9,11,9
"3592",16,15,18,19,16,17
"3594",4,5,5,5,5,3
"3599",13,12,8,11,8,13
"3600",12,12,14,13,12,14
"3604",3,2,6,6,6,2
"3613",7,9,11,12,9,7
"3614",6,4,4,6,6,5
"3616",7,4,7,5,6,7
"3617",7,7,4,4,4,5
"3618",23,16,10,5,7,18
"3619",5,5,4,2,4,5
"3622",13,14,17,15,14,13
"3626",6,7,7,7,8,7
"3628",3,4,3,6,5,3
"3631",7,5,8,7,5,6
"3632",4,4,4,5,7,4
"3635",20,20,18,20,17,16
"3637",2,2,2,2,3,2
"3641",8,8,8,9,7,9
"3642",14,12,10,8,11,11
"3643",9,7,10,5,11,4
"3648",11,9,13,8,12,10
"3649",11,14,12,16,12,13
"3652",8,5,8,7,8,7
"3657",11,10,10,9,10,8
"3658",10,8,9,5,8,8
"3660",6,5,8,5,5,6
"3664",10,7,10,9,9,9
"3668",3,2,3,4,5,3
"3675",8,6,7,6,9,6
"3677",3,3,3,4,3,4
"3679",5,6,4,7,7,5
"3685",10,7,9,7,13,9
"3687",12,14,12,13,8,15
"3691",7,8,11,9,10,9
"3692",2,2,5,4,4,5
"3695",8,6,7,6,5,7
"3696",10,8,5,6,6,7
"3698",12,9,7,7,8,8
"3699",15,11,10,11,10,14
"3702",6,8,9,7,10,10
"3714",8,6,4,4,5,7
"3720",5,4,5,6,8,6
"3722",6,8,4,4,5,7
"3725",9,10,8,11,8,10
"3726",5,5,5,3,8,9
"3730",11,9,10,11,12,11
"3733",3,3,5,5,3,5
"3740",11,12,8,9,12,10
"3748",16,15,22,16,18,17
"3749",7,7,7,8,7,8
"3750",3,2,3,1,3,5
"3752",5,6,8,6,9,6
"3753",8,10,9,9,10,10
"3754",9,8,9,8,9,10
"3760",9,8,6,6,5,7
"3763",6,9,9,9,9,7
"3764",9,12,7,7,10,8
"3765",4,1,2,3,2,2
"3766",5,4,4,4,4,4
"3772",3,3,3,3,3,3
"3774",1,1,1,1,2,1
"3778",12,12,14,14,13,12
"3790",6,5,5,3,4,4
"3792",7,7,7,9,9,8
"3796",13,13,7,6,7,14
"3797",8,5,5,7,6,8
"3798",8,5,6,5,7,4
"3799",7,7,6,5,7,9
"3806",14,15,15,13,15,13
"3807",7,7,7,5,6,4
"3810",8,5,5,8,7,6
"3813",7,5,6,4,6,6
"3815",12,9,10,11,10,11
"3837",9,7,9,9,8,8
"3839",11,12,10,9,8,9
"3840",8,5,10,9,8,6
"3843",8,7,8,7,5,6
"3844",6,5,3,6,3,8
"3847",8,7,6,7,7,5
"3848",6,6,5,5,6,5
"3851",14,13,7,8,4,11
"3853",17,18,13,9,9,16
"3857",6,5,6,5,5,5
"3860",4,5,3,6,3,5
"3861",8,8,8,8,6,7
"3864",4,4,5,4,4,4
"3865",15,15,12,18,16,17
"3866",6,8,3,3,2,7
"3867",3,6,7,4,8,7
"3868",3,3,3,2,4,2
"3870",8,7,5,5,5,8
"3873",3,3,4,3,3,3
"3881",9,6,4,5,6,5
"3882",3,3,4,4,4,2
"3889",4,2,2,2,3,2
"3893",1,1,1,2,1,2
"3894",15,17,11,11,9,16
"3898",5,6,5,4,5,5
"3900",8,5,8,10,10,11
"3902",3,3,3,3,3,3
"3904",2,5,4,5,6,4
"3908",4,4,5,4,4,4
"3911",4,5,7,5,6,5
"3913",11,9,12,9,10,8
"3916",4,5,3,4,1,3
"3918",7,7,9,7,5,5
"3920",12,9,11,10,10,9
"3925",7,6,6,7,8,9
"3926",11,7,10,11,11,9
"3928",2,2,2,2,2,2
"3931",15,6,6,8,9,7
"3933",5,3,4,3,4,3
"3938",8,6,6,4,6,4
"3943",10,12,13,10,11,13
"3944",4,5,5,5,5,5
"3946",3,2,3,2,3,2
"3954",12,12,13,14,13,10
"3955",9,9,13,9,12,8
"3956",7,8,11,8,7,11
"3957",3,3,2,3,3,3
"3960",8,8,7,7,7,7
"3972",5,5,5,6,6,6
"3985",5,6,5,5,5,6
"3989",4,5,4,4,3,4
"3991",6,1,3,2,4,3
"3996",8,8,5,9,5,8
"3998",13,15,7,5,6,13
"3999",9,8,9,6,10,11
"4008",3,5,4,4,3,3
"4011",4,7,6,6,3,6
"4015",5,5,4,4,5,5
"4016",12,10,7,3,5,5
"4018",10,10,9,11,9,9
"4020",7,9,8,9,8,10
"4021",9,11,7,6,5,6
"4023",6,7,6,6,6,6
"4025",10,14,10,9,12,14
"4026",2,1,4,5,5,2
"4030",14,12,13,11,11,15
"4037",8,7,9,7,8,6
"4041",4,3,3,1,3,5
"4044",5,6,8,9,6,8
"4048",5,5,4,4,4,5
"4052",4,4,5,4,5,3
"4053",6,5,7,4,6,5
"4054",5,4,6,3,4,5
"4055",5,6,5,6,5,5
"4058",8,9,8,8,7,9
"4063",15,14,11,12,12,12
"4064",3,3,2,3,3,3
"4069",3,2,5,4,4,5
"4071",5,5,2,2,4,4
"4073",12,11,8,6,6,11
"4074",4,3,3,3,3,2
"4076",6,8,15,11,8,9
"4082",7,8,7,7,8,7
"4085",9,6,8,9,8,10
"4088",7,6,8,7,6,8
"4089",6,4,7,6,7,6
"4092",11,8,15,14,14,9
"4096",3,2,3,3,3,3
"4104",5,7,8,9,5,7
"4105",4,3,3,3,4,3
"4112",5,7,7,4,6,5
"4113",3,3,3,3,3,4
"4114",6,3,4,4,3,4
"4115",3,1,5,6,5,4
"4116",7,7,5,6,4,5
"4117",11,10,15,14,16,13
"4120",20,20,13,12,11,16
"4121",8,6,7,6,5,5
"4124",3,3,3,2,3,2
"4137",4,3,5,5,5,3
"4139",4,3,4,3,3,3
"4141",11,12,6,7,9,11
"4142",6,2,7,4,4,4
"4143",9,8,8,10,8,10
"4145",11,11,9,10,11,10
"4149",7,6,6,5,6,6
"4157",11,9,10,11,9,11
"4158",5,5,4,2,2,4
"4160",2,1,2,1,1,1
"4163",7,7,8,6,5,5
"4164",14,14,12,12,12,11
"4168",5,5,4,5,4,4
"4170",1,1,1,1,1,1
"4171",3,2,4,4,4,4
"4173",2,5,4,4,2,4
"4178",6,3,4,4,2,4
"4180",5,5,4,4,6,4
"4184",2,2,1,1,1,2
"4186",11,10,12,10,14,13
"4189",4,3,9,9,4,3
"4190",9,11,10,13,12,10
"4195",1,1,1,2,1,1
"4208",4,4,5,9,7,4
"4216",8,9,8,7,8,7
"4218",4,5,8,5,4,4
"4231",3,2,7,6,7,2
"4252",4,3,2,2,2,4
"4258",7,6,6,6,7,7
"4259",5,4,5,5,5,5
"4262",6,3,2,5,4,3
"4271",7,6,3,5,4,7
"4272",12,10,15,12,13,7
"4273",7,8,6,4,5,7
"4276",1,4,3,5,5,4
"4284",5,5,5,5,5,5
"4290",8,7,9,8,7,6
"4291",2,4,4,4,3,6
"4295",11,12,13,13,11,13
"4297",8,10,11,10,11,9
"4305",8,6,9,7,6,6
"4308",6,4,9,8,6,5
"4309",7,8,11,5,7,6
"4310",4,3,4,5,4,5
"4314",5,9,8,7,7,7
"4317",6,5,8,7,7,4
"4318",4,7,4,5,5,6
"4321",7,8,7,5,4,5
"4326",9,12,14,13,15,12
"4338",2,3,3,3,3,4
"4345",6,7,6,9,8,8
"4349",6,5,3,3,5,2
"4357",16,16,8,10,7,8
"4361",4,8,4,4,5,5
"4366",11,11,6,7,7,8
"4368",12,11,12,12,11,8
"4372",6,4,3,4,4,4
"4373",5,7,4,5,6,8
"4375",12,8,11,7,9,6
"4378",5,7,7,7,8,7
"4387",1,1,1,1,1,1
"4392",7,5,8,10,9,6
"4394",5,7,4,10,7,6
"4396",5,6,5,4,6,4
"4400",7,5,7,5,9,8
"4402",9,7,8,7,10,7
"4406",8,4,3,5,4,8
"4409",6,4,3,4,4,6
"4415",3,3,4,5,5,3
"4417",3,3,3,3,3,2
"4421",5,3,4,4,5,4
"4426",14,15,15,15,14,17
"4436",2,3,2,1,4,2
"4440",5,8,5,5,5,7
"4441",5,9,9,7,6,8
"4451",2,2,2,2,2,2
"4455",11,8,8,9,9,9
"4457",4,5,4,4,5,4
"4463",6,6,7,9,8,4
"4464",2,2,1,3,3,1
"4468",3,3,4,4,2,3
"4475",10,9,13,12,11,8
"4477",6,3,8,9,4,5
"4483",3,3,3,4,3,4
"4486",4,6,3,3,3,4
"4487",3,3,3,3,3,3
"4491",1,1,1,1,1,1
"4493",4,3,6,6,4,4
"4497",3,1,3,2,1,3
"4510",2,1,2,2,2,1
"4512",9,11,9,8,8,11
"4513",9,9,6,7,7,9
"4514",7,10,8,8,8,5
"4515",5,5,6,2,4,4
"4518",10,11,7,10,15,6
"4520",4,4,5,3,3,3
"4524",6,5,3,5,3,5
"4533",3,3,3,4,3,4
"4540",3,4,3,4,3,3
"4543",6,4,9,6,4,7
"4545",10,9,8,10,9,8
"4547",5,6,6,4,5,6
"4549",9,4,7,7,7,5
"4551",2,4,4,3,5,5
"4561",6,6,7,7,5,8
"4564",5,8,7,11,6,9
"4569",11,12,11,13,12,12
"4570",4,3,3,2,3,4
"4571",6,6,5,5,8,5
"4572",5,6,4,4,5,8
"4584",9,9,8,10,10,9
"4594",5,9,9,10,7,6
"4597",3,5,4,4,3,5
"4602",9,6,3,3,3,8
"4605",7,6,5,6,6,7
"4610",9,7,9,7,6,6
"4613",10,10,8,7,7,10
"4614",9,9,9,10,9,8
"4617",2,4,1,3,3,3
"4620",4,4,4,4,5,4
"4621",4,4,4,4,4,4
"4629",4,4,4,4,4,4
"4630",7,8,10,8,7,9
"4631",9,9,8,5,8,9
"4647",7,7,7,8,7,8
"4650",5,3,6,6,5,5
"4652",5,7,5,7,7,7
"4653",6,7,3,3,4,6
"4655",6,9,9,7,5,7
"4659",7,6,3,7,4,6
"4662",2,4,2,2,3,2
"4668",7,7,8,8,9,7
"4670",7,6,8,9,8,7
"4676",12,13,10,7,7,11
"4680",3,5,3,3,2,5
"4706",5,6,4,4,4,5
"4718",2,4,3,5,4,6
"4719",8,9,8,7,8,10
"4722",4,5,5,7,6,8
"4725",4,4,6,4,6,4
"4728",1,2,1,1,1,2
"4744",3,3,3,2,4,3
"4755",4,1,2,4,4,3
"4756",3,6,5,5,8,5
"4758",3,3,4,4,4,2
"4764",4,3,3,4,3,4
"4775",6,7,5,4,6,5
"4782",2,3,1,1,2,2
"4784",7,6,4,1,3,5
"4789",3,5,4,5,3,4
"4792",1,1,1,2,2,1
"4794",1,1,2,1,2,2
"4795",7,3,7,8,4,3
"4797",5,4,5,5,5,4
"4800",6,3,4,5,4,5
"4823",2,2,2,3,2,2
"4841",4,4,5,2,4,5
"4845",2,2,2,2,1,2
"4854",2,1,5,3,4,3
"4855",3,4,4,5,4,3
"4857",5,8,10,8,4,7
"4859",5,11,8,7,4,3
"4865",3,3,4,5,2,4
"4869",5,4,4,5,3,6
"4879",7,8,9,4,8,8
"4881",5,4,5,6,5,4
"4911",10,8,9,8,6,8
"4915",1,2,2,3,3,3
"4932",8,5,6,6,7,5
"4934",4,4,4,7,7,6
"4943",1,3,2,4,2,1
"4944",5,4,7,7,4,5
"4952",5,6,5,3,3,6
"4953",4,5,6,5,6,8
"4988",6,7,7,6,6,6
"5011",5,5,3,6,3,6
"5023",6,5,8,6,7,6
"5025",7,7,5,7,5,8
"5038",3,3,1,1,1,3
"5051",3,4,2,4,2,3
"5053",8,5,5,4,5,4
"5055",4,6,6,6,7,5
"5058",2,3,2,2,2,2
"5059",1,2,1,2,2,2
"5061",5,5,5,5,2,3
"5064",11,8,8,8,8,11
"5072",4,4,4,4,4,5
"5073",2,4,3,4,3,2
"5091",2,2,3,2,2,2
"5095",4,4,4,3,4,4
"5101",1,2,2,2,2,2
"5102",1,1,1,1,1,1
"5104",6,6,7,6,8,7
"5118",3,3,2,3,3,3
"5122",7,8,10,11,7,8
"5136",2,4,4,4,5,4
"5137",2,2,2,2,5,2
"5138",2,3,2,3,1,3
"5141",4,5,6,6,7,6
"5150",8,8,9,8,5,8
"5151",5,5,9,5,6,5
"5156",4,3,3,4,3,4
"5158",5,3,3,3,4,5
"5162",9,7,8,5,8,8
"5168",3,3,3,4,5,3
"5173",2,2,1,1,1,1
"5176",1,1,1,1,1,2
"5179",1,1,1,1,1,2
"5180",9,5,8,8,8,8
"5181",5,4,5,4,5,3
"5191",5,5,6,8,6,5
"5192",4,4,5,3,4,3
"5199",1,3,1,2,1,1
"5211",3,3,4,4,3,2
"5215",4,4,2,5,4,4
"5222",6,4,5,3,4,3
"5234",1,2,3,2,1,1
"5235",5,4,4,3,3,4
"5238",1,2,1,1,2,1
"5249",3,3,4,4,3,3
"5251",1,1,1,1,1,1
"5258",8,4,5,6,3,7
"5266",6,5,4,4,4,5
"5273",6,6,7,7,6,5
"5274",3,2,4,4,5,2
"5288",2,2,1,1,2,2
"5293",3,3,3,3,3,3
"5310",1,1,1,1,1,1
"5318",2,5,7,4,5,6
"5323",1,2,3,2,2,2
"5330",3,1,3,3,2,2
"5340",3,3,3,3,3,2
"5342",2,2,1,2,3,3
"5344",4,5,6,6,6,6
"5359",4,6,5,3,8,7
"5366",3,3,4,3,4,3
"5374",3,3,2,2,1,3
"5378",3,5,5,4,4,5
"5383",2,2,1,3,3,4
"5385",6,9,6,5,6,7
"5395",4,2,3,2,4,2
"5411",6,5,5,5,6,2
"5437",1,1,1,1,2,3
"5520",4,4,4,4,4,5
"5521",4,4,4,5,4,4
"5522",3,1,3,1,3,2
"5550",2,2,2,2,2,2
"5551",6,5,4,4,2,6
"5576",4,5,4,3,1,5
"5596",3,4,3,4,2,5
"5621",2,3,3,3,2,3
"5651",1,1,1,2,1,1
"5701",2,2,2,3,3,1
"5703",1,1,1,1,1,1
"5706",5,4,6,4,5,5
"5734",2,2,4,1,2,1
"5822",1,1,1,1,1,1
"5823",1,1,1,1,1,1
"5829",1,2,1,1,1,1
