"","number_of_peptides_A_3","number_of_peptides_B_3","number_of_peptides_A_1","number_of_peptides_B_2","number_of_peptides_A_2","number_of_peptides_B_1"
"1",106,76,98,75,98,76
"2",85,94,88,89,83,84
"3",79,86,69,81,74,75
"4",77,85,68,80,73,76
"5",94,90,84,85,85,88
"6",93,70,84,66,81,65
"7",77,78,72,77,67,76
"8",80,91,78,84,77,84
"9",80,86,78,77,75,76
"10",78,87,75,81,76,82
"11",71,81,74,76,65,68
"12",68,70,62,69,63,68
"13",77,61,76,56,75,62
"14",76,59,73,58,73,57
"15",62,73,60,65,70,69
"16",75,71,69,69,72,71
"17",63,65,61,71,60,65
"18",68,78,66,71,68,74
"19",72,65,62,66,65,64
"20",69,72,63,74,66,72
"21",71,59,61,44,62,55
"22",64,67,65,57,67,63
"23",56,60,49,56,49,53
"24",56,54,55,54,56,58
"25",55,46,57,39,57,40
"26",61,67,56,61,52,57
"27",66,55,69,47,63,55
"28",64,69,61,65,61,58
"29",50,52,48,49,40,52
"30",64,55,61,43,59,51
"31",60,57,49,56,55,54
"32",46,48,37,45,44,45
"33",65,53,51,53,48,48
"34",64,53,66,53,54,52
"35",63,66,53,57,56,52
"36",47,49,43,46,50,49
"37",50,49,52,54,49,53
"38",48,53,49,55,43,54
"39",56,47,61,47,59,45
"40",58,39,51,41,52,44
"41",55,36,53,38,56,37
"42",43,51,47,48,40,43
"43",44,43,39,48,42,44
"44",44,56,39,47,39,48
"45",46,45,51,43,49,47
"46",51,54,39,44,44,42
"47",51,59,53,50,49,48
"48",50,54,47,54,47,55
"49",46,51,41,45,39,44
"50",49,34,48,32,49,34
"51",48,49,51,48,43,42
"52",44,47,44,49,37,41
"53",52,43,54,40,49,45
"54",44,45,40,42,40,47
"55",47,35,49,28,47,35
"56",40,52,36,41,38,48
"57",30,32,28,31,34,30
"58",47,38,41,35,40,32
"59",38,46,36,38,35,39
"60",47,34,47,28,38,34
"61",44,47,39,41,44,40
"62",44,42,46,45,45,45
"63",35,44,34,38,37,44
"64",42,44,40,40,41,43
"65",39,38,42,36,40,38
"66",44,50,38,44,42,47
"67",43,28,43,28,40,27
"68",43,47,41,46,42,44
"69",45,29,41,26,40,22
"70",40,34,34,38,35,39
"71",42,34,44,29,40,33
"72",38,34,26,28,35,26
"73",35,40,32,35,33,39
"74",36,42,38,39,35,43
"75",36,39,33,37,32,38
"76",33,35,32,34,32,35
"77",35,37,38,37,37,42
"78",31,38,28,36,32,35
"79",33,42,34,42,30,37
"80",34,41,37,38,40,41
"81",23,40,21,41,22,44
"82",37,36,32,36,33,34
"83",31,31,33,35,30,39
"84",34,37,34,34,34,35
"85",34,35,44,30,35,30
"86",35,32,34,38,32,38
"87",29,34,32,38,36,32
"88",31,35,30,32,33,29
"89",36,34,32,37,30,32
"90",44,30,38,27,35,27
"91",31,32,30,35,27,35
"92",42,37,44,37,43,37
"93",32,33,27,29,31,29
"94",37,37,33,36,29,39
"95",37,47,36,35,36,37
"96",34,34,30,33,30,33
"97",41,23,39,23,33,31
"98",37,28,34,24,32,20
"99",37,36,32,37,31,33
"100",31,33,28,34,31,33
"101",37,30,31,26,35,28
"102",34,28,28,28,25,28
"103",33,35,41,29,33,30
"104",32,38,33,38,29,36
"105",34,33,31,32,28,30
"106",28,33,28,31,26,25
"107",32,24,29,23,31,27
"108",29,31,30,30,23,30
"109",33,38,29,31,32,36
"110",35,31,33,38,34,36
"111",35,38,31,36,31,32
"112",34,38,30,28,34,35
"113",30,34,28,28,29,31
"114",27,31,28,30,28,31
"115",32,36,28,32,31,37
"116",31,31,29,30,30,31
"117",27,34,25,28,28,28
"118",38,32,37,31,39,31
"119",30,36,22,30,32,29
"120",26,32,28,28,26,24
"121",24,31,20,26,26,26
"122",27,25,29,27,22,30
"123",26,26,28,27,28,26
"124",28,33,25,29,25,30
"125",16,27,15,19,21,23
"126",28,34,26,26,27,29
"127",24,26,25,24,29,26
"128",27,26,24,25,27,32
"129",31,31,29,35,25,31
"130",30,35,28,34,28,28
"131",26,30,27,24,20,30
"132",20,26,21,19,18,22
"133",27,26,24,26,21,26
"134",29,33,28,28,27,28
"135",24,24,25,26,25,29
"136",31,27,31,26,28,24
"137",36,36,35,36,36,34
"138",26,18,26,15,25,16
"139",29,17,31,19,31,15
"140",29,32,23,32,24,29
"141",32,27,25,30,28,27
"142",24,23,26,30,22,29
"143",28,31,25,29,25,31
"144",26,27,29,27,33,25
"145",25,26,23,26,24,27
"146",23,21,25,16,29,12
"147",27,23,25,26,24,28
"148",31,33,28,32,27,32
"149",20,26,22,26,18,17
"150",27,18,26,22,29,14
"151",30,34,28,30,29,30
"152",23,29,25,23,24,28
"153",25,26,27,28,23,24
"154",27,31,27,26,28,26
"155",33,18,33,26,33,22
"156",28,29,21,22,22,28
"157",28,28,27,26,26,26
"158",25,31,25,21,23,24
"159",31,18,31,22,29,22
"160",30,31,27,27,27,28
"161",34,19,31,21,33,23
"162",23,22,22,22,26,23
"163",26,30,19,26,19,23
"164",25,25,28,23,22,29
"165",28,28,24,29,25,28
"166",9,23,11,19,11,23
"167",28,31,28,29,26,28
"168",25,14,27,18,23,16
"169",25,29,22,24,22,27
"170",27,21,23,17,25,20
"171",29,25,25,26,24,26
"172",26,29,24,24,23,25
"173",29,30,22,28,22,24
"174",31,20,27,16,25,15
"175",26,26,26,27,27,23
"176",28,30,29,29,25,26
"177",24,25,23,28,23,25
"178",24,28,26,27,29,30
"179",30,28,28,29,25,23
"180",27,26,16,23,19,24
"181",25,23,26,18,30,17
"182",27,26,24,24,29,26
"183",28,28,29,30,30,30
"184",20,27,21,26,22,23
"185",21,25,25,24,20,23
"186",23,22,19,22,22,24
"187",27,30,28,30,27,29
"188",20,20,19,21,20,22
"189",25,28,25,22,18,23
"190",26,29,21,23,23,25
"191",31,21,28,21,28,16
"192",24,24,26,27,22,23
"193",24,26,23,26,22,25
"194",22,25,21,23,22,20
"195",23,24,21,17,19,22
"196",27,21,24,20,27,19
"197",27,31,26,20,20,24
"198",22,23,20,22,20,17
"199",21,22,23,17,22,25
"200",22,23,20,20,17,23
"201",25,28,24,20,23,22
"202",31,19,21,23,28,18
"203",24,21,23,18,23,21
"204",25,14,28,17,21,19
"205",25,24,28,27,24,27
"206",26,22,22,22,22,20
"207",20,21,20,23,20,22
"208",22,21,22,20,22,21
"209",24,23,22,26,19,28
"210",23,23,18,24,17,21
"211",20,24,22,22,20,22
"212",29,20,23,22,27,18
"213",22,25,23,25,23,26
"214",21,21,20,22,21,20
"215",22,26,22,24,23,24
"216",26,24,23,19,24,20
"217",22,25,28,25,26,25
"218",26,23,19,22,22,19
"219",23,23,20,20,21,23
"220",28,14,19,16,25,15
"221",23,23,23,21,23,27
"222",20,29,20,26,21,21
"223",18,26,15,21,18,23
"224",27,26,23,25,26,23
"225",22,23,21,17,20,20
"226",23,25,23,22,24,24
"227",21,20,20,18,18,16
"228",24,19,20,12,25,16
"229",20,15,19,12,23,14
"230",16,18,15,15,19,20
"231",21,22,15,21,21,22
"232",22,28,26,24,28,26
"233",21,22,22,25,20,22
"234",25,23,18,19,19,19
"235",29,25,23,26,25,28
"236",18,20,18,17,23,25
"237",17,19,18,18,18,20
"238",21,19,17,20,23,19
"239",20,14,21,16,23,16
"240",19,23,21,23,20,24
"241",23,25,20,24,20,19
"242",19,20,20,19,17,24
"243",15,25,17,23,18,19
"244",23,24,27,13,28,19
"245",20,23,23,23,22,28
"246",14,27,13,28,10,27
"247",21,22,17,24,16,18
"248",24,10,19,6,25,13
"249",13,22,14,22,14,24
"250",20,17,19,20,20,17
"251",20,12,16,13,22,9
"252",21,25,17,21,18,16
"253",23,18,22,27,19,22
"254",22,24,24,22,23,25
"255",19,22,14,23,19,21
"256",20,23,16,20,21,20
"257",21,24,21,20,21,20
"258",23,25,16,25,17,18
"259",24,27,24,27,25,24
"260",15,19,15,10,20,16
"261",19,15,20,15,21,15
"262",18,17,19,17,15,21
"263",16,23,15,19,19,20
"264",13,8,17,15,9,18
"265",21,25,19,23,22,20
"266",14,18,18,18,16,19
"267",25,23,21,24,14,23
"268",16,25,13,16,16,16
"269",22,25,23,26,23,19
"270",20,23,19,19,18,18
"271",25,23,23,23,22,22
"272",20,21,21,20,20,20
"273",18,26,18,27,16,22
"274",18,20,16,15,20,18
"275",20,20,16,20,15,13
"276",23,23,19,24,21,22
"277",18,15,17,20,16,18
"278",24,19,17,20,19,19
"279",18,21,20,25,20,23
"280",24,19,21,19,24,16
"281",20,24,17,18,20,16
"282",21,22,23,17,16,21
"283",18,19,19,18,18,19
"284",18,21,19,20,20,18
"285",23,24,26,23,22,24
"286",20,19,18,22,16,18
"287",22,25,20,24,23,21
"288",22,17,14,20,19,20
"289",19,17,17,24,20,17
"290",19,19,20,21,18,17
"291",17,21,15,20,16,17
"292",19,19,25,18,23,18
"293",20,23,21,23,19,19
"294",23,13,22,13,19,8
"295",23,14,15,11,19,14
"296",22,14,22,19,25,14
"297",21,19,17,18,14,17
"298",16,17,13,17,16,11
"299",21,22,11,21,19,19
"300",16,23,15,19,17,18
"301",19,22,19,18,18,19
"302",16,19,15,18,16,18
"303",20,16,22,18,17,17
"304",24,23,20,23,22,24
"305",18,26,16,18,16,22
"306",19,13,18,10,16,11
"307",22,22,20,19,18,20
"308",18,17,19,23,20,21
"309",20,22,20,23,19,21
"310",23,25,16,20,15,19
"311",14,19,18,18,17,19
"312",15,17,15,13,15,16
"313",10,19,6,21,6,19
"314",20,22,17,19,18,17
"315",10,22,7,19,6,17
"316",18,20,19,21,16,19
"317",21,10,21,12,22,12
"318",18,19,19,18,16,14
"319",14,17,9,14,13,16
"320",11,19,11,20,11,19
"321",24,22,26,17,22,17
"322",17,16,16,17,15,14
"323",14,20,17,19,16,20
"324",20,24,19,21,18,17
"325",19,21,18,20,20,15
"326",21,20,21,23,24,20
"327",20,10,27,16,17,18
"328",22,19,20,19,22,16
"329",18,20,18,17,20,18
"330",17,13,20,17,24,14
"331",13,15,14,17,13,16
"332",11,23,13,21,12,21
"333",18,16,21,15,19,16
"334",16,14,17,12,19,13
"335",21,20,19,24,18,18
"336",14,17,20,19,18,19
"337",18,19,16,14,16,18
"338",18,19,12,12,12,15
"339",18,20,16,23,14,18
"340",22,22,20,23,21,20
"341",17,23,14,20,14,15
"342",21,19,22,20,22,16
"343",14,18,16,18,17,16
"344",20,23,18,20,18,21
"345",19,14,15,15,19,14
"346",21,17,14,18,13,15
"347",17,21,17,14,13,16
"348",16,19,14,17,18,18
"349",14,19,16,15,20,18
"350",20,19,19,20,17,18
"351",18,20,18,17,21,20
"352",16,18,19,19,17,19
"353",20,23,17,22,17,16
"354",19,20,21,17,17,15
"355",18,18,17,16,14,18
"356",20,20,13,17,15,14
"357",19,19,18,19,19,19
"358",21,23,19,20,20,22
"359",16,18,14,16,16,17
"360",22,21,18,16,17,19
"361",14,16,15,14,15,16
"362",18,16,20,16,25,17
"363",20,20,17,18,17,20
"364",16,15,18,17,16,19
"365",13,16,15,20,14,13
"366",16,18,18,17,15,15
"367",15,18,15,17,13,17
"368",16,19,16,17,14,14
"369",21,14,15,13,17,12
"370",13,12,13,14,10,15
"371",19,22,22,19,18,19
"372",16,19,15,14,16,16
"373",21,19,14,19,15,15
"374",14,18,14,19,19,18
"375",17,21,17,21,19,21
"376",18,8,24,13,19,10
"377",19,13,20,10,17,13
"378",16,15,21,14,19,19
"379",19,21,15,17,15,16
"380",23,21,20,19,17,20
"381",17,18,19,16,22,13
"382",18,13,20,13,17,17
"383",18,22,15,18,19,14
"384",18,16,22,17,20,15
"385",17,17,18,14,18,20
"386",20,22,19,23,18,20
"387",18,20,14,16,16,16
"388",21,18,16,10,20,13
"389",13,17,16,14,18,17
"390",15,18,17,18,21,16
"391",13,15,12,19,11,15
"392",20,25,20,20,20,19
"393",21,14,16,18,17,15
"394",15,18,16,13,15,14
"395",17,17,18,15,14,18
"396",15,17,16,16,13,15
"397",19,21,22,22,17,22
"398",20,18,17,18,20,18
"399",15,16,18,15,18,14
"400",12,15,17,17,16,19
"401",16,15,17,18,15,17
"402",13,19,16,17,12,15
"403",13,9,13,13,14,13
"404",17,15,18,18,20,15
"405",15,16,14,13,17,13
"406",18,16,15,18,18,15
"407",18,18,17,18,18,18
"408",13,13,15,16,16,16
"409",19,8,19,6,14,7
"410",15,10,18,12,18,13
"411",17,21,20,17,18,23
"412",15,17,17,14,15,18
"413",17,11,18,18,12,17
"414",19,19,13,16,17,15
"415",14,15,12,15,14,14
"416",17,18,16,17,12,15
"417",18,24,13,20,18,15
"418",16,20,15,15,18,20
"419",14,17,14,17,11,17
"420",18,13,17,16,17,14
"421",15,5,15,7,14,6
"422",16,14,16,16,19,19
"423",20,15,17,13,16,11
"424",21,20,17,16,17,16
"425",17,17,16,20,19,17
"426",16,16,19,18,12,17
"427",13,13,14,14,10,11
"428",18,13,20,16,14,15
"429",15,21,14,15,15,16
"430",16,16,15,19,16,16
"431",13,14,12,13,13,14
"432",17,15,15,16,17,18
"433",17,18,18,12,16,13
"434",13,6,18,8,15,12
"435",16,17,17,17,16,20
"436",15,16,8,14,12,13
"437",14,14,14,15,15,16
"438",18,19,16,14,17,16
"439",15,15,13,14,12,14
"440",12,13,10,13,11,14
"441",12,19,14,15,15,16
"442",17,16,14,15,13,17
"443",18,11,19,17,16,13
"444",15,20,16,17,17,16
"445",14,15,15,13,13,15
"446",19,16,18,14,20,17
"447",15,16,14,19,13,13
"448",13,13,12,18,10,15
"449",13,14,18,15,16,13
"450",19,10,15,11,16,10
"451",14,10,16,11,10,10
"452",18,17,11,16,14,13
"453",6,14,11,17,7,16
"454",13,15,17,15,17,14
"455",14,20,12,17,14,17
"456",19,18,14,18,15,13
"457",17,14,16,17,15,15
"458",18,18,19,18,18,19
"459",16,18,12,15,12,12
"460",19,17,16,18,14,19
"461",14,19,9,19,11,11
"462",14,16,15,14,13,14
"463",5,16,6,17,5,20
"464",14,16,13,14,14,14
"465",13,16,10,16,11,13
"466",14,13,13,15,16,14
"467",15,17,13,15,16,15
"468",14,18,11,11,15,15
"469",10,18,18,15,11,16
"470",16,17,14,14,16,12
"471",13,13,20,12,16,13
"472",13,16,12,15,13,17
"473",15,17,17,16,16,20
"474",11,12,9,16,12,12
"475",15,15,13,15,14,14
"476",14,13,11,15,15,14
"477",16,11,16,9,16,10
"478",15,16,12,16,11,12
"479",16,8,13,7,12,11
"480",16,9,13,9,14,9
"481",15,12,18,11,15,11
"482",20,18,17,20,18,20
"483",11,15,15,15,15,15
"484",13,16,11,14,11,15
"485",15,13,16,14,16,15
"486",11,11,10,15,12,11
"487",13,11,11,10,7,13
"488",19,13,14,16,17,14
"489",17,18,18,17,15,19
"490",15,16,15,11,9,14
"491",12,10,11,12,12,11
"492",14,18,14,16,18,15
"493",18,12,16,14,17,7
"494",13,15,12,14,16,15
"495",15,17,12,14,12,16
"496",17,9,12,12,15,13
"497",15,18,15,18,17,16
"498",15,12,14,12,13,9
"499",14,18,15,17,14,16
"500",13,15,14,11,12,16
"501",13,15,14,15,14,12
"502",11,13,11,10,10,10
"503",13,17,14,13,13,11
"504",13,12,14,20,10,7
"505",14,11,19,12,17,15
"506",15,17,10,12,11,10
"507",16,11,17,8,15,11
"508",12,14,17,13,14,12
"509",16,19,14,18,15,15
"510",15,17,9,14,11,11
"511",13,15,13,13,13,17
"512",18,16,17,15,18,15
"513",13,14,13,13,11,16
"514",17,9,15,11,13,14
"515",14,14,11,14,15,13
"516",15,14,13,14,14,15
"517",13,12,15,14,13,16
"518",12,16,13,17,16,15
"519",16,17,15,17,16,14
"520",12,17,15,12,11,12
"521",12,19,14,14,15,15
"522",12,14,9,7,13,13
"523",15,17,14,12,13,12
"524",10,8,16,8,12,13
"525",14,14,10,15,10,15
"526",12,13,14,17,11,12
"527",20,15,16,17,15,14
"528",15,14,14,15,13,18
"529",14,13,11,13,15,12
"530",16,13,14,19,14,16
"531",11,15,12,11,15,11
"532",10,10,12,13,13,12
"533",16,14,15,11,17,13
"534",11,14,10,14,13,11
"535",20,10,12,8,14,10
"536",14,12,15,13,14,12
"537",12,13,8,13,6,13
"538",13,15,13,14,15,13
"539",18,7,13,15,19,6
"540",16,13,17,13,19,15
"541",14,15,14,15,12,12
"542",13,17,16,15,16,18
"543",15,12,14,17,15,16
"544",16,17,15,16,15,19
"545",12,17,12,15,10,11
"546",13,14,12,14,11,16
"547",12,14,13,10,12,11
"548",13,9,13,10,13,15
"549",15,13,16,12,16,10
"550",15,18,15,15,17,16
"551",18,18,15,20,16,16
"552",15,13,15,16,17,17
"553",16,17,15,17,14,19
"554",17,11,17,11,12,9
"555",13,13,12,16,13,12
"556",10,10,12,9,13,9
"557",10,15,7,14,5,13
"558",15,17,11,13,14,17
"559",11,14,10,12,6,9
"560",16,12,11,13,13,16
"561",18,20,15,17,17,17
"562",15,13,15,12,11,7
"563",17,11,9,10,11,15
"564",15,10,10,11,9,15
"565",5,15,4,20,6,19
"566",13,16,14,14,12,11
"567",16,18,12,10,14,15
"568",12,15,10,13,15,14
"569",10,15,9,15,8,18
"570",14,14,9,11,13,12
"571",16,18,14,15,17,14
"572",16,17,11,15,12,14
"573",14,14,15,16,13,14
"574",13,14,11,12,12,13
"575",16,14,14,12,14,9
"576",11,15,11,12,9,12
"577",9,11,11,10,11,11
"578",14,15,10,12,12,14
"579",13,13,8,13,12,11
"580",13,13,16,13,13,11
"581",13,16,12,11,14,12
"582",16,14,17,16,16,15
"583",18,16,14,14,15,18
"584",19,6,11,12,15,5
"585",14,16,15,18,12,15
"586",14,13,11,12,11,11
"587",14,13,10,15,13,14
"588",11,10,9,9,8,8
"589",10,18,13,14,10,12
"590",13,12,9,11,13,14
"591",17,12,15,11,17,10
"592",15,12,17,13,17,15
"593",12,8,14,8,14,11
"594",14,12,14,7,15,10
"595",12,15,12,14,12,9
"596",12,15,13,13,8,15
"597",12,11,13,8,14,9
"598",15,15,14,11,13,14
"599",15,9,14,9,16,12
"600",12,12,14,13,13,8
"601",18,15,17,12,18,11
"602",16,12,13,11,16,8
"603",15,14,12,14,14,14
"604",13,13,9,14,11,13
"605",14,13,12,10,12,12
"606",12,13,12,11,11,15
"607",11,8,8,11,10,11
"608",14,15,14,13,14,15
"609",14,12,12,14,14,16
"610",13,13,14,13,11,10
"611",10,13,12,15,13,11
"612",9,13,13,12,11,16
"613",9,13,12,12,13,12
"614",11,15,12,14,13,11
"615",15,15,15,13,17,13
"616",12,13,12,12,9,8
"617",11,10,14,11,10,10
"618",13,12,9,13,10,13
"619",13,15,13,14,11,14
"620",17,14,13,10,18,9
"621",10,11,12,11,12,10
"622",10,13,12,14,15,12
"623",12,11,13,13,12,16
"624",13,14,13,14,14,15
"625",16,15,7,11,8,13
"626",10,11,5,11,7,9
"627",15,9,13,6,11,7
"628",14,10,12,12,12,11
"629",13,17,11,14,12,10
"630",11,12,12,10,9,10
"631",1,14,2,11,2,12
"632",13,15,14,13,12,15
"633",13,14,11,17,13,15
"634",14,11,13,10,12,7
"635",15,13,11,13,14,12
"636",7,15,12,14,14,8
"637",11,15,13,11,11,14
"638",14,12,13,13,11,10
"639",14,9,11,13,17,10
"640",8,11,13,8,10,12
"641",10,10,8,7,5,8
"642",13,17,12,16,16,11
"643",12,11,15,12,14,14
"644",14,11,5,12,12,11
"645",10,10,8,13,8,13
"646",13,15,10,14,14,13
"647",12,11,11,12,9,13
"648",11,12,12,10,12,14
"649",10,13,13,13,10,14
"650",16,17,15,15,13,15
"651",10,13,14,11,12,13
"652",11,17,12,13,11,11
"653",14,12,11,13,12,15
"654",7,13,14,10,12,10
"655",16,12,15,10,14,12
"656",13,13,13,13,15,14
"657",11,15,9,9,8,11
"658",15,11,10,8,13,9
"659",10,8,12,10,7,9
"660",9,6,9,12,4,13
"661",13,10,12,7,15,10
"662",13,8,17,11,14,12
"663",13,9,7,8,14,11
"664",13,11,11,13,14,12
"665",12,13,12,12,10,9
"666",11,8,10,10,9,8
"667",20,14,13,12,16,9
"668",9,12,9,12,12,13
"669",13,13,12,18,11,13
"670",14,13,12,13,9,10
"671",15,11,17,11,14,13
"672",14,12,13,11,16,12
"673",16,18,12,16,14,14
"674",11,4,10,4,12,4
"675",17,4,11,8,14,8
"676",13,15,11,12,11,12
"677",13,13,12,16,13,12
"678",11,13,9,11,10,10
"679",17,13,14,11,17,12
"680",15,14,16,14,14,13
"681",11,11,11,11,8,10
"682",12,10,12,11,11,13
"683",8,8,7,6,5,10
"684",16,16,8,12,8,13
"685",8,13,11,10,9,12
"686",13,10,11,10,11,8
"687",12,14,10,11,11,11
"688",10,11,11,9,9,14
"689",13,8,11,7,11,7
"690",14,12,14,10,16,13
"691",10,14,9,12,8,11
"692",15,9,13,8,12,9
"693",15,16,12,13,12,15
"694",9,10,14,11,7,10
"695",15,11,6,11,12,10
"696",12,12,12,12,10,11
"697",8,11,10,10,10,10
"698",13,15,13,13,14,13
"699",13,11,10,11,8,9
"700",5,11,4,14,6,12
"701",10,14,8,10,11,13
"702",12,13,11,12,12,12
"703",10,12,11,14,10,15
"704",16,16,17,14,13,18
"705",14,14,11,10,11,12
"706",8,11,11,12,11,10
"707",14,9,12,5,13,6
"708",7,9,9,12,10,10
"709",13,12,10,10,10,14
"710",9,10,11,8,10,8
"711",12,14,10,12,11,15
"712",15,14,11,15,16,12
"713",11,13,11,12,10,15
"714",13,7,10,13,12,9
"715",12,14,8,9,9,10
"716",14,12,15,15,13,14
"717",12,13,13,12,12,16
"718",13,15,10,12,10,14
"719",11,10,14,10,15,9
"720",13,8,16,8,15,7
"721",14,9,10,9,8,12
"722",16,12,12,13,9,12
"723",9,14,10,12,12,15
"724",12,13,10,11,10,12
"725",14,14,15,13,14,10
"726",15,10,14,11,15,9
"727",12,12,15,14,13,15
"728",16,18,11,13,12,12
"729",12,6,14,6,12,4
"730",13,11,8,13,10,10
"731",13,13,14,13,11,10
"732",12,13,11,15,11,11
"733",9,12,10,10,9,12
"735",9,10,11,13,9,8
"736",10,14,11,14,10,14
"737",12,11,9,7,9,12
"738",12,11,11,13,11,14
"739",11,5,10,8,10,8
"740",13,9,12,10,10,9
"741",9,16,8,9,8,9
"742",11,11,12,8,12,11
"743",12,9,10,5,12,8
"744",11,7,9,9,9,7
"745",14,11,15,13,11,10
"746",10,11,12,9,8,11
"747",14,14,15,14,12,14
"748",11,11,12,10,10,12
"749",17,14,14,16,13,14
"750",13,13,11,11,10,10
"751",7,7,10,11,9,10
"752",11,12,9,11,8,11
"753",10,12,11,14,12,10
"754",13,10,11,9,11,9
"755",14,12,11,15,9,11
"756",9,11,13,10,9,12
"757",8,14,10,11,10,13
"758",14,12,12,13,12,13
"759",12,12,14,14,9,14
"760",11,7,15,9,13,8
"761",10,14,11,9,10,9
"762",10,11,11,10,12,14
"763",10,7,12,7,12,4
"764",11,15,11,10,11,10
"765",10,9,10,12,8,9
"766",12,10,9,11,5,8
"767",10,6,12,6,12,6
"768",11,10,10,9,9,10
"769",10,9,12,10,13,12
"770",13,17,12,14,11,12
"771",9,10,8,10,12,9
"772",12,12,11,13,8,12
"773",10,9,9,8,12,7
"774",10,11,11,12,15,7
"775",4,12,4,12,5,12
"776",14,15,11,9,10,11
"777",10,10,9,10,7,8
"778",11,8,11,10,10,9
"779",10,11,9,13,12,14
"780",13,13,12,11,12,11
"781",12,4,14,2,13,6
"782",10,11,8,16,8,11
"783",14,14,9,11,10,12
"784",10,11,11,11,10,11
"785",9,8,8,9,7,6
"786",12,12,15,14,12,14
"787",14,7,10,7,10,6
"788",8,12,10,5,9,9
"789",15,15,9,11,10,10
"790",10,11,9,7,10,8
"791",9,11,8,8,8,10
"792",11,7,10,13,11,13
"793",8,10,7,8,6,15
"794",8,14,8,10,12,11
"795",13,13,11,15,11,12
"796",11,8,14,7,8,5
"797",6,13,5,10,6,12
"798",12,7,11,7,10,10
"799",15,10,12,10,12,7
"800",14,13,14,12,9,13
"801",10,15,12,10,10,10
"802",12,14,7,11,10,12
"803",15,14,9,11,8,11
"804",7,10,13,9,12,12
"805",11,9,13,9,10,11
"806",17,3,11,2,8,1
"807",11,8,12,6,13,10
"808",10,12,8,8,9,8
"809",14,12,11,11,7,9
"810",14,10,12,7,12,9
"811",12,10,10,8,11,8
"812",10,10,9,11,12,10
"813",8,12,4,6,11,8
"814",10,11,12,12,15,13
"815",13,14,12,12,11,10
"816",11,14,10,12,10,7
"817",10,12,10,12,11,8
"818",9,7,12,9,12,10
"819",10,13,10,12,12,13
"820",12,9,10,11,12,9
"821",12,10,13,14,11,13
"822",14,13,8,10,13,8
"823",11,10,11,10,9,11
"824",6,10,5,8,7,9
"825",10,11,8,10,12,9
"826",9,14,7,8,5,7
"827",11,7,10,8,11,8
"828",9,8,9,11,8,14
"829",11,12,14,13,13,11
"830",11,12,9,9,11,10
"831",12,12,11,8,12,11
"832",10,10,13,12,11,12
"833",11,4,8,4,11,3
"834",11,10,12,14,10,11
"835",14,14,12,14,14,11
"836",10,10,8,8,11,12
"837",12,9,10,9,11,8
"838",12,8,11,11,8,8
"839",10,10,7,10,11,10
"840",14,9,12,10,14,8
"841",8,7,8,8,8,10
"842",12,13,11,12,12,12
"843",10,9,11,9,10,13
"844",10,6,12,8,12,4
"845",7,11,6,7,7,10
"846",12,10,9,11,9,9
"847",2,10,6,14,3,9
"848",10,11,12,12,14,10
"849",12,11,9,10,10,10
"850",12,6,6,3,12,5
"851",11,11,11,11,9,10
"852",9,11,10,11,8,13
"853",9,10,9,9,7,12
"854",11,7,11,5,9,4
"855",8,11,7,11,10,10
"856",10,4,12,2,9,3
"857",11,12,10,9,9,13
"858",11,4,14,5,10,5
"859",10,8,13,7,13,7
"860",15,13,10,10,9,11
"861",1,11,1,11,1,10
"862",8,8,7,11,5,9
"863",9,11,11,11,7,11
"864",3,14,1,10,1,13
"865",12,6,7,5,8,4
"866",11,11,10,9,11,7
"867",13,14,11,11,11,10
"868",9,11,10,12,8,12
"869",7,11,12,8,10,9
"870",13,8,11,6,12,8
"871",13,12,7,6,4,7
"872",10,11,7,10,9,11
"873",10,13,14,10,13,11
"874",9,10,12,12,7,12
"875",10,11,10,10,10,9
"877",12,10,11,10,11,9
"878",10,10,10,11,9,9
"879",12,8,8,6,8,6
"880",10,13,12,14,11,10
"881",7,9,8,5,8,5
"882",13,7,15,10,12,8
"883",2,11,3,12,3,9
"884",13,8,9,7,7,8
"885",14,13,9,9,8,14
"886",10,10,14,12,9,14
"887",12,11,13,12,10,10
"888",14,9,8,4,10,7
"889",8,9,8,8,12,10
"890",10,11,10,11,9,11
"891",11,13,10,12,12,8
"892",10,9,11,11,7,10
"893",10,8,12,9,11,7
"894",11,8,9,7,10,8
"895",12,12,9,8,9,11
"896",14,10,11,9,10,11
"897",6,10,10,8,8,9
"898",9,10,9,9,9,8
"899",5,11,7,7,8,6
"900",10,14,12,10,10,12
"901",13,10,12,8,9,9
"902",7,13,7,11,8,13
"903",6,9,9,10,9,9
"904",9,11,10,7,9,10
"905",10,10,13,11,6,6
"906",9,11,7,5,4,7
"907",8,10,11,12,9,12
"908",12,11,13,8,9,9
"909",11,11,11,9,8,8
"910",10,11,7,11,8,10
"911",9,10,8,9,5,7
"912",10,13,9,11,11,10
"913",14,11,11,9,12,8
"914",9,7,12,9,9,10
"915",12,10,9,6,11,8
"916",11,8,7,8,10,7
"917",12,13,11,12,11,12
"918",9,12,12,9,9,6
"919",11,13,9,9,9,10
"920",14,8,12,7,14,10
"921",4,13,5,12,5,10
"922",10,11,11,9,7,11
"923",11,10,4,9,11,7
"924",7,10,8,9,7,10
"925",10,10,8,9,9,9
"926",9,6,8,7,10,8
"927",8,8,10,5,11,6
"928",12,8,9,9,10,5
"929",12,13,10,11,12,11
"930",6,13,4,11,5,11
"931",8,9,9,10,8,10
"932",11,11,11,10,10,12
"933",8,11,10,7,7,9
"934",11,7,10,9,12,3
"935",8,7,9,6,9,11
"936",11,6,8,2,8,2
"937",10,7,12,8,11,7
"938",3,11,4,12,4,11
"939",5,8,15,8,8,6
"940",11,9,10,6,10,10
"941",11,7,14,7,9,6
"942",10,5,7,6,9,5
"943",11,9,10,8,7,6
"944",14,9,13,8,11,12
"945",11,12,9,11,13,11
"946",13,9,5,9,11,12
"947",10,9,7,12,9,13
"948",10,11,6,8,7,10
"949",10,8,8,8,9,9
"950",11,10,9,9,9,9
"951",4,13,2,12,4,13
"952",10,10,12,11,10,10
"953",11,10,9,12,9,11
"954",9,11,6,11,8,9
"955",9,13,9,11,9,6
"957",6,11,12,11,9,12
"958",11,9,7,6,5,11
"959",5,14,5,11,4,12
"960",9,6,11,6,13,8
"961",7,7,10,6,9,10
"962",13,13,9,11,11,6
"963",9,9,10,10,11,10
"964",10,7,11,6,12,5
"965",7,3,13,2,9,6
"966",8,8,12,9,8,7
"967",8,8,8,9,9,6
"968",10,10,11,10,11,9
"969",7,9,12,6,9,11
"970",11,10,7,8,7,8
"971",9,14,11,10,9,12
"972",8,5,9,5,9,5
"973",12,12,9,10,10,10
"974",10,9,11,8,12,5
"975",7,11,5,7,12,8
"976",8,7,6,9,6,8
"977",7,7,10,7,8,8
"978",8,11,10,6,11,7
"979",2,9,1,11,3,11
"980",9,10,10,8,8,7
"981",8,12,5,9,6,6
"982",11,9,11,10,12,10
"983",7,9,8,8,6,8
"984",10,10,6,10,10,10
"985",14,9,13,9,11,9
"986",11,10,12,7,12,7
"987",10,10,9,7,5,6
"988",9,10,7,6,6,10
"989",12,9,10,7,11,8
"990",3,10,4,9,4,10
"991",12,7,9,6,9,7
"992",10,11,8,11,11,10
"993",11,13,11,8,11,9
"994",11,10,9,11,10,12
"995",8,13,8,9,13,9
"996",11,9,9,9,11,10
"997",13,2,11,7,10,4
"998",11,10,7,8,9,9
"999",8,8,9,12,10,9
"1000",15,7,14,11,15,10
"1001",5,11,5,13,5,11
"1002",8,9,7,8,7,7
"1003",8,12,5,9,11,7
"1004",10,3,5,2,7,5
"1005",11,10,8,10,9,8
"1006",10,7,6,6,8,7
"1007",7,9,8,11,9,7
"1008",10,9,5,7,7,7
"1009",14,6,6,10,10,3
"1010",8,9,9,11,11,12
"1011",7,10,8,7,9,8
"1012",10,14,11,13,7,12
"1013",10,7,7,11,9,9
"1014",9,10,10,9,10,9
"1015",9,11,8,9,8,9
"1016",6,10,4,7,6,5
"1017",10,9,10,8,9,8
"1018",10,13,7,12,11,10
"1019",10,9,7,10,11,9
"1020",8,9,7,5,6,7
"1021",9,11,8,10,8,8
"1022",7,9,7,8,6,6
"1023",8,6,8,10,9,10
"1024",9,7,8,8,6,11
"1025",7,9,8,7,8,9
"1026",11,11,13,12,13,14
"1027",11,8,7,6,10,5
"1028",10,8,8,9,10,10
"1029",12,13,10,9,9,10
"1030",9,5,7,7,6,2
"1031",9,11,8,11,10,10
"1032",9,7,11,7,13,10
"1033",6,8,7,7,5,5
"1034",6,8,6,8,6,7
"1035",9,7,12,6,8,8
"1036",8,10,8,8,8,8
"1037",10,8,6,6,6,8
"1038",11,7,13,8,8,8
"1039",13,11,12,8,9,12
"1040",12,8,8,10,8,10
"1041",6,9,8,7,9,9
"1042",11,10,8,8,11,11
"1043",8,10,8,10,7,9
"1044",13,12,12,14,10,13
"1045",10,4,6,6,11,5
"1046",9,7,8,2,7,3
"1047",11,12,5,8,8,8
"1048",11,9,6,5,4,3
"1049",10,9,6,9,8,8
"1050",10,9,7,8,5,6
"1051",2,9,3,11,4,7
"1052",10,12,9,9,8,8
"1053",7,7,12,8,9,8
"1054",11,8,6,3,10,7
"1055",10,10,10,13,8,13
"1056",11,8,10,7,11,8
"1057",8,9,9,9,11,10
"1058",8,7,6,6,10,9
"1059",9,9,9,6,7,9
"1060",8,7,8,7,7,8
"1061",10,10,8,10,9,9
"1062",7,8,9,6,8,8
"1063",9,12,11,10,11,11
"1064",7,7,8,9,10,10
"1065",9,9,6,8,7,7
"1066",7,9,7,8,6,5
"1067",8,7,10,6,8,8
"1068",9,8,9,7,8,8
"1069",11,12,10,12,10,11
"1070",9,9,9,6,9,6
"1071",9,8,7,5,7,10
"1072",9,8,10,11,10,9
"1073",7,7,4,7,7,9
"1074",7,10,9,9,9,8
"1075",8,9,10,9,10,7
"1076",7,8,5,6,7,7
"1077",8,6,9,10,7,11
"1078",10,6,9,7,8,8
"1079",7,9,9,8,8,10
"1080",12,9,11,11,13,11
"1081",10,7,10,7,10,9
"1082",9,8,8,7,6,9
"1083",10,12,10,8,8,8
"1084",9,10,7,9,10,11
"1085",10,9,9,10,11,12
"1086",3,13,1,10,2,12
"1087",12,11,10,13,9,10
"1088",10,9,10,11,12,8
"1089",9,10,3,7,9,5
"1090",1,15,2,9,1,8
"1091",9,9,7,7,9,6
"1092",10,10,11,10,10,13
"1093",7,7,6,7,7,8
"1094",4,7,8,7,8,9
"1095",4,7,6,9,4,5
"1096",8,8,10,9,9,10
"1097",7,8,7,8,7,8
"1098",6,7,10,9,9,10
"1099",12,11,11,12,14,11
"1100",9,9,9,9,9,11
"1101",5,7,6,9,5,8
"1102",10,9,10,8,9,10
"1103",10,11,11,10,10,7
"1104",9,10,9,9,10,10
"1105",10,9,7,9,8,11
"1106",9,8,7,9,9,9
"1107",7,9,5,8,5,5
"1108",13,12,10,11,11,11
"1109",6,9,6,4,5,7
"1110",7,9,10,6,10,5
"1111",9,9,8,8,6,12
"1112",8,9,9,9,8,7
"1113",6,8,10,8,7,9
"1114",7,6,10,4,9,7
"1115",5,7,7,6,3,7
"1116",4,5,7,5,3,5
"1117",8,10,7,8,7,11
"1118",7,9,7,10,9,11
"1119",9,5,9,5,10,3
"1120",8,9,10,5,9,8
"1121",4,10,3,8,3,9
"1122",9,7,5,4,6,10
"1123",11,9,11,10,10,7
"1124",9,5,5,9,8,9
"1125",7,8,10,10,9,10
"1126",9,11,10,10,10,10
"1127",11,7,13,7,12,10
"1128",7,5,10,7,7,4
"1129",6,7,10,8,9,8
"1130",9,7,5,5,7,6
"1131",9,11,7,10,9,8
"1132",8,9,6,9,5,9
"1133",8,7,10,12,9,11
"1134",7,7,10,5,8,6
"1135",8,7,9,8,7,8
"1136",9,10,8,8,8,8
"1137",8,11,9,9,7,7
"1138",8,7,5,7,6,6
"1139",3,10,6,6,4,7
"1140",9,11,8,6,8,8
"1141",9,8,9,9,9,8
"1142",8,11,12,9,10,10
"1143",10,11,6,7,9,10
"1144",5,8,5,6,5,8
"1145",9,9,8,7,8,11
"1146",10,12,8,10,6,6
"1147",7,6,7,5,5,6
"1148",10,10,7,9,8,8
"1149",11,10,8,7,8,7
"1150",9,9,11,7,5,8
"1151",8,11,11,6,7,10
"1152",7,9,7,11,7,9
"1153",6,11,5,8,5,7
"1154",5,9,9,7,4,7
"1155",7,9,8,8,6,8
"1156",10,6,10,7,9,9
"1157",7,6,7,7,8,7
"1158",9,9,5,6,6,7
"1159",7,9,7,12,7,7
"1160",10,8,7,6,5,4
"1161",10,8,9,10,10,10
"1162",10,9,9,7,10,8
"1163",9,8,4,8,8,7
"1164",12,3,8,7,6,3
"1165",6,8,2,8,4,5
"1166",10,8,9,9,8,10
"1167",4,6,9,4,8,8
"1168",6,10,7,7,8,7
"1169",7,8,8,9,7,8
"1170",7,6,6,7,6,7
"1171",7,7,6,9,11,8
"1172",10,11,4,7,7,5
"1173",7,8,5,5,7,8
"1174",7,9,8,8,7,7
"1175",8,8,10,9,8,8
"1176",8,8,7,5,7,7
"1177",11,12,10,10,7,10
"1178",9,8,8,6,7,9
"1179",9,6,9,6,9,6
"1180",10,4,7,8,8,5
"1181",5,10,4,6,5,8
"1182",9,8,10,9,11,9
"1183",9,8,11,10,10,11
"1184",9,10,6,9,9,8
"1185",6,10,8,8,4,9
"1186",8,10,9,8,8,8
"1187",9,9,8,9,9,9
"1188",9,9,5,9,4,6
"1189",5,3,7,1,6,5
"1190",9,6,9,6,10,8
"1191",6,5,6,6,6,8
"1192",8,11,8,11,8,9
"1193",9,7,5,10,8,7
"1194",9,9,12,8,11,8
"1195",10,5,6,4,10,5
"1196",8,9,4,9,9,9
"1197",5,7,5,5,5,7
"1198",8,7,5,8,8,6
"1199",6,7,6,7,8,7
"1200",10,6,8,5,9,5
"1201",9,4,9,5,7,4
"1202",10,11,9,7,8,5
"1203",8,9,9,9,8,8
"1204",5,6,11,5,11,6
"1205",11,7,9,6,8,6
"1206",8,10,8,11,7,10
"1207",12,8,9,9,9,6
"1208",3,10,3,10,3,7
"1209",7,10,7,9,8,6
"1211",4,8,4,6,3,7
"1212",8,12,8,8,8,7
"1213",10,7,5,8,4,8
"1214",5,6,9,5,6,5
"1215",10,5,7,7,8,4
"1216",8,11,10,10,10,10
"1217",10,6,10,7,7,6
"1218",6,7,7,9,7,6
"1219",11,5,9,4,10,3
"1220",10,10,9,9,9,10
"1221",11,11,6,7,7,6
"1222",9,6,7,5,7,3
"1223",8,9,3,5,7,7
"1224",9,12,6,8,6,8
"1225",10,4,7,4,6,4
"1226",11,7,5,7,6,4
"1227",8,7,8,10,7,9
"1228",9,6,8,7,7,8
"1229",10,9,7,7,6,10
"1230",10,10,6,7,3,4
"1231",8,4,7,6,6,6
"1232",10,9,7,9,6,7
"1233",6,6,8,6,10,10
"1234",5,7,7,7,7,9
"1235",7,6,8,8,2,7
"1236",11,9,7,8,8,8
"1237",6,8,7,7,8,9
"1238",8,8,7,8,4,5
"1239",8,8,5,9,5,7
"1240",9,8,6,8,6,8
"1241",5,4,10,4,7,8
"1242",10,6,8,6,11,8
"1243",6,5,9,4,3,5
"1244",7,9,5,7,5,7
"1245",6,10,9,7,8,8
"1246",10,3,7,4,8,5
"1248",4,5,6,5,6,5
"1249",6,8,7,6,8,8
"1250",9,3,9,5,8,5
"1251",4,6,6,7,5,4
"1252",6,7,5,6,6,6
"1253",7,8,3,4,5,5
"1254",6,7,5,5,5,8
"1255",8,9,8,8,8,8
"1256",7,5,6,7,5,8
"1257",8,8,8,7,8,9
"1258",8,7,5,7,5,4
"1259",9,10,10,10,9,11
"1260",9,7,4,8,5,5
"1261",4,6,3,9,2,7
"1262",8,7,7,7,9,7
"1263",8,6,8,3,8,7
"1264",9,6,9,4,7,6
"1265",6,5,10,5,4,6
"1266",7,7,5,6,7,6
"1267",6,7,7,8,6,5
"1268",7,8,8,5,6,7
"1269",10,10,7,8,8,7
"1270",11,8,6,6,5,7
"1271",6,2,9,3,8,3
"1272",7,8,6,4,6,9
"1273",3,11,2,8,3,8
"1274",7,7,8,8,6,6
"1275",7,8,5,6,3,7
"1276",9,7,6,9,7,7
"1277",8,4,7,2,5,5
"1278",9,10,7,10,11,6
"1279",8,11,6,8,6,7
"1280",7,6,7,8,5,8
"1281",5,9,4,7,5,8
"1282",5,7,7,9,5,9
"1283",8,13,6,11,8,8
"1284",12,8,7,7,8,6
"1285",8,7,7,10,6,8
"1286",6,5,8,6,6,7
"1287",9,8,8,8,7,10
"1288",7,5,6,8,5,4
"1289",9,9,6,9,8,7
"1290",9,8,9,8,8,8
"1291",7,9,5,7,8,8
"1292",6,1,6,2,10,1
"1293",6,6,8,3,7,3
"1294",7,7,6,8,6,10
"1295",7,8,10,10,6,8
"1296",8,4,8,4,10,6
"1297",10,8,7,6,8,6
"1298",11,9,8,5,8,7
"1299",6,8,7,7,7,6
"1300",7,9,7,9,6,6
"1301",7,7,8,8,5,5
"1302",9,5,7,7,8,5
"1303",5,6,5,7,6,9
"1304",5,4,6,2,7,3
"1305",2,9,1,9,1,7
"1306",8,3,10,3,4,2
"1307",5,4,5,7,5,9
"1308",10,4,4,5,8,1
"1309",8,9,6,8,6,6
"1310",9,9,5,7,6,5
"1311",9,7,6,8,6,6
"1312",7,8,6,9,8,9
"1313",7,5,7,3,6,6
"1314",7,6,10,5,6,7
"1315",7,6,9,6,7,7
"1316",9,9,9,7,8,9
"1317",6,9,9,8,7,7
"1318",8,6,6,6,7,7
"1319",6,8,6,6,5,7
"1320",11,8,8,8,9,8
"1321",9,8,9,7,9,9
"1322",6,3,8,3,8,6
"1323",5,5,9,4,7,4
"1324",6,3,9,5,11,5
"1325",10,7,8,9,6,5
"1326",5,9,8,6,4,8
"1327",7,7,6,6,4,4
"1328",8,7,6,5,7,6
"1329",5,8,6,6,5,6
"1330",6,8,8,9,6,6
"1331",7,8,7,4,7,7
"1332",4,7,4,5,7,6
"1333",9,8,8,10,9,6
"1334",7,6,10,9,7,7
"1335",4,8,4,8,1,8
"1336",10,4,9,4,5,3
"1337",11,11,5,10,7,7
"1338",8,8,8,7,7,6
"1339",4,6,4,7,4,7
"1340",8,6,5,5,7,6
"1341",8,6,9,6,8,8
"1342",9,7,8,9,6,8
"1343",4,8,9,6,4,7
"1344",10,10,7,8,11,9
"1345",9,10,6,8,5,7
"1346",11,2,5,5,5,4
"1347",4,6,6,8,7,7
"1348",6,9,4,7,4,5
"1349",7,10,5,9,6,9
"1350",8,5,6,5,4,6
"1351",6,7,10,6,7,7
"1352",9,6,8,8,7,5
"1353",10,10,10,8,12,7
"1354",4,8,4,10,6,7
"1355",6,4,8,3,11,2
"1356",8,8,5,7,3,7
"1357",10,6,7,5,8,4
"1358",4,5,6,4,7,4
"1359",11,10,7,7,7,8
"1360",8,8,6,8,5,7
"1361",8,7,6,6,6,8
"1362",1,6,2,6,3,11
"1363",7,7,3,9,7,9
"1364",11,6,9,8,9,8
"1365",7,7,6,5,9,6
"1366",7,7,3,7,6,5
"1367",8,6,6,8,7,4
"1368",7,8,7,6,5,7
"1369",5,6,7,7,8,6
"1370",7,1,9,5,8,2
"1371",7,8,9,9,9,8
"1372",10,10,9,8,5,9
"1373",6,4,4,7,6,4
"1374",7,4,7,3,11,4
"1375",5,9,6,6,6,8
"1376",7,10,7,6,4,7
"1377",7,10,7,9,7,6
"1378",7,7,7,9,8,8
"1379",9,10,6,7,9,10
"1380",7,6,6,7,7,6
"1381",3,5,7,5,3,5
"1383",7,7,7,4,5,5
"1384",7,10,3,9,1,5
"1385",7,6,12,6,8,6
"1386",9,7,7,5,7,3
"1387",5,2,4,5,7,3
"1388",6,8,6,5,6,8
"1389",6,6,8,8,7,7
"1390",9,9,8,10,8,10
"1391",6,7,6,6,5,6
"1392",5,5,4,4,5,6
"1393",9,6,5,3,4,7
"1394",5,4,7,4,7,4
"1395",5,7,5,7,6,9
"1396",9,6,10,8,7,3
"1397",8,6,8,6,9,8
"1398",7,8,7,5,6,8
"1399",8,7,6,8,8,7
"1400",6,6,6,5,4,7
"1401",7,7,3,8,5,6
"1402",5,6,7,8,10,9
"1403",6,6,8,5,7,5
"1404",11,3,6,4,7,5
"1405",7,6,4,8,5,7
"1406",6,5,11,6,7,4
"1407",7,7,6,7,5,6
"1408",7,8,5,6,9,6
"1409",6,5,5,5,6,5
"1410",7,6,8,3,5,1
"1411",6,7,7,7,8,11
"1412",8,6,11,6,8,6
"1413",5,7,6,4,5,7
"1414",6,9,7,5,6,7
"1415",8,8,9,7,7,8
"1416",5,7,3,6,2,5
"1417",4,6,4,6,4,4
"1418",7,5,5,6,7,9
"1419",7,7,8,7,7,6
"1420",7,9,7,6,7,7
"1421",9,6,7,8,8,9
"1422",8,7,10,8,7,9
"1424",4,9,4,8,4,7
"1425",6,6,8,6,8,4
"1426",7,7,7,9,8,7
"1427",8,8,6,8,5,8
"1428",8,7,8,7,9,7
"1429",5,9,6,9,6,5
"1430",7,7,8,7,9,7
"1431",8,8,9,8,7,7
"1432",9,7,9,7,3,9
"1433",2,11,2,7,3,6
"1434",7,9,6,9,6,5
"1435",7,7,7,6,7,7
"1436",7,8,6,10,4,4
"1437",8,7,9,6,7,5
"1438",7,5,7,5,8,6
"1439",4,5,5,4,8,8
"1440",6,6,7,5,6,6
"1441",5,1,8,3,6,4
"1442",8,2,9,5,10,3
"1444",8,8,10,8,8,7
"1445",5,5,9,2,9,4
"1446",10,5,7,8,8,4
"1447",6,5,9,4,7,6
"1448",4,7,6,7,5,5
"1449",5,4,8,7,7,4
"1450",7,8,5,6,5,6
"1451",7,8,5,4,8,6
"1452",9,8,9,9,9,9
"1453",6,7,7,4,5,8
"1454",8,3,8,4,7,5
"1455",5,4,4,3,7,3
"1456",4,6,8,7,9,8
"1457",7,11,6,9,6,8
"1458",6,7,4,7,8,5
"1459",9,7,6,9,5,7
"1460",5,9,5,7,4,6
"1461",7,8,9,8,8,7
"1462",7,10,9,8,11,8
"1463",9,6,6,7,9,5
"1464",9,8,7,7,9,9
"1465",6,8,8,6,5,8
"1466",4,6,8,7,7,8
"1467",3,2,3,2,3,8
"1468",3,7,6,6,6,7
"1469",7,9,5,4,4,6
"1470",6,7,7,3,8,7
"1471",5,6,7,6,6,6
"1472",7,3,7,2,7,2
"1473",1,7,1,10,1,9
"1474",2,4,6,5,4,5
"1475",6,7,7,9,8,8
"1476",7,5,5,5,7,7
"1478",9,9,7,9,9,7
"1479",2,5,4,9,5,7
"1480",6,4,9,4,8,5
"1481",8,5,10,6,6,8
"1482",9,8,7,6,8,7
"1483",7,7,7,5,6,5
"1485",7,5,9,6,9,4
"1486",7,8,7,8,8,6
"1487",6,7,5,9,6,5
"1488",5,4,5,6,4,3
"1489",5,7,6,7,11,3
"1490",4,5,3,7,6,6
"1491",9,9,7,5,7,5
"1492",6,7,7,7,7,5
"1493",7,3,7,6,5,4
"1494",9,7,8,8,9,10
"1495",6,5,6,5,5,6
"1496",3,6,4,5,4,6
"1497",6,5,3,6,6,6
"1498",6,8,6,5,6,8
"1499",9,7,8,7,8,7
"1500",7,4,9,4,7,5
"1501",6,6,6,7,5,7
"1503",7,6,7,7,7,5
"1504",7,7,5,7,6,8
"1505",10,8,3,2,6,3
"1506",3,5,8,7,5,7
"1507",4,6,7,6,4,6
"1508",8,8,5,9,4,5
"1509",9,5,6,6,6,4
"1510",3,3,2,3,5,5
"1511",6,8,5,9,5,7
"1512",8,6,7,7,6,6
"1513",10,5,6,3,6,1
"1514",1,8,1,9,1,8
"1515",7,5,6,2,5,3
"1516",9,4,7,5,7,3
"1517",9,8,7,9,6,8
"1518",8,7,8,6,7,6
"1519",10,9,6,6,6,6
"1520",6,9,3,8,5,7
"1521",6,7,6,7,6,6
"1522",5,8,6,9,6,5
"1523",7,9,6,7,4,9
"1524",6,6,5,4,6,6
"1525",6,6,6,5,6,5
"1526",7,7,5,7,7,8
"1527",7,5,7,4,7,8
"1528",9,4,8,6,9,6
"1529",6,7,4,6,7,4
"1530",4,5,6,4,6,4
"1531",4,6,6,6,7,5
"1532",9,11,8,9,8,10
"1533",5,7,4,5,7,5
"1534",5,5,5,6,5,7
"1535",8,6,6,5,6,4
"1536",7,7,4,6,8,4
"1537",8,4,4,5,7,2
"1538",8,9,8,7,8,6
"1539",2,8,1,5,3,6
"1540",6,5,5,5,5,3
"1541",5,5,6,4,7,5
"1542",8,8,5,5,3,7
"1543",8,6,4,3,5,6
"1544",7,7,6,8,8,7
"1545",7,6,6,10,8,6
"1546",7,5,6,5,6,5
"1547",3,5,6,2,3,4
"1548",4,6,8,4,6,4
"1549",7,3,7,3,7,3
"1550",9,9,10,10,9,10
"1551",6,4,7,9,6,10
"1552",7,6,1,4,7,4
"1553",7,8,5,5,5,4
"1554",9,5,9,6,5,6
"1555",6,1,9,2,8,4
"1556",5,3,7,4,6,4
"1557",4,5,7,6,7,6
"1558",6,7,8,8,6,6
"1559",6,5,4,5,3,4
"1560",7,8,6,5,7,5
"1561",2,7,3,6,3,3
"1562",8,8,6,8,8,5
"1563",8,8,6,6,6,6
"1565",7,8,4,5,7,6
"1566",5,3,8,3,7,1
"1567",1,9,2,10,2,8
"1568",6,4,9,6,9,2
"1569",7,5,5,6,6,3
"1570",7,8,4,5,4,5
"1571",5,6,4,5,6,3
"1572",6,9,5,8,7,5
"1573",7,8,6,8,7,6
"1574",6,5,4,8,6,7
"1575",6,5,6,4,4,3
"1576",4,8,1,4,4,2
"1577",4,4,5,3,6,5
"1578",6,5,5,8,6,7
"1579",7,6,6,6,6,4
"1580",9,4,7,3,4,4
"1581",4,4,3,2,3,3
"1582",4,5,2,3,4,6
"1583",7,3,8,2,8,5
"1584",9,4,4,4,5,1
"1585",5,5,8,3,7,6
"1586",4,10,7,8,6,6
"1587",7,7,7,7,8,6
"1588",7,5,5,6,6,5
"1589",5,5,8,6,5,5
"1590",5,6,6,4,8,8
"1591",6,8,8,7,8,8
"1592",7,3,7,5,6,5
"1593",6,6,7,7,9,6
"1595",4,5,4,4,5,7
"1596",4,4,3,4,3,4
"1597",5,9,3,5,5,6
"1598",7,5,6,7,6,5
"1599",8,8,8,8,8,7
"1600",6,7,8,6,7,7
"1601",4,7,7,5,3,5
"1602",3,4,6,2,5,5
"1603",8,6,9,7,7,4
"1604",7,7,3,5,6,9
"1605",9,9,8,7,9,9
"1606",6,6,6,6,5,6
"1607",5,6,4,6,6,5
"1608",7,7,6,9,3,5
"1609",4,7,3,3,3,6
"1610",6,1,5,1,5,1
"1611",5,7,5,4,7,6
"1612",6,3,4,2,4,2
"1613",5,3,8,3,4,2
"1614",8,4,5,1,5,1
"1615",8,3,8,4,7,4
"1616",5,6,6,9,5,6
"1617",4,4,4,5,4,7
"1618",5,6,6,7,3,5
"1619",8,8,8,7,8,5
"1621",7,10,6,7,8,8
"1622",6,5,6,6,6,6
"1623",9,8,7,10,6,8
"1624",7,6,6,7,7,7
"1625",7,6,4,4,4,6
"1626",5,8,7,8,5,7
"1627",7,4,6,3,4,2
"1628",5,7,8,6,7,7
"1629",8,8,7,4,10,5
"1630",6,8,5,8,6,5
"1631",7,7,5,2,5,7
"1632",3,7,3,6,6,7
"1633",6,6,5,5,6,3
"1634",9,9,9,8,8,7
"1635",6,8,4,7,8,6
"1636",4,7,8,7,9,7
"1637",6,5,6,8,6,7
"1638",8,7,6,7,7,7
"1639",5,9,4,6,7,6
"1640",7,7,7,7,8,8
"1641",9,8,6,5,11,6
"1642",5,6,5,4,7,4
"1643",6,4,6,7,5,4
"1644",9,4,7,3,5,3
"1645",5,6,6,6,5,5
"1646",3,8,2,7,3,5
"1647",8,2,7,3,6,3
"1648",5,4,3,4,1,6
"1649",4,5,4,6,6,4
"1650",8,7,9,4,8,4
"1651",5,6,5,5,6,7
"1652",7,7,7,6,7,6
"1653",8,4,7,4,8,1
"1654",6,2,7,2,7,3
"1655",5,7,8,7,5,8
"1656",8,4,9,5,7,5
"1657",5,6,7,6,4,9
"1658",5,8,6,5,6,7
"1659",7,7,8,6,4,6
"1660",5,6,5,6,5,6
"1661",3,6,3,3,2,4
"1662",7,4,5,8,5,5
"1663",5,7,7,8,7,10
"1664",7,9,4,5,5,5
"1665",6,5,4,2,5,3
"1666",9,7,8,7,5,8
"1667",8,6,7,5,6,7
"1668",8,5,6,3,7,5
"1669",8,2,6,1,6,2
"1670",5,4,6,3,4,6
"1671",8,6,4,6,6,5
"1672",2,5,5,6,3,7
"1673",7,7,7,8,8,6
"1674",8,3,5,3,8,3
"1675",7,5,8,5,8,5
"1676",9,6,2,4,3,6
"1678",6,7,4,3,4,5
"1679",5,6,5,6,7,3
"1680",7,6,3,7,5,5
"1681",8,3,4,4,9,2
"1682",5,3,2,5,1,8
"1683",6,8,7,7,8,8
"1684",9,7,10,6,6,7
"1685",8,6,5,2,2,5
"1686",7,5,7,7,6,4
"1687",5,5,8,3,8,4
"1688",5,6,5,6,7,5
"1689",8,4,4,6,6,7
"1690",5,8,6,4,7,6
"1691",7,6,7,8,5,6
"1692",6,6,5,4,3,7
"1693",6,3,5,3,6,1
"1694",6,5,6,3,6,2
"1695",3,4,6,8,5,6
"1696",5,9,5,4,4,5
"1697",6,5,3,4,5,4
"1698",7,5,3,5,7,3
"1699",5,5,5,5,6,3
"1700",6,8,9,6,7,8
"1701",8,5,6,4,5,3
"1702",4,5,4,3,5,5
"1703",5,5,7,7,3,4
"1704",3,4,4,4,6,6
"1705",6,9,4,7,7,7
"1706",7,7,5,8,6,6
"1707",5,5,9,4,4,3
"1708",4,6,6,7,5,7
"1709",3,9,3,6,3,6
"1710",6,6,5,5,3,5
"1711",9,7,10,8,9,6
"1713",7,8,6,4,5,7
"1714",6,6,4,7,5,1
"1715",8,1,7,2,5,3
"1716",6,6,8,4,6,5
"1717",5,9,6,7,5,5
"1718",5,7,6,6,5,6
"1719",3,3,5,5,5,6
"1720",4,7,7,7,3,7
"1721",7,4,6,6,5,3
"1722",5,4,4,4,7,3
"1723",6,5,4,5,4,5
"1724",9,6,8,7,8,7
"1725",5,6,5,8,5,5
"1726",7,5,5,4,6,6
"1727",7,6,5,5,7,6
"1728",6,6,7,5,5,5
"1729",1,6,6,4,3,7
"1730",5,3,5,5,6,5
"1731",5,7,5,3,5,3
"1732",6,5,5,5,7,3
"1733",5,5,4,7,5,5
"1734",6,7,2,6,3,5
"1735",4,8,2,2,6,3
"1736",5,4,7,3,4,4
"1737",7,6,3,3,3,5
"1738",9,9,7,7,6,9
"1739",6,4,8,5,6,1
"1740",6,3,5,5,5,8
"1741",3,5,4,7,2,3
"1742",6,6,5,6,5,6
"1743",7,7,7,8,9,7
"1744",4,7,4,5,5,8
"1745",6,7,8,6,3,7
"1746",5,5,5,3,3,4
"1747",5,6,7,7,5,6
"1748",6,6,4,6,6,5
"1749",3,3,4,6,5,2
"1750",7,6,6,6,6,5
"1751",9,7,8,7,8,7
"1752",4,4,6,5,6,4
"1753",5,6,7,6,7,7
"1754",6,6,7,7,6,6
"1755",6,5,3,4,3,5
"1756",7,4,4,2,4,3
"1757",6,6,8,6,5,6
"1758",6,5,4,6,5,6
"1759",5,6,8,7,5,7
"1761",7,8,5,7,7,7
"1762",5,6,5,7,5,7
"1763",6,6,3,6,5,4
"1764",4,4,7,6,5,5
"1765",7,9,4,7,7,8
"1766",8,5,6,5,8,8
"1767",1,6,4,5,3,6
"1768",5,6,6,5,6,7
"1769",6,4,6,4,4,3
"1770",3,6,4,4,5,4
"1771",6,5,4,7,5,5
"1772",5,6,7,6,6,6
"1773",5,6,7,6,5,7
"1774",3,5,7,3,6,2
"1775",8,7,3,4,4,6
"1776",8,7,5,8,7,6
"1777",5,7,5,5,6,6
"1778",7,5,5,5,6,5
"1779",7,3,8,2,6,5
"1780",4,4,7,7,5,5
"1781",3,6,2,8,2,7
"1782",6,6,6,4,5,6
"1783",5,4,4,7,4,7
"1784",6,5,5,7,6,7
"1785",7,3,4,3,6,2
"1786",7,9,5,9,7,5
"1787",7,4,5,2,6,3
"1788",7,4,9,5,9,3
"1789",8,7,7,7,6,8
"1790",3,8,5,7,4,7
"1791",6,4,1,4,3,6
"1792",5,7,5,5,6,4
"1793",7,6,4,6,3,5
"1794",7,5,7,4,8,5
"1795",6,6,6,5,8,7
"1796",6,4,8,3,7,3
"1797",6,7,3,4,4,5
"1798",6,4,7,7,6,8
"1799",7,7,6,6,4,6
"1800",7,5,5,8,5,4
"1801",5,8,6,5,2,4
"1802",4,4,5,3,7,6
"1803",3,6,3,5,5,5
"1804",5,4,6,4,8,5
"1805",5,5,5,6,6,7
"1806",7,7,8,9,8,7
"1807",4,4,5,6,6,5
"1808",7,4,7,5,6,3
"1809",4,5,4,3,2,3
"1810",5,5,5,4,5,5
"1811",9,7,6,4,6,6
"1812",5,7,8,6,7,7
"1813",4,6,3,2,4,6
"1814",4,7,6,6,7,5
"1815",3,5,4,6,5,5
"1816",6,5,6,4,4,4
"1817",4,4,6,6,7,5
"1818",6,2,5,1,6,2
"1819",3,3,6,7,4,5
"1820",5,5,5,5,4,6
"1821",7,1,4,1,6,1
"1822",5,6,8,7,9,7
"1823",7,6,10,6,6,5
"1825",4,7,6,4,4,3
"1826",6,6,7,7,7,8
"1827",7,2,5,3,3,1
"1828",5,7,6,8,7,8
"1829",5,2,7,2,3,2
"1830",7,8,6,7,4,6
"1831",9,4,5,6,6,2
"1832",5,5,4,5,5,5
"1833",4,3,6,7,6,6
"1834",5,8,7,6,6,7
"1835",5,4,1,4,1,4
"1836",6,3,6,2,3,3
"1837",5,7,4,8,5,8
"1838",5,7,6,6,5,6
"1839",8,9,8,7,8,8
"1840",6,5,8,8,8,6
"1841",7,5,2,2,3,6
"1842",5,6,6,6,6,6
"1843",3,5,4,4,4,4
"1844",5,5,7,5,5,7
"1845",4,5,4,2,3,7
"1846",6,7,6,7,5,7
"1847",6,7,6,6,8,7
"1848",2,7,3,4,4,7
"1849",7,6,2,4,7,5
"1850",2,4,5,3,5,5
"1851",6,7,6,6,6,7
"1852",8,1,6,2,6,1
"1853",6,7,5,4,4,4
"1854",5,6,3,4,5,3
"1855",5,5,3,6,7,4
"1856",7,6,6,7,7,8
"1857",2,5,3,5,4,6
"1858",6,6,6,6,7,5
"1859",5,4,2,3,1,1
"1860",6,6,6,6,6,4
"1861",7,6,6,7,9,6
"1862",7,7,9,6,6,6
"1863",5,3,2,5,4,3
"1864",1,7,1,8,1,8
"1865",5,9,4,6,7,6
"1866",7,2,4,3,4,4
"1867",9,5,3,4,4,5
"1868",7,6,5,6,6,4
"1869",6,6,6,5,4,5
"1870",8,8,6,8,7,6
"1871",7,7,4,7,5,5
"1872",3,5,3,5,3,3
"1873",1,6,1,5,1,5
"1874",6,4,4,2,4,3
"1875",7,4,7,2,7,3
"1876",6,7,3,4,4,6
"1877",7,7,4,7,6,5
"1878",7,3,5,7,3,4
"1879",6,5,7,7,8,6
"1880",4,4,4,5,5,5
"1881",5,6,6,4,6,8
"1883",7,8,7,9,8,7
"1884",6,3,6,4,6,2
"1885",6,7,4,3,6,4
"1887",9,6,8,6,7,5
"1888",7,4,7,6,7,8
"1889",7,3,5,3,5,1
"1890",7,4,3,4,3,3
"1891",5,7,4,5,4,5
"1892",6,7,5,6,8,7
"1894",4,5,6,7,4,5
"1895",7,3,5,1,4,1
"1896",7,6,7,8,5,4
"1897",6,7,4,5,2,5
"1898",7,2,7,4,7,2
"1899",6,5,4,3,5,3
"1900",6,4,5,6,7,7
"1901",6,4,5,3,7,4
"1902",5,4,6,6,4,4
"1903",3,5,4,5,2,4
"1904",8,7,7,7,6,6
"1905",6,5,3,4,5,4
"1906",4,8,3,4,4,4
"1907",4,2,5,4,4,6
"1908",5,5,5,3,5,4
"1909",5,7,3,5,6,5
"1910",5,4,7,3,6,4
"1911",6,5,3,5,2,4
"1912",5,4,6,6,5,5
"1913",4,5,5,4,5,6
"1914",4,4,6,4,5,4
"1915",7,6,6,3,7,5
"1917",2,6,3,6,2,7
"1918",4,3,6,3,3,3
"1919",4,6,4,7,7,5
"1920",4,3,4,3,5,5
"1921",3,5,1,6,1,3
"1922",7,8,5,6,5,6
"1923",6,5,3,4,7,4
"1924",5,6,3,5,3,6
"1925",4,7,7,7,6,6
"1926",7,8,5,6,5,5
"1927",4,6,5,5,5,4
"1928",4,6,5,6,4,5
"1929",7,6,5,4,5,4
"1930",7,4,9,5,8,6
"1931",6,6,5,7,6,6
"1932",7,6,3,6,3,8
"1933",5,5,7,6,7,7
"1934",5,4,5,6,6,7
"1935",5,1,6,5,6,5
"1936",6,4,8,4,9,3
"1937",6,4,4,3,3,6
"1938",6,6,6,6,4,3
"1939",7,6,4,4,4,4
"1940",3,8,4,3,3,5
"1941",6,5,5,4,4,3
"1942",7,4,7,4,6,3
"1943",5,4,5,7,6,7
"1947",6,6,5,6,6,5
"1948",3,4,4,4,5,6
"1950",4,5,6,6,7,7
"1951",5,7,4,7,2,6
"1952",6,5,3,5,3,3
"1953",4,2,3,5,6,6
"1954",4,3,3,3,3,3
"1955",8,7,5,5,6,3
"1956",5,4,5,4,7,7
"1957",4,6,6,6,6,4
"1958",5,6,5,4,4,5
"1959",5,4,4,3,7,4
"1960",2,5,5,5,1,3
"1962",4,4,6,5,7,2
"1963",4,5,4,7,6,6
"1964",7,7,4,6,4,5
"1965",5,6,4,5,5,4
"1966",7,7,5,5,5,6
"1967",7,8,6,3,7,6
"1968",7,7,6,4,5,4
"1969",5,3,2,2,1,4
"1970",6,6,6,6,6,6
"1971",6,6,9,5,6,5
"1972",6,6,6,7,5,7
"1973",1,6,4,3,2,5
"1974",5,3,4,2,5,3
"1975",7,3,4,3,4,3
"1976",5,4,4,5,5,5
"1977",6,6,5,4,5,6
"1978",8,5,8,6,7,4
"1979",5,4,4,5,2,4
"1980",7,8,3,5,6,2
"1981",4,6,3,6,3,7
"1982",4,4,4,5,2,7
"1983",4,2,7,5,4,5
"1984",1,8,1,5,1,6
"1986",6,4,5,4,6,2
"1987",7,6,6,6,5,3
"1988",3,6,3,2,1,1
"1989",5,2,5,3,4,4
"1990",5,4,3,5,1,6
"1992",6,5,7,4,3,5
"1993",5,2,6,2,5,2
"1994",7,6,6,6,6,5
"1995",4,3,2,3,3,5
"1996",5,6,7,5,4,5
"1998",6,4,6,6,6,6
"1999",4,2,4,4,4,6
"2000",5,5,5,5,5,5
"2001",5,5,4,3,4,3
"2002",8,3,4,3,6,3
"2004",5,4,4,5,4,4
"2005",5,5,7,6,5,5
"2006",4,3,7,4,5,2
"2007",4,5,2,4,5,5
"2008",6,4,5,5,4,6
"2009",6,5,3,2,3,2
"2010",7,6,4,6,7,7
"2011",9,7,8,6,7,6
"2012",4,6,4,4,5,4
"2013",2,5,5,6,3,4
"2014",3,2,1,5,4,5
"2015",3,3,5,6,6,5
"2016",4,4,4,5,3,4
"2017",3,7,3,2,3,3
"2018",6,6,4,5,6,5
"2019",6,6,5,6,5,7
"2020",7,3,6,5,7,2
"2021",1,7,2,6,2,5
"2022",6,8,6,6,3,8
"2024",4,4,7,1,6,1
"2026",6,4,5,1,5,4
"2027",5,5,4,5,3,5
"2028",4,4,3,2,5,3
"2029",5,6,3,4,4,6
"2030",5,4,4,5,6,4
"2031",3,2,6,1,3,2
"2032",5,3,7,5,5,6
"2033",4,6,5,4,5,8
"2035",3,7,4,7,6,5
"2036",6,3,4,3,4,2
"2037",4,7,5,3,6,6
"2038",5,4,2,5,4,3
"2039",5,6,5,7,3,4
"2040",5,2,4,2,6,1
"2041",4,4,5,5,5,3
"2042",5,7,6,7,7,6
"2044",7,7,7,5,7,5
"2046",6,4,4,3,5,3
"2047",2,5,4,4,4,4
"2049",5,7,3,3,2,3
"2050",6,5,5,5,4,4
"2051",6,5,2,3,5,2
"2052",7,3,3,2,4,3
"2053",2,8,3,3,1,4
"2054",5,1,3,2,3,3
"2055",6,7,7,4,5,2
"2056",6,1,6,2,5,2
"2058",5,1,7,2,6,2
"2059",6,6,4,4,5,5
"2060",4,5,6,3,5,5
"2061",6,3,3,3,6,1
"2062",5,7,4,6,4,5
"2063",6,5,5,3,7,4
"2064",3,4,4,5,3,8
"2065",6,5,5,1,3,1
"2066",4,2,7,2,6,2
"2067",5,7,2,5,3,4
"2068",5,6,4,4,4,4
"2069",6,5,5,7,5,3
"2070",4,5,5,8,5,4
"2072",5,6,2,3,2,5
"2073",5,3,5,3,5,5
"2074",7,6,5,3,8,1
"2075",1,5,2,5,6,6
"2076",4,4,5,5,3,5
"2077",2,6,2,5,3,6
"2079",4,4,3,6,6,4
"2080",2,5,3,4,2,3
"2081",6,7,2,3,4,3
"2082",5,6,7,3,6,4
"2083",7,6,6,5,7,5
"2084",3,7,4,2,5,3
"2086",6,5,6,4,6,1
"2087",6,4,7,5,6,5
"2088",6,3,4,5,4,4
"2089",6,6,5,4,5,4
"2090",6,7,5,7,6,7
"2091",6,6,5,6,5,4
"2092",4,3,7,4,5,3
"2094",5,2,5,2,5,1
"2095",2,7,2,1,3,4
"2096",4,4,5,3,4,5
"2097",3,3,1,3,4,5
"2098",4,6,3,6,4,5
"2099",5,5,3,3,4,3
"2100",2,2,4,3,5,2
"2101",5,5,4,2,5,4
"2102",5,5,6,6,5,6
"2103",6,4,6,5,5,4
"2104",5,6,6,6,4,6
"2106",6,7,2,4,4,4
"2107",4,6,5,5,5,4
"2108",5,7,7,6,6,7
"2109",4,6,5,6,2,6
"2110",7,7,5,8,5,5
"2111",5,7,3,4,3,3
"2112",4,5,4,6,6,5
"2113",4,5,3,3,3,4
"2114",7,6,4,6,5,5
"2115",4,4,5,3,4,5
"2116",6,4,5,5,6,4
"2117",6,7,6,8,6,6
"2118",4,3,4,4,4,2
"2119",4,3,6,6,4,5
"2120",5,3,5,4,1,2
"2121",5,7,4,5,3,4
"2122",4,6,4,5,8,6
"2123",4,3,4,3,2,5
"2124",5,3,4,6,4,5
"2125",5,5,5,5,5,5
"2126",5,6,5,5,5,3
"2127",4,3,3,2,4,3
"2128",4,2,5,2,5,3
"2129",5,6,4,6,7,5
"2130",5,6,4,5,4,5
"2131",5,2,6,2,5,1
"2132",3,5,3,2,1,2
"2133",5,4,6,6,5,5
"2135",4,4,1,3,3,1
"2136",4,6,6,6,4,4
"2137",6,7,5,6,4,6
"2138",5,5,4,3,6,3
"2139",8,4,4,4,4,3
"2140",4,5,3,4,2,4
"2141",7,6,6,4,6,5
"2142",7,4,5,5,8,4
"2143",5,2,5,2,6,2
"2144",4,5,4,5,4,3
"2145",6,5,4,7,5,3
"2146",3,5,4,6,6,6
"2147",5,1,3,5,6,3
"2148",5,3,4,3,4,6
"2149",5,3,6,1,4,3
"2150",5,6,3,3,4,6
"2151",5,3,4,6,5,6
"2152",6,3,2,5,3,6
"2153",2,4,3,3,2,5
"2155",4,7,3,2,5,4
"2156",4,4,4,5,4,7
"2157",4,3,2,4,3,4
"2158",5,5,4,4,2,4
"2159",4,6,3,6,2,2
"2160",6,5,5,1,6,2
"2161",5,5,5,2,4,3
"2162",5,5,3,4,3,2
"2163",8,5,6,7,4,6
"2164",4,3,2,3,7,5
"2165",3,2,4,2,2,2
"2166",4,2,6,4,4,6
"2167",2,3,4,2,3,3
"2168",4,2,2,5,3,3
"2169",6,7,6,6,5,6
"2170",5,8,6,8,5,7
"2172",5,4,5,4,5,3
"2173",6,3,4,2,7,3
"2174",4,4,4,3,7,3
"2175",4,6,4,6,7,6
"2176",5,5,4,5,4,5
"2177",6,7,3,5,3,5
"2178",5,4,3,2,7,4
"2179",5,5,4,4,4,3
"2180",3,6,2,4,4,3
"2181",5,3,4,3,5,2
"2182",4,3,3,3,1,3
"2183",6,5,5,6,5,4
"2184",5,6,6,5,6,7
"2185",3,3,5,3,3,4
"2186",3,4,3,5,4,3
"2187",6,3,6,4,5,5
"2188",5,2,3,2,6,2
"2189",5,6,5,5,3,3
"2190",5,4,6,7,6,4
"2191",4,5,5,3,5,2
"2192",4,5,4,5,4,6
"2193",3,5,4,6,5,3
"2194",4,6,5,6,6,6
"2195",5,3,4,3,5,5
"2197",3,5,3,4,1,4
"2198",5,5,5,6,6,7
"2199",4,5,6,6,5,5
"2201",3,4,4,5,3,6
"2202",4,5,3,5,2,2
"2203",4,6,3,3,3,6
"2204",3,5,5,3,5,5
"2205",2,4,5,5,3,3
"2206",5,3,5,5,5,3
"2207",6,6,5,6,5,4
"2208",7,6,5,4,5,6
"2209",7,3,5,3,4,4
"2210",3,6,5,4,5,4
"2212",2,5,7,3,5,4
"2213",5,6,4,3,6,5
"2214",3,4,2,3,4,5
"2215",7,3,4,4,5,3
"2216",4,5,4,7,4,4
"2217",4,5,4,5,5,4
"2218",3,3,5,5,5,4
"2219",5,4,5,3,3,8
"2220",4,3,4,6,4,5
"2221",2,4,4,2,3,3
"2223",3,5,4,5,3,2
"2225",3,4,5,4,4,5
"2226",5,6,4,6,5,5
"2227",5,5,6,3,5,3
"2229",6,7,7,6,8,7
"2230",5,4,2,3,3,2
"2231",5,2,5,5,4,6
"2233",5,4,5,4,1,4
"2234",4,6,2,5,3,1
"2235",4,4,4,4,4,2
"2236",3,2,6,2,4,4
"2237",3,5,5,3,1,6
"2238",3,7,3,5,5,3
"2239",6,1,6,3,5,3
"2240",4,3,3,7,5,3
"2241",5,5,3,3,4,4
"2242",4,5,5,4,3,4
"2244",5,2,5,1,4,3
"2245",6,7,5,5,6,6
"2246",5,4,3,4,3,5
"2247",3,4,6,4,6,4
"2250",3,2,4,6,5,5
"2251",6,7,5,3,4,5
"2252",7,6,5,2,6,5
"2253",6,7,5,6,6,5
"2254",6,6,3,6,5,7
"2255",3,4,4,4,2,4
"2256",5,7,5,4,5,5
"2257",6,3,4,4,4,4
"2258",5,6,4,5,5,6
"2259",4,3,2,2,3,3
"2260",5,5,4,4,5,3
"2261",7,6,1,3,2,7
"2263",4,6,4,4,4,4
"2264",4,4,4,6,3,2
"2265",5,3,6,5,2,6
"2266",5,4,6,3,3,4
"2267",3,5,3,4,1,3
"2268",6,4,5,4,5,4
"2269",4,3,4,3,2,3
"2270",3,5,5,2,2,4
"2271",4,4,5,3,5,5
"2272",4,4,3,2,5,1
"2273",8,1,3,1,4,1
"2274",4,7,2,2,2,4
"2275",2,7,4,5,4,4
"2276",4,5,2,2,4,2
"2277",5,6,7,4,2,6
"2279",7,6,7,7,6,8
"2280",6,5,3,3,4,5
"2281",3,3,4,3,5,4
"2282",3,3,6,7,4,4
"2283",5,4,4,4,5,3
"2286",5,6,6,6,6,6
"2287",4,5,5,4,4,4
"2289",4,6,4,6,4,5
"2290",5,6,5,6,6,4
"2291",5,3,2,4,3,4
"2293",7,6,7,4,4,6
"2294",2,5,1,6,4,3
"2295",2,4,4,3,4,4
"2296",4,5,5,6,5,5
"2297",6,4,5,2,3,3
"2298",4,4,5,4,4,4
"2299",3,3,2,4,2,4
"2300",3,4,5,4,3,5
"2302",2,2,2,5,2,4
"2303",8,6,6,6,6,6
"2304",3,4,2,4,2,6
"2305",4,4,4,4,3,6
"2306",4,5,4,3,6,4
"2308",5,5,5,3,5,4
"2309",5,3,6,4,5,5
"2310",4,4,6,1,5,4
"2311",2,4,4,4,5,5
"2312",3,2,2,5,2,3
"2313",3,5,4,3,2,6
"2314",5,4,6,5,7,4
"2316",7,3,4,2,3,3
"2317",2,5,3,4,5,5
"2318",7,2,3,2,5,3
"2319",4,3,5,5,1,3
"2320",4,5,3,4,5,5
"2321",3,2,5,4,4,4
"2322",3,3,6,3,2,3
"2323",3,4,1,2,4,2
"2324",4,5,4,2,4,6
"2325",4,4,3,4,5,3
"2326",5,4,4,3,2,5
"2327",6,3,1,4,4,3
"2328",4,5,2,4,4,5
"2330",5,4,5,6,5,4
"2331",4,6,6,6,5,2
"2332",4,4,4,5,4,4
"2333",2,4,3,6,1,5
"2334",4,5,4,3,2,2
"2335",5,5,7,5,5,2
"2336",6,4,5,5,6,4
"2337",5,4,7,3,4,4
"2338",5,6,4,2,2,3
"2339",2,7,3,2,4,3
"2340",4,3,5,4,7,5
"2341",2,4,4,5,4,4
"2342",6,2,6,1,4,2
"2343",5,4,2,4,4,5
"2344",2,4,2,2,2,4
"2345",3,4,3,3,3,4
"2346",2,4,2,1,3,3
"2347",6,5,4,3,5,6
"2348",5,5,6,4,5,3
"2349",5,5,5,3,3,5
"2350",2,2,4,3,5,4
"2351",5,6,4,5,4,4
"2352",5,5,4,5,6,7
"2353",5,2,4,2,5,5
"2355",6,4,5,3,5,4
"2356",5,4,5,5,6,5
"2357",3,3,2,3,2,2
"2358",4,3,4,2,5,2
"2359",3,4,3,2,3,3
"2361",4,4,4,6,2,6
"2362",3,1,6,3,3,4
"2363",3,5,3,4,4,4
"2364",3,3,3,6,2,4
"2365",5,5,3,4,3,2
"2366",3,5,5,4,4,4
"2367",4,4,5,6,4,3
"2368",5,3,4,4,4,5
"2369",5,3,4,4,4,4
"2370",2,5,2,4,1,7
"2371",4,4,2,4,1,3
"2372",4,4,5,4,3,3
"2373",3,4,2,2,4,2
"2374",5,5,4,3,4,3
"2375",6,3,4,2,5,1
"2376",2,5,2,2,2,3
"2377",3,3,4,3,4,4
"2378",1,4,4,1,4,3
"2379",4,3,4,2,2,2
"2380",5,6,2,4,3,2
"2381",5,5,4,3,3,5
"2382",4,5,5,6,5,4
"2383",3,3,5,5,4,4
"2384",3,4,3,3,4,3
"2385",3,6,4,4,3,2
"2386",6,2,3,3,4,4
"2387",4,5,4,4,4,4
"2388",5,2,6,1,4,1
"2389",5,5,4,6,3,4
"2390",4,5,2,6,2,4
"2391",5,6,5,6,4,6
"2392",3,3,4,2,3,3
"2393",2,4,1,3,3,4
"2394",4,3,3,4,4,4
"2395",5,4,1,5,3,3
"2396",4,1,6,1,4,1
"2397",4,4,2,2,3,4
"2398",4,4,2,4,1,2
"2399",5,5,6,6,5,6
"2401",3,4,3,6,3,3
"2402",5,5,2,3,2,4
"2403",6,1,7,1,4,1
"2404",5,4,4,3,4,5
"2405",4,6,4,5,4,2
"2406",4,3,4,4,3,4
"2407",3,4,3,4,4,3
"2408",3,3,3,3,3,4
"2409",4,5,1,3,3,2
"2410",4,6,2,3,4,3
"2411",4,4,3,4,5,3
"2412",6,3,4,3,4,4
"2413",5,2,7,2,5,3
"2414",2,3,5,4,4,5
"2415",4,4,4,3,4,3
"2416",6,7,5,5,6,7
"2417",5,4,4,5,3,4
"2418",5,3,5,1,4,2
"2420",5,2,3,2,4,3
"2421",4,3,5,4,5,5
"2422",3,5,2,5,2,4
"2423",5,4,5,5,5,4
"2425",3,4,3,3,2,3
"2426",2,2,2,3,3,4
"2428",5,5,6,6,4,5
"2429",3,3,4,3,1,3
"2430",3,3,2,1,3,4
"2431",4,3,3,4,2,3
"2433",5,5,5,5,5,4
"2434",4,6,2,2,3,4
"2435",4,5,3,4,3,4
"2436",4,4,4,5,3,4
"2437",5,5,4,4,3,5
"2438",6,5,3,5,4,5
"2439",5,4,2,2,5,4
"2440",4,4,4,5,3,5
"2441",5,4,4,3,4,4
"2442",4,6,2,4,2,3
"2443",5,5,4,7,5,6
"2444",4,5,3,3,4,3
"2445",3,5,2,4,4,3
"2446",6,3,4,4,3,4
"2447",5,4,3,4,2,2
"2449",3,4,3,4,4,3
"2450",4,3,6,4,5,5
"2451",2,4,3,5,4,2
"2453",2,5,1,4,1,5
"2454",4,1,4,1,2,1
"2456",5,3,5,4,5,4
"2457",3,2,3,3,3,3
"2459",4,3,4,4,5,4
"2460",2,6,4,2,3,2
"2461",4,3,7,2,4,3
"2462",2,4,2,4,1,4
"2463",4,2,5,2,5,3
"2465",4,2,5,3,3,4
"2466",4,2,3,4,2,2
"2467",4,5,3,3,4,3
"2468",5,6,3,4,3,4
"2469",5,4,5,6,5,6
"2470",4,3,4,4,3,5
"2471",4,4,4,4,4,5
"2472",5,4,3,3,3,3
"2473",5,5,2,4,3,3
"2474",3,5,3,3,3,4
"2475",4,4,3,6,5,4
"2477",4,5,1,4,3,3
"2479",2,4,4,3,3,3
"2480",3,3,3,2,3,2
"2481",6,7,5,6,6,6
"2482",5,2,6,2,4,3
"2484",5,4,3,3,1,1
"2485",4,3,2,6,4,2
"2486",5,3,6,4,4,5
"2487",4,2,5,1,6,3
"2488",3,4,3,4,6,5
"2490",4,4,3,3,3,4
"2491",6,7,7,6,7,7
"2492",4,4,4,5,4,3
"2493",5,7,4,4,3,3
"2494",3,3,4,3,4,5
"2495",4,6,3,6,4,4
"2496",2,4,2,5,2,3
"2497",4,3,3,3,3,2
"2499",4,3,2,3,3,4
"2500",3,5,3,2,5,3
"2501",5,2,2,3,3,3
"2502",4,6,6,5,4,4
"2504",5,1,4,2,5,3
"2505",4,4,4,4,4,2
"2506",5,5,4,4,4,4
"2507",1,4,1,4,1,2
"2508",5,6,3,4,5,3
"2509",2,4,3,3,5,5
"2510",3,1,4,1,1,1
"2511",4,5,2,3,2,3
"2512",3,4,3,3,3,5
"2513",4,5,3,5,4,2
"2514",5,6,5,5,5,5
"2515",5,2,4,3,4,3
"2517",2,2,3,2,3,1
"2518",5,6,4,6,3,6
"2519",4,1,2,2,5,4
"2520",2,3,2,2,2,2
"2521",3,3,3,4,2,2
"2522",4,5,5,6,5,5
"2523",3,4,5,4,4,3
"2524",5,3,3,3,1,3
"2525",3,1,1,4,2,6
"2526",3,6,4,4,3,6
"2527",7,2,7,3,4,2
"2528",4,5,5,5,4,2
"2529",2,4,3,1,1,2
"2530",4,5,4,4,3,3
"2531",5,4,2,5,4,3
"2532",3,4,6,5,4,5
"2533",4,5,1,2,1,3
"2534",2,6,1,1,5,2
"2535",3,6,5,5,4,5
"2536",2,5,2,2,2,2
"2537",3,4,2,3,3,5
"2538",3,4,5,4,5,5
"2539",2,4,3,4,2,3
"2540",3,4,5,5,4,5
"2542",3,5,5,3,4,5
"2543",6,4,3,5,3,4
"2544",3,3,5,1,4,2
"2545",5,5,4,4,5,4
"2546",3,4,2,5,2,4
"2547",3,5,5,3,4,3
"2548",3,4,4,4,3,4
"2549",3,5,4,4,4,4
"2550",5,5,5,5,4,5
"2551",5,3,3,2,3,3
"2552",3,2,5,4,3,3
"2553",4,4,6,3,4,3
"2554",6,3,4,2,3,2
"2555",5,3,4,4,5,1
"2556",3,2,4,2,4,1
"2557",5,4,3,6,3,6
"2558",3,5,4,3,3,5
"2559",5,3,4,3,5,2
"2560",5,4,3,4,4,3
"2561",2,3,2,2,3,3
"2562",2,6,3,4,2,6
"2563",3,4,4,4,4,3
"2564",1,5,2,4,2,3
"2565",4,5,3,3,4,5
"2568",5,5,4,6,6,6
"2570",2,2,4,3,5,2
"2571",3,3,2,5,4,4
"2572",6,5,6,6,4,7
"2574",3,5,4,3,4,4
"2576",1,4,1,2,1,4
"2577",4,3,4,4,3,3
"2578",2,3,2,3,3,1
"2579",5,3,6,2,5,3
"2580",4,2,5,2,5,2
"2581",3,3,3,2,4,3
"2582",3,3,3,4,2,3
"2583",2,3,3,5,4,1
"2584",4,5,3,4,4,4
"2585",4,6,4,5,5,6
"2586",2,3,2,3,2,3
"2587",3,4,4,3,4,4
"2588",3,6,4,4,4,2
"2590",3,3,4,5,3,5
"2591",5,5,3,4,4,2
"2592",5,4,2,4,4,4
"2594",5,3,2,2,4,2
"2595",5,5,5,4,4,5
"2597",4,3,3,1,3,4
"2598",5,4,6,5,4,3
"2601",4,2,3,3,2,3
"2602",3,3,3,3,1,5
"2603",4,4,3,5,3,5
"2604",2,3,3,1,3,5
"2605",2,2,2,2,2,5
"2606",5,1,1,6,4,3
"2608",6,5,5,7,6,7
"2610",2,3,2,5,1,4
"2611",3,4,1,2,2,3
"2612",5,2,2,2,3,2
"2614",3,5,2,4,2,5
"2615",5,5,5,5,6,6
"2617",1,3,1,3,1,5
"2618",4,5,1,3,3,2
"2619",3,2,3,3,5,3
"2620",3,5,6,4,6,5
"2621",5,4,5,1,5,1
"2623",4,5,5,3,3,5
"2624",5,4,4,3,6,3
"2625",3,3,4,5,3,5
"2626",2,2,1,3,1,4
"2627",3,3,5,3,5,3
"2629",5,3,3,1,1,3
"2630",3,3,4,3,4,4
"2632",4,5,5,5,5,5
"2633",2,2,3,3,3,3
"2634",5,2,1,4,2,4
"2635",5,5,1,2,2,2
"2636",4,4,6,4,4,4
"2640",3,2,2,1,4,1
"2641",3,3,4,2,5,4
"2642",4,3,4,4,3,1
"2643",2,3,3,1,3,3
"2644",3,3,4,5,4,1
"2645",5,1,3,2,5,2
"2646",3,1,3,4,3,3
"2647",4,1,4,1,3,2
"2648",4,3,2,1,5,2
"2649",3,4,2,4,4,3
"2651",5,4,4,4,4,2
"2652",5,4,2,3,4,5
"2653",3,2,3,3,3,2
"2654",2,4,3,3,2,6
"2655",4,3,2,2,4,1
"2656",5,5,5,5,6,5
"2657",3,4,4,4,3,2
"2658",3,3,5,2,3,4
"2661",1,3,1,5,1,3
"2662",4,4,2,3,5,2
"2663",5,3,5,5,4,3
"2664",2,5,2,3,2,2
"2665",5,2,6,2,6,3
"2666",4,2,3,3,2,2
"2667",5,5,5,5,5,4
"2668",4,2,4,2,2,3
"2670",4,2,2,2,3,1
"2671",4,4,5,3,5,4
"2672",3,5,4,4,4,6
"2673",3,3,4,3,4,4
"2674",3,3,4,3,4,4
"2675",3,4,5,5,4,6
"2678",4,5,3,5,4,4
"2679",3,1,4,3,4,2
"2682",1,2,3,4,4,3
"2683",3,4,2,3,3,4
"2684",5,4,3,3,3,3
"2685",4,2,4,4,2,3
"2687",3,3,5,4,3,2
"2688",5,5,5,4,5,4
"2689",3,5,2,2,2,2
"2690",2,4,1,3,3,2
"2691",4,3,2,4,4,1
"2693",4,6,6,4,5,5
"2696",4,4,4,3,2,1
"2697",5,7,5,5,5,5
"2698",6,2,2,1,3,5
"2699",3,4,3,1,1,3
"2700",5,4,3,3,3,4
"2701",2,7,3,4,3,4
"2702",4,4,3,4,4,3
"2703",6,2,2,2,3,3
"2704",3,2,3,3,2,5
"2705",5,4,4,4,6,4
"2706",3,3,3,4,3,3
"2707",4,3,5,4,5,4
"2708",2,5,3,4,1,5
"2709",4,5,3,4,4,3
"2710",5,3,4,4,3,4
"2711",4,4,3,3,3,3
"2712",2,2,3,2,4,2
"2713",3,4,3,5,1,3
"2715",5,2,2,2,2,2
"2716",3,4,4,3,3,2
"2717",4,5,4,4,5,6
"2718",4,4,5,2,4,2
"2719",1,2,2,1,4,4
"2720",3,1,4,3,3,6
"2721",2,4,3,2,3,3
"2722",3,2,4,3,3,5
"2723",3,4,2,5,2,5
"2725",2,3,4,3,3,3
"2726",5,3,6,5,4,5
"2727",5,2,5,2,6,2
"2728",4,4,4,4,4,4
"2729",3,4,6,4,5,6
"2730",4,4,4,3,4,3
"2731",5,5,5,4,5,3
"2732",4,2,5,3,1,3
"2733",6,4,4,4,4,4
"2734",4,1,4,1,4,1
"2735",4,5,4,2,3,2
"2736",3,2,2,4,4,2
"2737",5,3,2,3,2,2
"2738",5,4,3,4,4,4
"2740",4,3,2,5,4,1
"2741",6,5,5,4,4,3
"2742",2,1,1,4,1,1
"2743",6,5,6,5,5,4
"2744",3,3,3,2,4,1
"2745",4,2,5,4,4,5
"2746",4,2,4,3,3,4
"2747",4,4,3,4,1,5
"2748",2,3,5,1,4,3
"2749",4,3,2,4,1,2
"2750",4,4,3,2,3,3
"2751",1,5,1,3,2,3
"2752",4,2,5,1,4,4
"2753",1,2,4,1,3,6
"2754",4,4,3,4,5,4
"2756",3,2,3,2,3,4
"2757",2,5,3,4,2,2
"2758",4,3,3,3,3,4
"2759",3,3,3,3,1,2
"2760",2,3,4,2,3,4
"2761",3,4,4,2,3,4
"2762",4,2,3,3,2,3
"2763",3,3,3,3,2,5
"2764",2,4,2,1,4,2
"2765",3,5,3,2,4,4
"2768",5,1,4,1,3,1
"2769",2,3,5,2,2,1
"2770",4,2,5,3,5,5
"2771",4,2,3,2,5,1
"2772",2,4,4,3,1,2
"2773",3,4,3,3,3,4
"2774",2,3,2,3,2,3
"2775",3,1,3,1,2,1
"2776",3,5,4,4,3,4
"2777",3,3,3,3,3,3
"2778",4,4,3,1,2,1
"2779",5,5,3,1,3,3
"2782",5,2,3,2,3,3
"2783",3,2,4,3,3,3
"2784",5,4,3,4,6,5
"2785",3,5,1,5,3,1
"2786",5,5,5,4,4,4
"2787",4,4,5,5,4,5
"2788",5,3,5,4,3,3
"2789",1,5,2,1,3,4
"2790",3,5,2,5,3,2
"2791",4,4,3,2,3,2
"2792",7,5,2,2,4,1
"2793",5,4,3,3,3,2
"2794",5,4,3,3,4,2
"2795",4,3,3,3,3,5
"2796",3,5,4,3,1,2
"2797",3,3,3,4,2,2
"2798",2,2,5,4,3,3
"2800",3,4,3,5,3,1
"2801",6,4,4,3,4,3
"2802",4,2,4,5,2,3
"2803",4,5,3,4,4,5
"2804",5,3,5,3,3,4
"2805",3,5,2,1,3,3
"2806",2,1,2,3,2,3
"2807",2,2,4,1,1,3
"2808",3,3,3,2,1,3
"2809",4,5,3,4,5,4
"2810",4,5,3,5,4,3
"2811",5,3,1,3,2,2
"2813",3,5,2,2,2,4
"2814",1,3,2,4,3,6
"2816",5,2,4,1,4,4
"2819",4,3,2,4,2,2
"2820",2,3,3,2,3,5
"2821",1,5,3,3,3,2
"2822",3,4,3,3,2,5
"2823",1,1,3,1,3,3
"2824",3,5,5,2,3,1
"2825",2,2,4,4,2,2
"2828",2,4,3,4,3,4
"2829",4,4,5,4,3,3
"2830",1,4,3,3,1,4
"2831",2,4,2,4,5,4
"2832",2,4,3,2,3,1
"2833",4,4,4,5,4,5
"2834",4,4,4,4,3,4
"2835",5,4,5,3,4,4
"2837",4,2,3,1,4,1
"2838",5,3,5,2,4,2
"2839",1,3,2,2,1,3
"2840",3,3,4,5,4,3
"2841",6,4,3,4,4,4
"2842",2,2,5,2,2,3
"2843",1,4,1,4,1,2
"2844",2,4,4,2,2,4
"2845",1,1,3,2,3,3
"2847",3,2,3,3,4,3
"2848",1,4,3,4,2,3
"2849",3,5,2,5,2,5
"2850",1,3,3,3,3,1
"2853",4,4,3,2,2,3
"2854",4,4,3,4,2,4
"2855",2,2,4,3,2,3
"2857",4,4,2,4,2,3
"2858",2,4,2,4,1,5
"2860",2,3,3,3,3,3
"2861",4,2,3,3,4,1
"2862",4,1,4,3,2,3
"2863",1,1,3,2,4,2
"2864",4,5,4,4,4,5
"2865",2,5,3,2,3,2
"2866",4,4,2,3,3,3
"2867",4,4,3,4,4,3
"2868",5,3,2,2,3,3
"2869",4,3,3,3,3,3
"2870",4,5,4,4,3,2
"2871",2,2,4,2,2,4
"2872",2,2,2,4,2,5
"2873",1,3,3,3,2,3
"2874",4,1,4,2,3,2
"2875",4,2,2,2,2,2
"2876",6,3,5,3,4,3
"2878",2,6,1,3,3,3
"2879",5,3,5,3,6,4
"2881",1,3,1,4,2,5
"2884",4,4,5,4,5,3
"2887",3,3,3,4,4,2
"2888",4,4,5,4,4,3
"2889",1,5,1,1,2,3
"2891",3,3,2,4,4,3
"2892",4,3,4,2,1,4
"2893",4,1,3,1,4,2
"2894",3,5,3,3,3,3
"2895",4,3,4,4,4,3
"2897",4,4,3,4,4,3
"2898",3,4,2,4,2,1
"2899",3,1,3,3,4,1
"2901",5,3,3,1,3,1
"2902",2,3,1,2,3,2
"2903",2,1,2,2,1,2
"2904",4,3,4,1,4,2
"2905",3,5,2,3,4,2
"2907",4,1,5,2,4,3
"2908",1,6,3,3,4,3
"2909",4,2,2,1,3,1
"2910",2,2,1,2,4,3
"2911",3,4,4,3,2,3
"2912",4,1,2,2,4,2
"2916",4,4,4,2,4,3
"2917",1,4,1,4,1,3
"2918",4,4,3,5,2,5
"2919",5,5,4,4,3,1
"2920",3,3,2,3,1,3
"2921",1,2,2,2,1,4
"2922",4,4,4,3,4,4
"2924",2,3,2,3,3,3
"2926",4,2,4,4,2,3
"2927",2,1,1,1,1,2
"2928",4,3,2,3,2,4
"2929",4,4,1,3,1,3
"2930",3,3,3,3,3,4
"2931",4,3,2,4,3,3
"2932",5,4,5,4,5,4
"2933",4,3,5,2,2,4
"2934",2,3,3,3,3,2
"2935",4,4,4,3,3,3
"2936",2,3,1,4,3,3
"2937",2,4,3,3,3,5
"2938",5,3,4,2,4,3
"2939",6,4,5,5,3,4
"2940",3,3,2,4,3,3
"2941",2,3,2,1,1,3
"2942",4,4,3,3,4,4
"2943",4,2,3,4,3,3
"2944",3,3,1,3,3,5
"2945",4,3,3,4,4,4
"2946",3,3,4,3,3,4
"2947",3,3,3,3,3,4
"2948",5,3,3,2,3,2
"2949",1,1,3,2,3,3
"2950",3,4,4,2,4,4
"2951",3,3,3,3,3,3
"2952",4,1,5,3,4,3
"2953",3,5,1,3,1,2
"2954",3,4,4,3,2,4
"2955",2,3,3,3,2,2
"2958",5,2,5,3,4,4
"2959",3,4,4,3,3,3
"2960",2,4,3,3,3,3
"2961",2,1,2,2,4,3
"2962",5,4,4,4,5,5
"2965",4,4,3,4,2,3
"2966",4,3,3,4,3,4
"2967",4,5,4,4,5,4
"2968",3,3,3,4,4,4
"2969",4,4,3,5,3,4
"2971",2,3,3,4,2,4
"2972",2,4,2,3,4,3
"2973",5,5,4,5,4,4
"2974",4,3,4,4,3,3
"2975",3,2,4,3,3,1
"2976",2,1,4,2,4,1
"2977",1,1,5,4,3,5
"2978",1,3,2,2,2,5
"2979",5,4,3,3,3,4
"2981",2,3,2,3,2,4
"2982",2,3,3,2,2,3
"2984",3,2,2,3,1,3
"2985",5,4,5,4,4,4
"2986",3,1,4,2,5,3
"2988",1,4,1,4,2,3
"2989",4,4,3,3,4,4
"2990",3,3,3,3,3,3
"2991",4,5,2,3,3,3
"2993",6,1,2,2,3,1
"2994",3,3,2,3,4,2
"2995",4,2,3,3,5,3
"2997",3,4,4,4,3,4
"3001",3,4,2,2,4,2
"3003",2,3,4,3,3,2
"3006",3,3,5,3,4,3
"3007",4,3,3,2,2,4
"3008",3,3,4,4,4,4
"3010",2,2,2,3,3,2
"3011",3,2,5,2,4,3
"3012",3,4,4,4,3,3
"3013",3,4,2,3,2,2
"3015",4,3,2,2,2,2
"3016",3,3,3,1,3,2
"3017",2,4,1,2,1,1
"3018",3,3,3,3,3,3
"3019",3,5,3,2,4,3
"3021",5,1,3,1,4,1
"3022",5,4,5,4,5,4
"3023",2,4,3,5,3,2
"3024",2,2,3,3,2,3
"3025",2,4,2,2,2,1
"3026",3,3,1,2,2,4
"3027",3,4,2,3,2,4
"3028",2,4,3,2,4,3
"3029",2,2,3,3,3,2
"3031",2,1,3,2,1,2
"3032",5,2,4,2,4,4
"3033",3,5,3,5,3,3
"3034",2,1,3,4,4,2
"3035",4,1,2,1,1,2
"3036",4,3,4,2,5,2
"3037",3,2,1,1,2,3
"3038",1,2,3,2,4,1
"3040",4,4,4,3,4,2
"3043",1,3,1,1,2,1
"3044",4,3,3,4,3,3
"3046",3,4,3,2,1,4
"3049",4,3,3,2,2,3
"3050",3,4,2,1,1,1
"3052",3,1,3,2,2,3
"3053",4,4,2,4,2,4
"3054",1,4,5,3,4,3
"3055",5,5,4,4,4,4
"3056",2,4,2,2,2,2
"3058",4,2,3,3,4,3
"3060",2,3,3,4,4,4
"3061",2,3,3,4,3,2
"3062",4,5,3,4,4,2
"3063",2,2,5,3,4,3
"3064",2,3,2,3,4,3
"3065",4,3,2,2,2,4
"3066",4,2,3,3,4,3
"3067",3,4,4,3,3,4
"3070",1,3,3,4,5,3
"3071",1,3,1,2,3,2
"3072",3,3,2,3,3,3
"3074",4,2,4,2,5,4
"3075",3,2,3,4,3,5
"3076",3,2,4,2,4,3
"3077",3,2,5,1,1,1
"3079",5,3,3,1,1,2
"3080",2,1,2,2,2,3
"3081",4,4,3,2,3,4
"3082",2,2,4,2,3,3
"3084",1,4,2,1,1,2
"3086",3,2,3,2,3,3
"3089",3,2,2,3,3,3
"3090",2,2,2,1,3,2
"3092",2,2,4,1,1,2
"3094",2,3,1,2,4,2
"3095",3,3,2,4,4,3
"3096",4,3,3,3,3,2
"3097",2,3,3,2,2,3
"3101",1,4,1,3,1,3
"3102",3,3,3,2,2,4
"3103",4,4,2,3,2,2
"3104",2,3,3,1,2,3
"3105",1,2,1,2,4,2
"3107",2,5,3,3,2,3
"3108",4,4,1,1,3,1
"3109",3,2,6,2,2,3
"3111",5,4,2,2,3,2
"3112",3,4,2,2,4,3
"3114",4,3,2,4,3,3
"3116",5,1,3,1,3,2
"3119",1,3,2,3,2,4
"3120",2,2,1,2,2,1
"3121",2,2,3,2,2,3
"3122",3,2,3,2,5,3
"3123",3,4,1,4,1,3
"3124",1,4,2,2,2,4
"3126",3,4,2,4,2,4
"3127",3,1,3,3,1,1
"3128",4,4,4,5,4,5
"3129",2,3,2,2,1,1
"3133",4,5,3,2,5,2
"3135",3,4,3,3,3,2
"3137",3,3,2,4,3,1
"3138",2,3,2,2,4,1
"3139",3,3,4,4,2,3
"3140",4,1,3,2,1,3
"3142",4,3,3,3,1,2
"3143",2,4,1,3,2,4
"3145",3,2,3,1,3,2
"3148",1,3,3,2,2,4
"3149",3,1,3,1,3,2
"3150",3,4,4,4,2,4
"3151",2,2,3,2,2,3
"3152",1,2,1,4,1,2
"3153",3,3,2,2,3,2
"3154",2,2,2,2,1,3
"3155",1,2,3,1,1,3
"3156",2,2,2,3,1,4
"3157",1,2,3,2,1,3
"3158",4,4,5,4,4,3
"3160",3,1,3,1,5,1
"3161",4,3,2,5,2,2
"3162",2,3,2,2,1,3
"3163",2,2,3,1,3,2
"3164",2,3,2,3,4,3
"3165",3,2,2,3,4,1
"3166",3,2,3,4,3,3
"3168",3,1,4,3,1,4
"3169",4,2,3,1,2,2
"3170",2,1,3,2,3,1
"3172",4,3,4,3,4,4
"3174",3,4,2,3,1,1
"3175",3,3,3,3,3,2
"3179",3,3,2,3,2,3
"3181",3,3,3,3,4,4
"3183",4,1,3,1,4,2
"3184",1,4,2,2,1,3
"3185",4,2,5,2,4,1
"3186",3,2,2,2,2,2
"3187",5,5,4,3,4,4
"3188",1,3,2,2,3,2
"3189",1,3,2,2,2,1
"3190",5,2,3,3,5,3
"3191",1,2,4,1,4,3
"3193",1,3,1,2,1,3
"3194",2,1,2,1,3,1
"3195",2,3,3,2,1,4
"3196",4,2,3,2,5,2
"3202",3,2,3,3,4,2
"3204",2,2,3,1,2,3
"3205",2,3,3,3,2,2
"3207",1,2,3,2,2,3
"3208",3,3,2,1,2,2
"3210",3,3,1,2,2,2
"3212",1,2,3,3,1,2
"3214",4,3,3,2,3,3
"3215",2,4,2,2,3,1
"3216",2,1,3,1,1,3
"3217",3,2,1,1,2,2
"3218",2,3,3,3,2,3
"3219",2,2,2,2,3,2
"3220",3,2,2,3,1,2
"3221",3,2,4,2,4,1
"3223",1,3,4,2,2,2
"3224",2,4,3,3,2,3
"3226",3,4,1,1,1,2
"3228",5,2,3,3,2,3
"3229",1,4,2,4,3,4
"3230",2,3,2,3,3,3
"3231",3,3,4,3,2,5
"3232",1,2,4,2,4,2
"3233",3,3,4,3,2,3
"3234",1,2,2,3,2,3
"3235",2,1,1,5,2,3
"3236",3,2,2,2,1,1
"3237",3,3,2,1,1,2
"3239",3,3,2,2,2,3
"3240",2,1,1,2,1,3
"3241",1,3,1,2,2,2
"3242",4,2,3,3,2,3
"3243",3,2,2,2,4,1
"3244",1,4,1,2,3,4
"3245",2,2,3,3,1,1
"3246",2,2,1,3,3,3
"3247",1,2,4,4,4,4
"3249",2,3,3,3,3,2
"3252",1,3,4,3,2,3
"3253",4,2,1,3,2,2
"3256",3,3,2,2,4,1
"3261",3,3,1,1,3,2
"3264",2,5,3,3,1,1
"3265",4,4,5,4,4,4
"3266",4,2,3,2,3,2
"3267",2,2,3,3,1,3
"3269",4,3,3,2,3,2
"3270",2,2,3,2,2,1
"3272",3,2,4,2,2,2
"3273",2,2,3,1,1,2
"3274",4,2,3,1,4,4
"3275",2,2,2,2,1,3
"3276",2,2,1,2,3,2
"3277",4,3,5,4,3,3
"3278",3,2,1,3,1,2
"3279",3,4,1,3,1,1
"3280",3,4,2,2,2,2
"3281",3,3,4,2,3,3
"3282",3,4,3,1,3,3
"3283",2,3,4,2,4,4
"3284",3,1,3,2,4,3
"3287",2,3,3,2,3,3
"3290",3,3,2,2,1,2
"3292",4,2,3,3,3,3
"3295",3,2,1,2,2,3
"3296",3,2,2,2,2,1
"3297",4,3,2,2,2,3
"3299",1,2,2,2,4,2
"3300",1,2,2,2,1,3
"3301",2,2,4,3,3,3
"3302",2,5,2,3,1,2
"3303",3,2,3,4,3,4
"3305",3,3,3,3,3,3
"3307",2,1,2,2,4,1
"3308",2,2,1,1,1,2
"3309",3,1,3,2,3,2
"3310",2,3,4,3,3,3
"3312",5,2,3,1,4,1
"3313",3,2,3,3,3,2
"3314",3,3,1,2,3,2
"3315",3,3,4,3,2,4
"3316",3,4,1,2,3,3
"3318",1,3,1,3,4,3
"3319",2,3,1,3,2,4
"3322",3,1,3,1,1,1
"3323",2,2,3,1,2,1
"3324",4,2,2,2,4,2
"3327",2,3,4,4,4,3
"3328",4,1,3,1,2,1
"3330",3,2,1,1,1,3
"3331",3,4,2,2,3,1
"3332",2,1,2,2,2,2
"3334",2,3,2,2,3,2
"3335",3,1,3,2,3,2
"3338",4,2,2,1,3,3
"3343",2,3,1,3,2,3
"3344",4,3,4,3,4,3
"3345",2,2,2,3,1,1
"3346",3,3,3,3,3,3
"3349",3,2,2,2,2,2
"3351",3,3,4,3,3,3
"3352",2,1,2,2,3,2
"3353",1,1,2,4,3,1
"3356",4,3,2,3,2,2
"3357",2,3,1,3,2,4
"3359",2,1,2,1,3,1
"3360",3,3,3,3,3,2
"3361",2,3,1,2,2,2
"3362",2,3,3,2,3,2
"3367",3,2,4,3,3,2
"3368",4,4,3,3,2,2
"3370",4,2,3,1,3,2
"3371",3,3,1,2,1,1
"3372",4,3,3,4,4,3
"3373",2,2,1,3,1,3
"3374",4,4,3,5,4,4
"3375",3,4,3,4,3,3
"3376",2,2,2,2,3,2
"3379",1,1,3,2,3,4
"3382",2,3,3,4,4,3
"3383",2,1,4,2,3,1
"3384",4,2,1,2,2,2
"3385",1,2,3,3,2,3
"3387",3,3,2,4,3,2
"3390",2,1,3,3,1,2
"3391",2,2,1,1,2,2
"3393",1,2,3,2,3,2
"3394",1,3,1,4,2,1
"3395",2,2,2,2,2,2
"3397",1,3,1,2,1,2
"3398",2,4,1,1,1,2
"3399",2,2,4,1,3,1
"3400",3,2,4,2,3,2
"3401",3,1,3,1,3,3
"3402",3,2,3,1,3,2
"3403",4,1,4,2,1,1
"3404",3,1,3,4,1,3
"3406",2,3,2,3,2,2
"3407",3,2,2,2,1,3
"3409",2,2,1,2,3,1
"3410",3,4,3,3,2,3
"3411",1,2,1,3,1,3
"3415",3,3,4,4,4,2
"3416",2,2,3,2,2,2
"3418",2,2,2,1,1,2
"3419",2,2,1,4,3,3
"3420",4,3,1,3,2,2
"3421",1,2,2,1,3,2
"3422",1,3,2,2,2,3
"3423",3,4,2,2,3,3
"3424",2,3,3,2,3,3
"3425",1,3,3,2,3,3
"3426",4,5,3,4,3,5
"3427",2,2,3,3,2,3
"3428",3,3,4,3,4,3
"3429",2,3,2,2,1,3
"3431",2,2,4,3,3,2
"3433",4,1,2,1,1,1
"3435",3,2,4,1,4,3
"3436",2,3,2,3,2,4
"3440",1,4,2,3,2,2
"3442",3,3,5,3,3,3
"3445",3,1,3,1,4,1
"3446",2,4,2,2,1,1
"3447",2,3,3,3,2,2
"3448",3,2,2,3,1,1
"3449",4,3,2,2,2,3
"3450",3,1,2,1,3,1
"3451",3,2,3,3,3,2
"3457",2,1,3,2,4,3
"3459",4,1,4,2,2,2
"3460",3,2,3,2,1,1
"3461",2,2,3,3,4,4
"3462",3,3,3,4,3,3
"3463",1,2,2,2,2,3
"3464",2,2,3,2,2,2
"3467",3,3,2,3,3,3
"3470",2,2,1,1,4,2
"3474",3,2,2,2,2,2
"3475",3,4,1,1,1,2
"3477",3,2,3,2,3,2
"3478",2,2,1,3,2,1
"3480",2,2,4,3,3,2
"3485",2,2,3,1,2,3
"3489",4,2,3,3,2,1
"3492",3,2,1,3,1,3
"3494",3,4,3,4,3,3
"3497",3,3,3,2,1,3
"3498",3,2,3,3,2,4
"3501",3,1,3,1,3,1
"3503",2,1,3,2,2,1
"3504",2,4,1,2,1,2
"3505",2,2,3,1,3,1
"3506",2,2,2,3,2,2
"3508",4,3,3,2,3,3
"3509",3,3,2,3,2,2
"3510",2,3,3,3,2,3
"3516",1,2,1,3,1,4
"3522",1,2,1,1,2,2
"3523",2,3,2,3,3,3
"3524",3,1,3,1,3,2
"3525",3,3,2,2,3,1
"3526",1,3,2,3,1,2
"3527",1,3,2,1,3,1
"3528",3,3,2,1,2,2
"3529",2,3,2,1,2,2
"3530",1,2,3,1,2,4
"3531",3,2,2,2,2,2
"3532",2,3,1,2,1,2
"3534",2,2,2,2,2,1
"3540",1,2,3,2,1,3
"3545",4,3,3,4,2,2
"3546",1,1,3,1,3,1
"3549",3,1,3,3,3,2
"3550",2,3,2,2,1,1
"3552",3,2,2,2,2,3
"3553",3,2,3,2,4,3
"3554",3,2,2,4,2,3
"3555",2,3,2,2,2,2
"3560",2,2,2,3,2,3
"3561",3,3,4,3,4,3
"3563",3,2,5,2,2,2
"3567",2,2,3,1,3,3
"3569",3,2,4,2,3,3
"3571",3,3,2,1,4,1
"3573",1,2,1,1,1,3
"3575",2,1,3,1,3,2
"3576",2,2,2,2,1,2
"3578",4,2,2,1,3,2
"3579",2,2,3,2,3,2
"3582",2,2,2,2,2,2
"3583",3,3,1,2,1,1
"3584",4,3,1,4,3,3
"3585",1,1,2,2,1,1
"3588",3,3,1,2,2,2
"3590",1,2,2,2,1,1
"3594",1,2,2,2,1,3
"3598",3,3,2,3,3,3
"3599",1,1,2,2,2,1
"3603",1,1,2,3,1,2
"3609",2,2,2,2,1,3
"3611",3,3,3,3,3,3
"3612",3,3,1,3,2,2
"3613",1,2,2,1,1,3
"3614",3,2,1,1,1,1
"3615",2,3,2,3,1,3
"3621",3,2,1,1,2,2
"3623",3,2,2,3,1,4
"3624",2,2,2,2,1,3
"3629",2,3,2,3,2,3
"3630",3,1,2,1,1,2
"3631",2,3,3,1,1,1
"3633",2,2,1,1,1,2
"3639",3,2,2,2,3,2
"3643",3,3,3,2,3,3
"3645",2,3,1,2,2,2
"3647",4,2,2,1,3,3
"3649",2,2,3,1,3,2
"3652",2,1,3,1,1,1
"3655",2,2,1,1,2,2
"3656",1,2,1,3,1,2
"3657",1,1,2,3,1,3
"3658",2,2,2,1,2,3
"3659",2,2,2,2,2,3
"3661",3,3,3,3,1,2
"3662",2,2,1,2,2,2
"3663",2,2,3,3,2,2
"3664",3,3,2,2,2,3
"3667",3,2,3,2,1,1
"3669",2,1,1,2,1,1
"3670",3,3,3,3,3,2
"3672",2,2,1,1,3,1
"3674",2,3,1,1,1,2
"3675",1,2,2,3,2,4
"3677",3,2,3,3,1,2
"3678",2,2,1,2,1,2
"3680",2,2,3,1,2,1
"3682",2,2,2,1,1,2
"3683",2,1,2,1,2,1
"3684",2,3,2,2,1,2
"3686",3,2,3,2,1,4
"3687",3,3,3,3,3,3
"3690",2,1,2,2,3,1
"3691",3,3,1,4,4,2
"3698",2,3,2,1,1,2
"3699",2,1,2,2,2,3
"3700",3,1,3,1,4,1
"3701",2,2,1,2,2,2
"3702",4,3,2,2,3,1
"3708",2,1,3,2,2,2
"3714",2,1,2,1,3,1
"3716",1,3,2,1,1,4
"3718",3,3,3,3,2,3
"3721",2,1,3,2,1,2
"3723",3,3,1,2,1,1
"3724",2,2,2,3,1,2
"3725",1,2,2,3,1,3
"3729",2,1,2,1,1,2
"3742",1,2,2,2,2,2
"3744",1,2,3,1,2,2
"3747",1,2,1,2,3,2
"3748",4,2,2,3,3,3
"3751",2,2,1,3,3,2
"3753",1,2,1,1,2,3
"3754",3,3,2,2,2,2
"3755",3,2,3,2,2,2
"3756",2,1,3,2,2,2
"3757",1,2,1,2,2,1
"3759",3,2,3,2,3,3
"3760",1,2,1,3,3,2
"3765",1,3,2,2,1,1
"3766",2,2,3,2,2,2
"3767",1,3,1,3,1,1
"3769",3,2,2,2,2,2
"3773",2,2,2,1,2,2
"3776",3,2,2,2,2,3
"3777",3,2,4,1,3,1
"3782",1,2,3,1,1,3
"3787",2,2,2,2,3,2
"3790",2,2,2,2,4,2
"3792",3,2,2,2,1,1
"3797",2,3,2,2,2,3
"3799",2,2,3,1,1,1
"3800",3,2,1,1,2,2
"3801",1,2,2,3,1,2
"3802",2,2,3,1,3,3
"3805",2,2,2,2,2,1
"3806",2,3,2,1,1,1
"3809",2,2,2,2,2,2
"3815",1,1,2,1,3,2
"3821",2,1,2,2,1,2
"3822",3,3,3,3,3,3
"3823",3,2,3,3,2,2
"3824",1,2,1,1,2,3
"3827",2,1,2,2,3,1
"3828",1,1,3,1,3,2
"3829",1,2,1,3,1,3
"3833",1,1,2,3,2,2
"3834",3,3,3,3,3,3
"3835",2,2,2,3,2,2
"3837",1,2,3,1,3,1
"3838",3,3,2,2,2,2
"3839",2,3,1,2,3,2
"3840",2,1,1,2,2,1
"3841",2,3,2,3,3,2
"3844",1,2,1,2,1,2
"3848",2,1,3,1,2,1
"3849",3,2,2,1,2,1
"3858",2,3,3,2,2,2
"3859",1,2,1,2,2,3
"3865",3,2,2,1,2,1
"3868",2,2,2,2,3,1
"3870",1,1,3,1,3,2
"3871",2,3,3,3,3,1
"3878",3,3,3,2,3,3
"3879",2,2,2,2,1,3
"3883",3,2,2,2,2,1
"3884",2,2,2,2,1,2
"3885",1,1,2,2,1,2
"3887",1,4,1,2,1,1
"3891",2,1,2,1,2,3
"3892",1,2,2,3,2,3
"3893",3,2,3,2,2,1
"3894",3,3,3,2,3,3
"3896",2,3,1,1,1,1
"3897",2,3,3,3,3,2
"3901",3,2,3,3,3,3
"3903",2,2,1,2,1,2
"3906",2,2,1,2,2,2
"3907",2,2,1,1,1,3
"3908",3,3,1,2,3,2
"3911",3,3,2,4,2,1
"3913",2,2,2,1,2,1
"3918",1,3,1,2,3,3
"3920",2,2,2,2,2,2
"3921",1,1,1,1,3,2
"3923",2,1,2,2,1,2
"3925",1,2,3,1,1,2
"3930",3,3,1,2,1,2
"3932",3,3,3,2,3,2
"3933",1,2,1,2,1,3
"3934",2,2,3,3,3,2
"3936",1,2,1,3,1,2
"3937",2,1,1,3,2,2
"3945",1,2,1,2,1,2
"3947",3,2,2,3,3,3
"3950",1,1,1,1,2,1
"3952",1,2,1,1,1,1
"3953",3,2,2,2,2,2
"3958",1,3,1,1,1,1
"3959",2,3,1,2,2,2
"3961",2,3,1,2,2,2
"3963",1,2,2,2,1,1
"3964",2,3,2,1,2,2
"3967",2,1,3,1,1,1
"3970",1,3,1,1,2,2
"3973",2,1,3,2,2,3
"3985",2,1,2,1,2,3
"3989",2,2,3,2,2,3
"3990",1,2,2,2,2,1
"3992",1,2,1,1,1,2
"3993",3,1,2,2,2,1
"3995",2,2,2,2,2,1
"3996",2,2,3,2,3,3
"3997",1,3,1,2,1,3
"4004",2,1,2,2,2,1
"4007",2,1,2,1,1,1
"4008",2,2,2,2,2,3
"4009",2,2,2,1,2,2
"4012",1,1,2,1,1,3
"4017",2,2,2,2,2,2
"4018",2,2,2,2,2,2
"4021",2,2,3,1,1,2
"4022",2,1,3,1,3,1
"4025",2,2,2,3,1,2
"4028",3,1,1,1,1,1
"4029",2,2,2,2,1,1
"4039",2,3,2,1,1,2
"4042",2,3,2,2,2,2
"4045",2,1,2,2,2,2
"4047",1,1,1,2,1,2
"4050",2,2,3,2,1,2
"4059",1,3,1,2,2,2
"4061",3,1,1,2,2,1
"4064",2,2,1,1,2,1
"4066",2,2,2,1,2,2
"4068",1,2,2,1,1,2
"4070",1,1,1,3,1,1
"4072",1,3,2,2,1,2
"4080",1,1,1,2,1,2
"4087",3,2,2,2,2,2
"4089",1,2,2,2,2,1
"4096",2,2,1,2,3,2
"4101",2,2,1,2,1,2
"4108",2,2,1,2,1,1
"4113",1,1,2,2,1,2
"4117",2,2,2,3,3,2
"4119",2,2,3,3,2,3
"4121",2,1,3,2,2,2
"4124",1,2,1,2,1,2
"4133",2,2,2,2,1,1
"4145",2,1,2,1,1,1
"4146",1,1,1,1,1,2
"4148",2,1,2,2,2,1
"4158",2,1,1,2,1,1
"4160",1,1,2,1,2,2
"4165",2,2,1,1,1,1
"4167",2,3,1,1,2,1
"4168",1,1,1,1,3,2
"4169",1,2,1,2,1,1
"4170",2,3,1,1,1,1
"4176",3,2,2,2,1,1
"4177",2,2,2,1,2,2
"4178",2,2,2,2,1,1
"4183",2,1,1,2,1,1
"4184",1,2,2,1,2,2
"4190",2,1,1,3,1,1
"4199",2,1,2,2,1,2
"4207",3,3,2,1,1,2
"4213",2,1,2,2,2,2
"4215",1,1,1,1,1,3
"4224",1,3,1,1,2,1
"4234",2,1,1,1,1,1
"4238",2,1,1,1,1,2
"4239",1,1,1,1,1,2
"4253",2,2,2,1,1,1
"4262",1,2,1,1,1,1
"4264",1,1,2,1,1,1
"4266",2,1,1,1,2,1
"4268",1,1,2,1,2,1
"4270",2,2,2,2,2,2
"4275",1,1,1,2,1,2
"4278",2,1,1,1,1,1
"4285",2,1,1,3,1,1
"4286",2,1,1,2,2,2
"4290",2,1,1,1,2,1
"4292",2,1,1,1,1,1
"4294",1,1,2,1,1,2
"4298",2,1,2,1,2,1
"4299",1,1,2,2,2,1
"4301",2,1,2,1,2,1
"4302",1,1,1,2,1,2
"4305",1,3,1,2,2,1
"4307",2,2,2,2,2,2
"4310",3,1,1,2,2,1
"4317",2,2,2,2,1,1
"4318",1,2,1,2,2,2
"4319",1,2,1,1,2,2
"4321",1,2,1,1,2,1
"4327",1,2,1,2,2,1
"4328",2,1,2,1,1,2
"4330",2,2,1,2,2,2
"4333",3,1,1,1,1,1
"4335",1,1,1,2,1,2
"4339",1,2,1,1,1,1
"4340",1,1,1,1,1,2
"4341",1,1,1,2,2,1
"4343",2,2,1,1,2,1
"4346",2,2,1,2,2,1
"4349",1,1,1,1,1,2
"4350",1,1,1,1,1,2
"4356",1,2,2,2,2,2
"4357",1,1,2,1,2,1
"4358",1,2,2,1,2,2
"4362",2,3,2,3,1,1
"4364",2,2,2,1,2,2
"4366",1,2,1,2,2,2
"4370",2,2,2,1,2,1
"4375",2,1,1,2,1,1
"4380",1,2,2,2,1,1
"4384",1,1,2,1,1,1
"4389",1,2,1,1,1,2
"4391",1,2,2,1,1,2
"4392",1,1,2,1,1,1
"4410",2,1,2,2,2,2
"4412",2,2,1,1,1,1
"4416",2,2,2,2,1,2
"4417",1,1,2,1,1,1
"4421",2,1,2,1,2,1
"4423",2,1,1,1,2,1
"4424",2,1,2,1,2,1
"4428",1,1,1,1,1,2
"4434",2,2,1,2,1,2
"4448",1,2,1,1,2,2
"4453",1,1,2,1,2,1
"4462",1,1,1,1,2,1
"4468",2,2,2,1,2,2
"4474",1,2,2,1,1,1
"4488",2,1,1,2,2,1
"4494",2,2,1,2,1,1
"4495",1,1,2,2,1,1
"4497",1,1,2,1,1,2
"4499",1,1,2,2,1,1
"4509",1,1,1,2,1,1
"4516",1,1,1,1,1,2
"4518",2,1,1,1,1,1
"4521",1,1,2,1,1,1
"4526",1,1,2,2,1,1
"4527",2,2,2,2,2,2
"4537",2,2,2,2,2,2
"4559",2,2,2,2,2,2
"4563",1,1,1,1,2,2
"4575",1,2,1,2,2,1
"4600",2,2,2,2,2,2
"4601",1,2,1,1,1,1
"4602",1,1,2,1,2,1
"4605",1,1,2,1,1,1
"4611",1,1,1,2,1,2
"4613",2,2,1,2,1,1
"4616",1,2,1,1,1,1
"4620",2,1,1,1,1,1
"4625",2,1,1,1,1,1
"4634",2,1,1,1,1,1
"4641",1,1,1,1,2,1
"4645",1,1,1,1,1,1
"4649",1,2,2,2,1,1
"4654",1,2,1,2,2,2
"4655",2,1,1,1,1,1
"4674",1,1,1,1,1,1
"4679",1,2,1,1,1,1
"4706",1,2,1,2,1,2
"4722",2,2,2,2,2,2
"4753",1,1,1,1,1,2
"4755",1,1,1,1,1,1
"4806",2,2,2,2,2,1
"4835",1,1,2,1,1,1
"4855",1,1,2,1,1,1
"4875",2,1,1,1,1,1
"4876",1,1,2,2,1,2
"4884",1,1,1,2,1,1
"4891",1,1,2,1,1,1
"4898",1,1,1,2,1,1
"4909",2,1,1,1,1,2
